app_id,recommendationid,language,review,voted_up,votes_up,votes_funny,weighted_vote_score,comment_count,steam_purchase,received_for_free,written_during_early_access,timestamp_created
730,234359556,koreana,"이 게임을 하고 나서 내 자존감이 높아졌다
인성 터진 개쓰레기들을 만나면서 와 나 정도면 괜찮은 사람이구나 라는 것을 느꼈다",True,165,45,0.93922656774520874,0,True,False,False,1788421673
730,233465782,english,"I thought CS2 was supposed to be a tactical FPS, but it turns out it’s actually a premier spectator sport for watching people spin like Beyblades at Mach 5 while headshotting my entire team through three solid brick walls. Valve’s anti-cheat feels less like a security system and more like a polite ""Please Don't Cheat"" sticky note attached to the servers. At this point, I’m not even mad at the guy jumping across the map with a sniper rifle while looking directly at the floor—I’m just impressed by his dedication to turning a competitive shooter into a single-player god-mode simulator.

Rating: 10/10, would get wallbanged from another lobby again.",False,257,47,0.869748830795288086,13,True,False,False,1787441343
730,233719675,schinese,"我爱这个游戏，100%，但很多时候爱不能支撑着我们走下去。
诚然，我才玩了一千多个小时，对于这个游戏，我只是刚刚入门，说支撑不下去也许为时过早。但我们何尝不能管中窥豹，起码我是24年初开始玩的，那个时候这个游戏远远没有现在恶心，那对于现在刚刚开始玩的新玩家，什么可以支撑着他们玩下去？难道是一次又一次无关痛痒的更新？（甚至这些更新make it worse）
当然，老生常谈，狗屎一样的反作弊是驱动我写这篇评测的主要原因，但是你做不好反作弊，我也理解，毕竟那些扫盘游戏都禁止不了反作弊，更何况你呢，对吧？
但是信任成为了一个巨大的问题，我还记得在很久之前，发公告说vac更新了，当时的社区里也一片欣欣向荣，大家说死斗脚本变少了，闲下来之后我立马兴致勃勃的开了一把死斗，但没有，脚本机器人还是很多，true，也许你是封禁了一批脚本机器人，但是很快就有一批新的，当时的死斗环境就好了一个上午也许
you know why，武库通行证让一个优先账号的回本速度变得空前的快，工作室有利可图，而你也懒得管——他们花钱买了优先账号和武库通行证，你提供服务器，想来那年10月3日我们的群里还在积极讨论武库通行证，甚至人手一张试试水，没有想到此后脚本挂箱机器人变得空前的多
你们似乎尝试做了努力，降低刷经验的速度，可这影响的不只是脚本，还有我们这些正常玩家。我们已经没有很多时间玩游戏了，很多时候聚在一起玩，也都是以周常掉落为借口，但是官匹对局吊诡不堪，胜负根本不取决于我们自己，很多时候赢不了几回合，而我们都疲惫不堪了，只能各自下线，靠打死斗补一些经验
但死斗里都他妈是脚本，甚至有些脚本我都分辨不出来，现在的脚本甚至会打开麦克风，这你他妈敢信？第一次听到有人开着麦克风不说话只有枪声脚步声，我心想f*ck this as*hole，在这干扰人，我甚至会也打开麦克风放音乐，但是后来我发现这些开麦的人居然是脚本。
我无疑是愤怒的，这些脚本已经以假乱真了，而且他们有透视和自瞄，参数有高有低，所以每次我被脚本恶心到了，我就鞭尸，我就打字骂，我知道这些数字生命根本没感觉，但是f*ck，有些参数低的脚本也会锁尸体，也会鞭尸，所以f*ck it，我就鞭
刚才就有一个人，我以为他是脚本，鞭了骂了，但发现他不是，因为他也反击了，我想脚本还做不到这一点，我知道这争吵是由我开启的，所以让我觉得我也是个as*hole
打开商店界面，最有价值的评测几乎全部都是不推荐，而且他们都写得很认真，不存在恶意差评这一说吧，这也让我很感慨，大家都说V社很注重社区，那这些差评V社是看不见吗，还是说其实根本不give a f*ck
V社：我们注重社区的声音 
测谎仪：👎👎👎
我爱这个游戏，所以我应该推荐的，但是如果我今天真的说我推荐这个游戏的话
测谎仪：👎👎👎
so f**k it，f**k you，valve，keep ruining this game

以下是英文机翻，但是没有人give a f*ck，但英文社区是声音很大的一个社区，所以我也想分享一下：
I love this game, 100% — but a lot of the time, love alone can't carry us through.

Sure, I've only put in a little over a thousand hours. For this game, I'm still just a beginner, and maybe it's too early to say I can't go on. But why can't we read the signs from a small sample? At least I started playing in early 2024 — back then, the game was nowhere near as frustrating as it is now. So for new players just picking it up today, what's going to keep them going? A bunch of irrelevant updates that don't even matter? (Updates that, even worse, make it, well, worse.)

Of course, the same old song — the god-awful anti-cheat — is the main reason I'm writing this review. But hey, I get it if you can't get anti-cheat right. After all, even those kernel-level anti-cheat games can't stop cheaters, so why should you be any different, right?

But trust has become a huge issue. I remember a while back, when an announcement said VAC had been updated, the community was buzzing with optimism. Everyone said aimbot scripts in deathmatch had dropped. So as soon as I had some free time, I jumped into a deathmatch game with high hopes. But nope — still plenty of script bots. True, maybe you did ban a wave of them, but new ones popped up just as fast. The deathmatch environment was better for, what, one morning at best?

You know why. The Armory Pass made it insanely fast for a prime account to turn a profit. Farming studios saw dollar signs, and you couldn't be bothered to care — they bought prime accounts and Armory Passes, you provided the servers. I remember back on October 3rd, our group chat was all hyped about the Armory Pass, everyone even bought one to try it out. Little did we know that script-farming bots would explode like never before after that.

You guys seem to have tried — slowing down XP gain. But that doesn't just affect bots; it hits us normal players too. We don't have much time to game anymore. Most of the time when we get together, it's under the excuse of weekly drops. But official matchmaking is an absolute circus. Wins and losses aren't even up to us — half the time we can't string together a few rounds, and we're all just exhausted. We end up logging off one by one, grinding some XP in deathmatch instead.

But deathmatch is f*cking infested with bots. Some of them I can't even tell apart anymore — now they even turn on their mics. Can you f*cking believe that? The first time I heard someone with an open mic, just gunshots and footsteps, no talking, I thought, ""f*ck this as*hole, just here to annoy everyone."" I even turned on my own mic to blast music. But later I realized — those guys with open mics? They were bots.

I'm furious, no question. These bots are practically indistinguishable from real players now. And they have wallhacks and aimbots, with settings ranging from subtle to blatant. So every time I get tilted by a bot, I teabag them, I type insults in chat. I know these digital entities don't feel a thing, but ♥♥♥♥ — some low-setting bots even lock onto dead bodies and teabag back. So ♥♥♥♥ it, I'll teabag anyway.

Just now there was this guy — I thought he was a bot, so I teabagged and flamed him. But turns out he wasn't, because he fired back. I don't think bots can do that yet. I know I started that fight, which makes me feel like an as*hole too.

Open the store page — almost all the most helpful reviews are negative, and they're all written earnestly. No way that's just review-bombing. It really makes me think — everyone says Valve cares about the community. So can Valve not see these negative reviews? Or do they just not give a f*ck?

Valve: ""We value community feedback.""
Lie detector: 👎👎👎

I love this game, so I should recommend it. But if I were to say I recommend this game today —
Lie detector: 👎👎👎

So f*ck it. F*ck you, Valve. Keep ruining this game.",False,112,10,0.862448990345001221,0,True,False,False,1787719974
730,233620085,brazilian,"7.500,00 horas jogadas deve significar algo para realizar uma análise, correto? Vamos lá!

- Sobre o jogo: aquele FPS que atende desde o jogador casual, até o jogador mais empenhado (nerd) que curte ficar bom de verdade e entender mais das mecânicas que o jogo oferece. No começo você vai demorar um bom tempo para aprender o básico do jogo, acredite, essa é a melhor fase, aproveite-a muito bem.
- Minha maior dica para esse jogo? Assim como qualquer um outro, jogue com amigos, priorize a diversão, lembre-se que para a maioria dos jogadores isso é um mero passa tempo, então seja inteligente e passe seu tempo da melhor maneira possível. Caso não tenha amigos que jogam, garanto que vai fazer muita amizade massa, nesses 10 anos de CSGO/CS2, tenho inúmeros amigos que o jogo me proporcionou.

- Gosta de saber o lado ruim/negativo de qualquer jogo, e quer saber qual é o desse aqui? 
Ok, você pediu: em um jogo com tanta tradição, que tem um reinado quase que imbatível competitivamente, você pode (e vai) chegar em um determinado momento, se frustar muito, e perguntar ""como uma organização tão grande quanto a VALVE pode abrir tanto a mão de realmente querer acabar com os cheaters em seu próprio jogo?"", você vai muitas vezes ver que chegou uma grande atualização, esperar que eles tenham atualizado seu anti-cheater e quando abrir o jogo: boooom, mais uma coleção de skins (ao que parece, acabar com cheater não dá dinheiro pra eles infelizmente). 
Caso já tenha escutado (minimamente) sobre o game, deve ter percebido o quanto a comunidade reclama disso (cheaters), e eu posso garantir que na maioria das vezes não é choro (eu sou um player antigo, nas plataformas competitivas sou level máximo em todas, não é qualquer player que eu vou achar que é cheater, mas no modo ranqueado desse jogo, está totalmente infestado, são jogadores que não disfarçam minimamente que estão usando alguma trapaça). 
Quer ter uma ideia? Hoje em dia jogo 99% das vezes em plataformas terceiras (que tenham um anti-cheater próprio) para ter uma garantia maior de que não vou cair contra cheaters (obviamente que no meu caso, também jogo nessas plataformas visando um nível de competitividade maior). Consegue mensurar o quão frustante para um player casual deve ser ter que: comprar seu jogo> descobrir uma plataforma que não é do próprio jogo> baixar o anti-cheater dela> abrir o jogo nessa plataforma> entender como ela funciona, tudo isso para EVITAR CAIR CONTRA CHEATERS, ou melhor, por incompetência da empresa por trás do jogo.

- Conclusão: fora esse ônus (que é bem irritante) dos cheaters, garanto que o bônus compensa bastante toda a experiência, o dia que a desenvolvedora realmente se importar em acabar com os cheaters de verdade, esse jogo não terá mais reclamações.",True,64,3,0.84734797477722168,7,True,False,False,1787603946
730,233663687,turkish,yeter artık ota boka güncelleme getirmeyin her gün 1 gb 2 gb indire indire ssd nin anası sikildi amk hayır hilelere de hala hiçbir şey olmuyor posta kutusunun yerini değiştiriyorlar ne işe yarıyorsunuz siz,False,94,17,0.848443567752838135,1,True,False,False,1787661449
730,233803398,russian,"В CS2 есть три режима игры:

- Против читеров.
- С читерами.
- За читеров.

Иногда все три режима встречаются в одной команде.
Рекомендую.",True,75,21,0.826714515686035156,0,True,False,False,1787817153
730,234377029,russian,"Есть ощущение, что игра поощряет использование читов 
Даже если читер открыто показывает, что у него читы и он просто смеется над этой системой - бана не получит 
Зато ты, обычный чел, можешь улететь в красный траст фактор быстро 
",False,83,1,0.839767813682556152,4,True,False,False,1788444662
730,234086909,english,"cheater's don't even try to hide that they are cheating, top 100 are full of cheaters, they dont get banned, deathmatch is full of bots, what else? ah yea, devs try to profit from the community instead of fixing the bots, cheaters, etc..",False,102,2,0.834723472595214844,13,True,False,False,1788103072
730,233905295,english,"Great game, amazing gunplay, but here is a Brownie recipe.

Ingredients:

- 1 cup melted butter

- 2 cups sugar

- 1 cup cocoa powder

- 4 eggs

- 1 tsp vanilla extract

- 1.5 cups all-purpose flour

Instructions:

1. Preheat your oven to 180 degrees.

2. Mix the melted butter, sugar, and cocoa powder in a bowl.

3. Add the eggs and vanilla, then whisk until smooth.

4. Gently fold in the flour and mix until the batter is smooth.

5. Pour into a greased pan and bake for 25-30 minutes.

Let it cool before serving. Enjoy!",True,976,163,0.80724489688873291,12,True,False,False,1787926248
730,234924603,english,"Yes bro nice game, almost broke my monitor😊😊😊😊😊😊😊😊😊😊😊😊😊😁🙌🙌😃😃😃😃😃",True,76,51,0.785768032073974609,8,True,False,False,1789058855
730,234223237,schinese,675个小时，40500分钟。你明明可以用这些时间去健身房锻炼体魄，可以去和喜欢的女孩子看电影，甚至可以去和兄弟喝个烂醉。可是你没有，你却选择在家里打CS和9个素不相识的路人。一起啊对对对一起对着屏幕傻笑。在这个充满作弊者，装逼犯的垃圾游戏环境，天天被小分带走，让你一度想着“再打这破游戏我他妈就是狗”。然而你每次单人破点，拿下残局1V5的时候，你的肾上腺素就会开始飙升。你更会享受着这属于你自己的时刻。明天你还是会满怀期待的打开这个你曾无数次想卸载，无数次恨透了的游戏。那个时候，你不得不承认，你爱这款游戏。CS已经不仅仅是款游戏这么简单了，他已经成为了你生活里的一部分了,True,46,11,0.77305293083190918,4,True,False,False,1788257290
730,233556944,german,"Deutsch

CS2 hat gutes Gunplay, aber Trust Factor und Ranked sind ein verdammter Witz

CS2 könnte ein richtig guter Shooter sein. Das Gunplay macht Spaß und grundsätzlich spiele ich das Spiel gerne. Aber alles rund um Trust Factor, Matchmaking und Anti Cheat fühlt sich wie eine einzige beschissene Verarsche an.

Ich habe mittlerweile über 1.000 Stunden und mehr als 500 Matches gespielt. Letzte Season hatte ich einen grünen Trust Factor. Mein Kollege hatte dagegen einen roten. Dann hat er sich Skins über eine Drittanbieter Seite gekauft. Plötzlich hatte er einen grünen Trust Factor und ich einen roten. Nachdem er die Skins wieder verkauft hatte, war meiner wieder grün und seiner wieder rot.

Natürlich kann ich nicht beweisen, wie Valve den Trust Factor genau berechnet, weil dieses undurchsichtige Scheißsystem absichtlich niemandem erklärt wird. Aber genau das ist das Problem. Niemand weiß, was wirklich zählt. Streamer und Influencer erzählen, man müsse Geld auf Steam einzahlen oder Skins kaufen, um seinen Trust Factor zu verbessern. Andere behaupten, Käufe bei Drittanbietern würden überhaupt keinen Unterschied machen. Trotzdem passieren solche auffälligen Wechsel. Was soll man von diesem Müll bitte halten?

Der Trust Factor wirkt nicht wie ein seriöses Sicherheitssystem, sondern wie ein manipuliertes Glücksspiel, bei dem niemand die Regeln kennt. Heute spielst du in normalen Lobbys und morgen landest du ohne erkennbaren Grund mit verdächtigen Accounts, Smurfs, Bots und Cheatern zusammen. Transparenz gibt es keine. Eine vernünftige Erklärung von Valve gibt es natürlich auch nicht.

Das Ranked System ist genauso lächerlich. Die Ränge fühlen sich teilweise komplett zufällig an, die Matchqualität schwankt extrem und faire Spiele sind offenbar reine Glückssache. Dazu kommt ein Anti Cheat, das gefühlt nur existiert, damit Valve behaupten kann, dass CS2 überhaupt eines besitzt.

Valve verdient mit Steam, Cases, Skins und Gebühren Milliarden, bekommt es aber trotzdem nicht auf die Reihe, ein vernünftiges Anti Cheat System bereitzustellen. Wie kann es sein, dass eine externe Plattform wie FACEIT weniger Cheater und ein besseres Anti Cheat besitzt als der eigentliche Entwickler des Spiels?

Valve könnte problemlos einen eigenen sicheren Launcher entwickeln oder endlich richtig Geld in ein funktionierendes Anti Cheat investieren. Stattdessen werden weiterhin Cases verkauft, während sich die Spieler durch verseuchte Lobbys quälen dürfen. Hauptsache Valve verdient weiter Geld. Der Zustand des Spiels scheint dabei vollkommen scheißegal zu sein.

Selbst Deathmatch ist inzwischen kaum noch spielbar, weil ständig irgendwelche Accounts automatisiert hochgelevelt oder gebottet werden. Man betritt einen Server und sieht teilweise mehr Bots und Farm Accounts als normale Spieler. Das ist einfach nur peinlich und zeigt, wie wenig Valve sein eigenes Spiel unter Kontrolle hat.

CS2 hat eine starke Grundlage, aber Valve behandelt das Spiel wie einen verdammten Geldautomaten. Hauptsache Skins, Cases und Gebühren bringen weiter Kohle. Ob das Matchmaking fair ist, der Trust Factor nachvollziehbar funktioniert oder die Server voller Cheater und Bots sind, interessiert offenbar keine Sau.

Guter Shooter, aber ein katastrophales System dahinter. Trust Factor und Ranked sind undurchsichtige Scheiße, das Anti Cheat ist eine Lachnummer und Valve melkt die Community weiter, während das eigentliche Spiel immer mehr verrottet.

English

CS2 has great gunplay, but Trust Factor and Ranked are a complete joke

CS2 could be a genuinely great shooter. The gunplay is enjoyable and at its core I actually like the game. Unfortunately, everything surrounding Trust Factor, matchmaking and Anti Cheat feels like one massive pile of ♥♥♥♥♥♥♥♥.

I have played for more than 1,000 hours and over 500 matches. Last season I had a green Trust Factor while my friend had a red one. He then bought skins from a third party marketplace. Suddenly his Trust Factor appeared green while mine became red. After he sold the skins again, mine appeared green and his went back to red.

Obviously, I cannot prove exactly how Valve calculates Trust Factor because this shady and deliberately vague system is never properly explained. That is exactly the problem. Nobody knows what actually affects it. Streamers and influencers claim that depositing money on Steam or buying skins improves your Trust Factor. Other people claim that buying skins from third party websites makes absolutely no difference. Yet suspicious changes like this still happen. What the hell are players supposed to believe?

Trust Factor does not feel like a serious security system. It feels like a manipulated lottery where nobody knows the rules. One day you get normal matches and the next day you are thrown into lobbies full of suspicious accounts, smurfs, bots and cheaters for no obvious reason. There is no transparency and of course Valve does not provide a proper explanation either.

The ranking system is just as pathetic. Ranks often feel completely random, match quality is wildly inconsistent and getting a fair game seems to depend entirely on luck. Then there is the Anti Cheat, which sometimes feels like it only exists so Valve can claim that CS2 technically has one.

Valve makes billions from Steam, cases, skins and marketplace fees, yet somehow cannot provide a competent Anti Cheat system. How the hell does an external platform like FACEIT manage to offer better Anti Cheat and fewer cheaters than the actual developer of the game?

Valve could easily develop its own secure launcher or finally invest serious money into a working Anti Cheat solution. Instead, it keeps selling cases while players are forced to suffer through contaminated matchmaking. As long as Valve keeps making money, the actual condition of the game apparently does not matter.

Even Deathmatch is becoming unplayable because so many accounts are being botted or automatically levelled. You join a server and sometimes see more farming accounts and bots than actual players. It is embarrassing and shows how little control Valve has over its own game.

CS2 has a strong foundation, but Valve treats the game like a damn ATM. As long as skins, cases and fees keep printing money, it apparently does not matter whether matchmaking is fair, Trust Factor makes any sense or the servers are full of cheaters and bots.

Good shooter, absolutely terrible systems behind it. Trust Factor and Ranked are opaque garbage, the Anti Cheat is a joke and Valve keeps milking the community while the actual game slowly rots.
",False,38,1,0.782525718212127686,11,True,False,False,1787531112
730,234645373,english,"DO NOT PLAY THIS GAME - CHEATERS SIMULATOR 2
 At this point, CS2 feels less like a competitive FPS and more like a cheater showcase.
 Every time you try to play seriously, you run into someone blatantly wallhacking, aimbotting, or using some other ♥♥♥♥♥♥♥♥ cheat. And the worst part ? The anti-cheat feels completly useless.
 How is a game this popular still struggling with such a massive cheating problem ? You can report someone, move on, and then meet another obvious cheater in the next match. There is barely any confidence that reports actually lead to anything.
 0/10 anti-cheat. 0/10 trust in matchmaking.
 The gunplay and mechanics are great, but what's the point of having an amazing competitive game if the competitive experience is ruined by cheaters ? 
 Valve seriously needs to wake the ♥♥♥♥ up and fix this.
 Until the cheating problem is properly addressed, CS2 is not a competitive game - it's a coin flip between playing against real players and playing against someone running cheats.",False,35,1,0.781439423561096191,12,True,False,False,1788721972
730,233653678,french,"remplie de cheaters, a chaque game vraiment au moins un cheater, que ce soit en occasionnel ou premier, qu'ils aillent bien se faire mettre, c'est devenue n'importe quoi",False,45,7,0.773285925388336182,2,True,False,False,1787649047
730,233855606,spanish,"No lo recomiendo porque está llena de chiteros fantasmas que se creen dueños del juego, gracias Valve XDDD",False,76,10,0.773442447185516357,0,True,False,False,1787866887
730,233785648,russian,"Проведя в игре 400 часов могу составить свое субьективное мнение!
1) Огромное обилие читеров, читеры почти в каждой катке, они не скрывают что пользуются читами и скидывают на них ссылки, такого количества читеров я не встречал ни в одной игре, хотя имею довольно внушительний игровой опыт. Все те люди что хвастаются своим 3к ило на фейсит в 80% пользуются либо читами либо палят всех на карте через ссылку в браузере, выяснил я это путем знакомств с ""про"" игроками этой замечательной помойки! 
2) Абсолютная нереалестичность поведения оружия, постоянная стрельба от бедра ^_^ и стрельба из глаз к которой я не могу привыкнуть по сегодняшний день, на текуший момент почти все шутеры двигаются в сторону реалистичности а CS так и осталась на уровне динозавров. Уперся оружием в стену? пофиг это же рисунок! У соперника торчит только голова? Не парься стрелять он будет из глаз! Абсолютно бесшумная ходьба? Конечно потому что мы летаем на шифте! В прицел с автомата смотреть не надо, мы помним куда летят пульки))) 
3) Еще хочу сказать по поводу людей что топят за CS из-за большого количества игроков которые играют в эту игру, люди не обманывайтесь цифрами в стиме, 60% это боты которые фармят армори и боксы, даже недавние баны ферм не убрали даже 20% ботоводов. 
В эту игру нельзя играть по серьезке, эта игра только под пиво с друзьями в дань уважение тем временам когда мы ходили в компы и кроме CS шутеров толком и небыло, Да и сейчас это не шутер а запоминания точки на мониторе где зарегает урон(И то не факт)!",False,124,6,0.762693524360656738,15,True,False,False,1787791492
730,234995048,english,"9k Hours in this game

Fundamentally good game brought down by a company that doesn't care about its product.
Valve has turned this once great game into a gambling simulator

-Gamble with cases, overpriced keys and aweful drop rates
-Gamble with matchmaking whether or not you will get matched up against a 5stack or not. Look forward to losing 500 elo per match while gaining 100 with their broken MM system.

Would not recommend anyone spend anymore money supporting a company that clearly doesnt support its playerbase
",False,27,3,0.744484901428222656,11,True,False,False,1789116764
730,234147368,english,"Gambling, hackers, a constant influx of ♥♥♥♥♥♥♥, its ideal",True,493,22,0.745693087577819824,6,True,False,False,1788165943
730,234016783,tchinese,好玩，游戏里每个人都很善良，经常有素不相识的路人免费表演高速旋转，尤其是玩到情深之处，大家嘴上都挂着双方的母亲，问候着祖祖辈辈，我常常因为和这么多传承中华孝道的玩家在一起游玩而骄傲,True,23,14,0.739164769649505615,0,True,False,False,1788032745
730,235393655,turkish,"oyun gerçekten güzel ve oynanışı hala çok keyifli ama hileciler yüzünden oyundan alınan zevk ciddi şekilde düşüyor

neredeyse her maçta şüpheli hareketler yapan oyuncularla karşılaşmak gerçekten sinir bozucu oluyor özellikle saatlerce emek verdiğin bir maçın hile yüzünden mahvolması insanın oyunu kapatası getiriyor

cs2 aslında çok güzel bir oyun ama hile sorunu çözülmeden olması gerektiği kadar keyifli değil
",True,376,0,0.724849224090576172,1,True,False,False,1789562814
730,235458569,spanish,"El mejor juego del mundo. Básicamente te dedicas a fundirte el dinero abriendo cajas para conseguir una pistolita rosa. Así, cuando te revienten los chetos en absolutamente todas las partidas, al menos no te aburres y puedes consolarte inspeccionando esa skin de mierda de 1 céntimo que te acaba de tocar. Una obra maestra, 10/10.",True,19,4,0.720164597034454346,1,True,False,False,1789645321
730,235056622,english,"Do not come back to Counter-Strike. Seriously.

It genuinely hurts to see what has happened to a game that so many of us have loved since childhood.

Counter-Strike used to be about competitive gameplay, skill, teamwork and the satisfaction of getting better. Today, it increasingly feels like the game is being left to rot while the focus is on skins, gambling-adjacent mechanics and finding yet another way to squeeze the last few cents out of the player base.

And the cheating situation is absolutely ridiculous.

Serious competitive gameplay simply does not exist anymore when you constantly have to wonder whether the person killing you is actually playing the game or running some kind of cheat. The fact that a game of this size still has such a laughable anti-cheat situation is beyond disappointing.

Apparently, fixing the actual game isn't quite as profitable as selling another skin.

What makes it even worse is that this isn't some random game nobody cares about. This is Counter-Strike. A game that shaped an entire generation of PC gamers and that many of us have been playing and loving for decades.

Seeing the developers seemingly ignore the problems that actually matter while continuing to monetize the game is honestly just sad.

So if you're thinking about getting back into CS after a few years away: don't.

Save yourself the frustration, the cheaters and the realization that the game you remember isn't really there anymore.

Negative. And genuinely disappointed.",False,26,1,0.708619356155395508,3,True,False,False,1789174276
730,234827319,russian,"Крутая игра для траты жизненного времени, денег и нервов. Всем рекомендую",True,28,9,0.712995946407318115,3,True,False,False,1788943540
730,234236610,schinese,很好的游戏，可惜我没有时间玩，只能断断续续的玩，最终还是没能冲上S段位，玩过很多的FPS游戏，Apex和CS是我最喜欢的，可是接下来或许要去面对学业和生活的压力了，和CS说声再见。Faze up！,True,24,2,0.734806954860687256,2,True,False,False,1788272862
730,235370094,spanish,"me insultaron por mi nacionalidad, sexualidad, color de piel, voz, foto de perfil, skins, nombre, expresiones todo, este juego es un ciclo de depresion eterno del que no puedo escapar
10/10",True,17,4,0.711333096027374268,6,True,False,False,1789525840
730,234836508,turkish,Hayatımda gördüğüm en iyi hile sistemine sahip oyun . Eğer karşıda hile var ise sizede hile veriyor ve adaletli bir maç sistemi oluşturuyor . Kimin hilesi daha iyiyse o kazanıyor . Size sadece izlemek düşüyor.,True,20,14,0.696676433086395264,2,True,False,False,1788956929
730,234573917,spanish,"si juegas mal preparate para ser insultado de la peor manera posible, y si tiras mal una fb o smoke yo que tu silencio a todos",True,18,0,0.69417041540145874,2,True,False,False,1788650011
730,234183045,german,Ist nen sehr nettes spiel mit vielen freundlichen Menschen. Vorallem die Menschen aus dem Osten sind hier sehr einladend. Viele von denen kennen meine Mutter persönlich.,True,15,16,0.695461153984069824,1,True,False,False,1788203050
730,235190717,czech,"❌ Not Recommended

This game feels like it's made more for cheaters than normal players.

Counter-Strike 2 could be a great game, but the amount of cheaters completely ruins the experience. You can spend hours trying to improve, only to lose a match to someone who seems to know exactly where you are every single round.

At some point you just stop having fun and start losing your mind. Instead of enjoying the game, you're constantly wondering if the enemy is actually good or just cheating.

The most frustrating part is that you can play normally, try your best and still end up feeling like you've wasted your time.

You don't lose your rank in CS2. You lose your sanity. 💀

1/10 — would uninstall, then reinstall the next day.",False,12,0,0.684684693813323975,0,True,False,False,1789309405
730,233904309,tchinese,太美啦！他奶奶的雞蛋舅六的哈密瓜妹妹的大窩瓜爺爺的大雞腿嬸嬸的大葡萄媽媽的黃瓜菜爸爸的大麵包三舅姥爺的大李子二嬸的桃子三叔的西瓜七舅姥爺的小荔枝二叔舅姥爺的火龍果姑姑的獼猴桃祖爺爺的車厘子祖姥爺的大菠蘿奶祖奶的大榴蓮二爺的小草莓他三嬸姥大的白菜他哥哥的大麵條妹妹的小油菜弟弟的西葫蘆姐姐的大馬鈴薯姊夫的大青椒爺爺這是蜘蛛吃耳屎，這是龍捲風摧毀停車！烏鴉坐飛機！老鼠走迷宮！大象踢腿！憤怒的章魚！巨斧砍大樹！徹底瘋狂！徹底瘋狂！徹底瘋狂！徹底瘋狂！徹底瘋狂！,False,11,1,0.665557920932769775,2,True,False,False,1787925388
730,234774608,latam,"Asco de juego. Plagado de chiteros y tóxicos, sin nuevas actualizaciones que valgan la pena, gg cs muriendo, una lastima 😥",False,17,0,0.665234029293060303,4,True,False,False,1788877573
730,233590733,english,"After almost 100 hours, the game has a lot of cheaters, toxic players, but i like the game anyway!",True,32,7,0.656670808792114258,0,True,False,False,1787577229
730,234483029,brazilian,"Cheater Strike! Jogo tinha tudo para ser o melhor fps que existe mas foi DOMINADO pelos cheaters, impossível jogar uma partida em paz sem um trapaceiro. às vezes a pessoa tá cansada e quer somente desestressar e sai pior do que entrou. Jogo podre. Iria ficar muito feliz se acabasse de vez essa porcaria! a Valve ODEIA o CS!",False,21,0,0.650435507297515869,3,True,False,False,1788559018
730,233764356,schinese,"1800小时的漫漫长路，从C+连路都不会走， 苦练BOT急停定位，熬过B+、A+😭，终于站上 S分段。 这份金S，一半是练习，一半靠混与阴人，是自己一点点磨出来的结果!😭😭
A long journey of 1800 hours. I started at C+, barely knowing how to move properly.
I grinded on bots practicing counter‑strafing and aim, struggled through B+ and A+ 😭, and finally reached Golden S rank, equivalent to Faceit Level 8‑9.
This golden S is half hard practice, half lurking and opportunistic plays. Every bit of it was earned through slow, steady grinding!😭😭",True,13,2,0.643646121025085449,5,True,False,False,1787769538
730,234366455,portuguese,"Como esta análise n tem nada de interessante, vou ensinar-vos a fazer churros

200g de farinha de trigo sem fermento
250 ml de água
50g de manteiga
1 casquinha de limão
Sal q.b.
3 ovos
Óleo para fritar
Açúcar para polvilhar
Canela para polvilhar
Preparação:
1. Num tacho leve ao lume a água.
Tempere com umas pedrinhas de sal.
Junte a casca de limão e a manteiga.
Deixe ferver.
2. Logo que comece a ferver, retire a casca de limão e adicione a farinha.
Mexa até descolar do tacho.
Coloque a massa numa tigela e deixe arrefecer um pouco.
PRONTO A COMER",True,10,7,0.648519039154052734,0,True,False,False,1788432264
730,234382058,english,the games good but like its full of russians who just swear or guys w no info,False,14,2,0.641304373741149902,0,True,False,False,1788449373
730,235363879,polish,"[h1]CS2, czyli do zobaczenia jutro, chociaż nigdy więcej[/h1]

Counter Strike 2 to wyjątkowe doświadczenie społeczne. Gra, w której wszyscy narzekają na cheaterów, wszyscy mają dość i wszyscy są przekonani, że kiedyś było lepiej. Po czym ktoś na Discordzie pyta „to co, piątego szukamy?” i nagle cała grupa poszkodowanych jest gotowa na kolejne dwie godziny.

[b]Nikt nie poleca. Każdy gra. Każdy zna kogoś, kto skończył z CS-em.[/b]
[i]Ten ktoś właśnie wysłał zaproszenie do lobby.[/i]

[hr][/hr]

[h2]Antycheat, czyli ochrona na poziomie naklejki „obiekt monitorowany”[/h2]

Mam wrażenie, że VAC działa jak światło w lodówce. Niby jest, ale trudno stwierdzić, co robi, kiedy nikt nie patrzy.

Przeciwnik śledzi cię przez ścianę, celuje w głowę jeszcze przed twoim narodzeniem i wychyla dokładnie wtedy, kiedy wyciągasz granat. System patrzy na to z niewzruszonym spokojem urzędnika, któremu za trzy minuty kończy się zmiana.

[b]Werdykt?[/b] Pewnie dobry fotel gamingowy.

Oczywiście nie każdy lepszy gracz oszukuje. Czasem ktoś ma świetny refleks, zna mapę i potrafi strzelać. Potrafię to uszanować. Trochę trudniej uszanować człowieka, który zdobywa informacje o mojej pozycji szybciej niż ja.

[u]Antycheat powinien wzbudzać strach u oszustów. Obecnie wzbudza głównie nadzieję u reszty.[/u]

[strike]Spokojnie, następna aktualizacja na pewno rozwiąże problem.[/strike]
Spokojnie, następna aktualizacja przynajmniej da nam kolejny powód, żeby sprawdzić.

[h3]Najpopularniejsze wyjaśnienia podejrzanych zagrań[/h3]

[list]
[*]Usłyszał cię. Stałeś nieruchomo, ale podobno głośno myślisz.
[*]Ma dobre słuchawki. Najwyraźniej odbierają również obraz.
[*]To smurf. Na głównym koncie prawdopodobnie zarządza ruchem satelitów.
[*]Zna wszystkie kąty. Szczególnie ten, pod którym siedzisz przed monitorem.
[*]Miał info. Jeszcze nie ustalono, z którego ministerstwa.
[/list]

[hr][/hr]

[h2]A potem trafia się ten jeden normalny mecz[/h2]

I nagle wszystko zaczyna mieć sens.

Strzelanie daje ogromną satysfakcję. Czysty headshot z AK potrafi poprawić humor skuteczniej niż cały dzień odpoczynku. Dobrze rzucony smoke, udane wejście na bombsite i odbicie rundy, którą już zdążyliście przegrać w głowach, sprawiają, że siedzisz bliżej monitora, choć przed chwilą miałeś kończyć.

Zostajesz sam na trzech. Koledzy po raz pierwszy tego wieczoru milkną. Jeden przeciwnik pada, drugi też, trzeciego łapiesz na przeładowaniu. Rozbrajasz bombę, na Discordzie wybucha radość i przez chwilę jesteś człowiekiem, o którym powinno się robić dokumenty.

[b]W następnej rundzie oślepiasz czterech kolegów i giniesz z własnym granatem w ręce.[/b]

Równowaga we wszechświecie zostaje przywrócona.

To właśnie jest największa siła CS2. Możesz znać mapę na pamięć, a kolejny mecz i tak przyniesie coś nowego. Raz wygrywasz dzięki celności, raz dzięki pomysłowi, a raz dlatego, że przeciwnik popełnił jeszcze głupszy błąd od ciebie.

[i]Ten ostatni rodzaj zwycięstwa jest mi szczególnie bliski.[/i]

[hr][/hr]

[h2]Gra zespołowa, czyli pięć osób i sześć różnych planów[/h2]

Z dobrą ekipą CS2 jest kapitalny. Wspólne akcje, szybkie informacje, wzajemne ratowanie sytuacji i śmiech po rundzie, której przebiegu nie da się logicznie wyjaśnić.

Z losowymi graczami otrzymujesz dodatkowo bezpłatny kurs cierpliwości i podstawy komunikacji międzynarodowej w warunkach kryzysowych.

Jeden mówi „gramy spokojnie”, po czym ginie po ośmiu sekundach. Drugi oszczędza broń tak długo, że można podejrzewać więź emocjonalną. Trzeci ma mikrofon uruchamiany wyłącznie po własnej śmierci. Czwarty niesie bombę w miejsce, którego nie obejmowała nawet wycieczka szkolna po mapie.

Piąty to ja. Oczywiście bez winy. Jak każdy autor recenzji.

[u]Największym cudem tej gry nie jest wygrany clutch. Jest nim pięć osób, które jednocześnie rozumieją „nie wychylaj”.[/u]

[hr][/hr]

[h2]Standardowy wieczór z CS2[/h2]

[olist]
[*]Odpalasz grę z nastawieniem, że dzisiaj tylko dwa spokojne mecze.
[*]Pierwszy traktujesz jako rozgrzewkę, więc porażka się nie liczy.
[*]Drugi przegrywasz, ale przecież nie można kończyć na porażce.
[*]Trzeci wygrywasz, więc szkoda marnować dobrą passę.
[*]Czwarty przegrywasz, bo ktoś powiedział „ostatni”.
[*]Ogłaszasz zakończenie kariery.
[*]Sprawdzasz, kto jeszcze siedzi na Discordzie.
[*]Klikasz „Graj”.
[/olist]

[spoiler]Rano nie jesteś wypoczęty, ale za to masz mniej punktów.[/spoiler]

[hr][/hr]

[h2]Ekonomia też zasługuje na wyróżnienie[/h2]

Gra uczy odpowiedzialnego zarządzania pieniędzmi. Dowiadujesz się, kiedy oszczędzać, kiedy inwestować i dlaczego kolega kupił AWP bez kamizelki, mimo że wszyscy ustalili eco.

Po kilku rundach zaczynasz rozumieć budżet drużyny lepiej niż własne wydatki. Wiesz, komu rzucić broń, ile zostawić na granaty i kiedy zakup karabinu będzie błędem.

Potem oglądasz skina i uznajesz, że wirtualny magazynek jednak powinien być fioletowy.

[b]Wiedza finansowa została zdobyta. Zastosowanie odłożono na później.[/b]

[hr][/hr]

[h2]Ostateczny werdykt[/h2]

CS2 potrafi zmęczyć, zirytować i wystawić cierpliwość na próbę. Antycheat zdecydowanie potrzebuje czegoś więcej niż naszej wiary, a podejrzane mecze skutecznie odbierają przyjemność z rywalizacji.

Ale pod tym wszystkim nadal jest [b]świetna strzelanka[/b]. Wymagająca, emocjonująca i niesamowicie satysfakcjonująca, kiedy wszystko zagra. Celność ma znaczenie, współpraca ma znaczenie, a jedna dobra decyzja potrafi odwrócić całą rundę. Z kumplami można tu spędzić mnóstwo naprawdę udanych wieczorów.

To gra, o której najwięcej złego mówią ludzie, którzy nie mają czasu na inne gry, bo właśnie grają w CS2.

[noparse][b]JUŻ NIGDY TEGO NIE ODPALĘ[/b][/noparse]
Tak wygląda moje oficjalne stanowisko. Nawet pogrubienie odmówiło współpracy, bo słyszało to już wczoraj.

[h3]Ocena: 8/10[/h3]

Dwa brakujące punkty schowałem za ścianą. Przeciwnik już po nie idzie.

[b]Polecam. Jeśli spotkacie mnie wieczorem w lobby, proszę nie przypominać mi tej recenzji. Właśnie próbuję odegrać punkty.[/b]",True,9,1,0.650077760219573975,5,True,False,False,1789516710
730,234465520,russian,"Очень рад что компания Valve занимается благотворительностью и помощью инвалидам. Так много умственно отсталых людей в одном месте я ещё не видел, отдельно порадовало что они так-же берут аутистов на роли в разработке игры.",True,14,5,0.654033839702606201,0,True,False,False,1788543672
730,235294464,french,"On recherche l’anti-cheat, si quelqu’un le retrouve qu’il contacte Valve d’urgence. Apparemment il est parti en vacances depuis 2015, pendant que les cheaters ont pris le contrôle du serveur. À ce niveau-là, même VAC doit regarder les parties en spectateur pour comprendre ce qui se passe. Deux cheaters s’affrontent en game. Ils activent tous les deux l’aimbot, le wallhack et le radar…Résultat : 15 minutes de gameplay, 0 duel, 100% de spectateurs. Le plus drôle ? À la fin, ils reportent chacun l’autre pour triche . mais bon on a la chance que le jeu est encore en bêta depuis tellement longtemps que tricher, c’est sûrement considéré comme une feature en phase de test. :3",True,9,0,0.632642388343811035,0,True,False,False,1789423925
730,233772418,czech,Dneska jsem se chtěl zabít naštěstí jsem překonal sama sebe a jenom jsem rozmlátil klávesnici o svého dědu. Nevadilo mu to. Je to dobrá hra,True,9,2,0.628664493560791016,2,True,False,False,1787776778
730,233829120,italian,"Dopo 10 anni di Counter-Strike, sento di dover ringraziare questo gioco per tutto quello che mi ha dato: migliaia di ore di divertimento, traumi da matchmaking, conoscenze finanziarie discutibili e soprattutto un livello di russo e polacco ormai praticamente madrelingua.

Ho scoperto il rivoluzionario metodo didattico di Counter-Strike: immersione linguistica attraverso il trauma.

Sbagli una smoke?
«cyka blyat, долбоёб! иди nahui!»
Russo A2 completato.

Flashi tutta la squadra?
«kuuurwaaaa! ja piiierrrrrrdoleeee, co ty robisz?!»
Polacco B1 sbloccato.

CS offre anche un master in economia e gestione irresponsabile del patrimonio digitale.
Scopri skin, float, pattern, sticker e Mercato di Steam. Parti pensando “chi spenderebbe mai 400€ per dei pixel?” e qualche anno dopo stai guardando la stessa skin dicendo: “Potrebbe essere un investimento.”
A quel punto sei fregato: Wall Street Simulator, ma con gli AK.

Poi ci sono le casse.
Mannaggia a Dio, Valve: 10 anni e non ho mai trovato un coltello.
La situazione è diventata talmente tragica che dopo 10 anni il coltello hanno dovuto regalarmelo.
In compenso, grazie per avermi dato una quantità industriale di AWP.
10/10

P.S. Quello in Mirage è un cavolo di MARKET, non è KITCHEN, долбоёб! KITCHEN è la diamine di cucina nell'angolo in apps",True,9,8,0.626853764057159424,0,True,False,False,1787844386
730,233903862,hungarian,kurva szar egy jatek a gorcs ranccsa ossze a talpat akiezt kita lalta,True,603,129,0.676411449909210205,0,True,False,False,1787924983
730,234738113,spanish,"Durante estas 714 horas, lo único que he echo realmente, es odiar, a mi mismo, a mi equipo, a mis enemigos, al juego también, absolutamente a todo, he sufrido perdidas familiares, amistades, todo debido a este juego, 10/10 lo jugaría 10000 horas mas, +10 mansiones para Gaben❤️🫂",True,12,2,0.623644471168518066,0,True,False,False,1788824550
730,233610981,french,"C'est devenu insupportable de jouer à ce jeu après des années. Le match making est déplorable et l'anti cheat ... Incapable de bannir des tricheurs, même après plusieurs années de triche (Suffit de regarder la date des commentaires laissés sur le profil de certains tricheur qui remonte déjà à plusieurs années.)
Les serveurs sont également à chier. Je compte plus le nombre de fois ou le serveur enregistre mal ou pas du tout, les dégâts....",False,14,0,0.620656013488769531,0,True,False,False,1787595512
730,235028337,schinese,怎么说呢，和朋友们一起玩很有意思，两年前第一次玩这个游戏的时候认识了四个人，当时很纯粹玩的很开心，后面那四个大学生都毕业了面对生活了，就我一个还在读书，两年后我终于上了s答应带他们也上分可是他们已经不再上游戏了，我只能看着steam上九百多天前的上线记录，到现在我也不怎么想玩cs了，有种很莫名其妙的感觉—致我在cs中的青春,True,8,1,0.622125446796417236,6,True,False,False,1789148651
730,233427425,turkish,"♥♥♥♥♥♥ gaben, ♥♥♥♥♥♥ cs2 fulled of cheaters for 10 years and they still sleepin. million dollar game by one cent brain owners",False,15,2,0.612771749496459961,1,True,False,False,1787408217
730,234449241,french,"J'ai appris l'anglais et le russe grâce à ce jeu ! 
Tu rages parce que t'as pris une balle à travers un mur ou une smoke ? Alors c'est que tu commences à capter que t'es tombé en enfer ! 
Micro obligatoire pour donner les infos à tes coéquipiers, d'ailleurs va falloir apprendre les calls de chaque position dans chaque map ! Va falloir apprendre à jeter des smokes, des flashs etc.... Rassure toi il y a des sites ou des maps prévu pour que tu puisses envoyer ton stuff au pixel près ! 
Des cheaters ? Evidemment qu'il y en a ! L'anticheat Valve est....porté disparu ! Bien sûr que tu vas croiser des mecs qui ont 30h de jeu mais qui jouent comme des génies ! Avec eux ( et leur wallhack ) aucune cachette n'existent, cela dit certains sont nuls ( c'est pour ça qu'ils cheatent d'ailleurs ) mais si tu te fies à leurs buits de pas et que tu fais la bonne décale au bon moment, ya des chances de le fumer...sauf s'il préshot xD. Bien que ce jeu rend parano, parfois tu tombera juste sur des smurfs ( des mecs qui domine le jeu à haut niveau mais qui crée un compte tout neuf pour casser des joueurs de rangs inférieurs ), ça sera pas toujours facile mais après avoir saisi les bases, les stuffs, les strafes, les calls, etc....tu te surprendra toi-même à faire des dingueries sur le terrain. Petit conseil : une fois que tu gères le jeu, pars sur Face it, compte vérifié et premium si possible et tu seras clairement moins embêté par les cheaters mais le niveau sera quand même élevé, en théorie, la plupart des joueurs face it premium ont une certaine expérience du jeu.
Pour ce qui est des skins, le marché de CS propose de dilapider ton argent de façon plus ou moins raisonnable, au début on se dit ""hors de question de mettre 1 centime dans des pixel !!!"" puis ça commence à prendre des skins à 1€ puis 5€ puis 10€ puis on se retrouve quelques années plus tard avec des couteaux à 1000€ 👀 Juste évitez de prendre un crédit Cofidis pour ça parce qu'effectivement ça reste cher pour des pixels ! 
Bonne game à tous, GLHF 😉👍",True,10,4,0.623102962970733643,2,True,False,False,1788529822
730,233462169,russian,"Хорошая игра если нету мма, попадаются лучшие игроки мира такие как казахи, поляки и китайцы. Казахи и пк клубы❤Поляки и разговоры про матерей❤Китайцы с крутилками❤Но когда покупаешь прайм лучшая эра кс заканчивается...😢",True,11,1,0.605168461799621582,0,True,False,False,1787437455
730,234771601,russian,"Игра полностью неиграбельна. С любым трастфактором против вас будет минимум 2-3 читера, чаще всего с крутилкой. Ни один из них никогда не получит бан, потому что античит в этом дерьме отключен.",False,11,0,0.604943215847015381,0,True,False,False,1788874406
730,234438975,brazilian,"O melhor jogo de todos os tempos!!!
GC e Faceit e atualmente a melhor forma de jogar!",True,8,0,0.601036310195922852,1,True,False,False,1788518667
730,235753739,english,"is that even a game?!
we are just few players among the cheaters lol.
nobody told me about scripts once i got into it so i would never worked that hard for 11k my last rank, its not worth it if u don't want to lose your sanity.
only thing made me still deal with this is weekly drops. is not bad to be honest.
",False,7,0,0.607485115528106689,5,True,False,False,1789987673
730,234965193,brazilian,"para falar a verdade achei que eu iria dropar do jogo muito rapido. Mais nao foi o caso me fez gasta e conhecer novas pessoas 




obrigado CS2",True,7,2,0.600304543972015381,0,True,False,False,1789079430
730,234176672,finnish,"Jos erityisesti haluat kiduttaa itseäsi erittäin paskalla tiimillä taikka koodarivastustajilla, niin asenna peli. Tässä pelissä on päiviä, jolloin olet joko huono, tai erittäin huono. Jos satut olemaan hyvä, se on joko tuuria tai vastustajat eivät osu edes elefanttiin metrin päästä. Vitutus nousee nopeasti. Koneesi tallennustila menettää hyvään tarkoitukseen olevat 60 gigaa tähän peliin, jotka olisit voinut vaikka käyttää karvisen omaan kartingautopeliin, ja moneen muuhun. Suosittelen jos haluat pelin jälkeen vääntää kuulokkeet nippuun ja pistää tietokoneesi hilppeineen roskalavalle. 10/10",True,5,1,0.60000002384185791,0,True,False,False,1788197262
730,233502999,japanese,言い訳の効かない実力主義で、男の色欲を利用して上げたランクを実力だと思い込む一部の厄介雑魚女は淘汰されておりますのでご安心ください。,True,9,5,0.612676084041595459,0,True,False,False,1787483845
730,234853644,schinese,"玩了10000个小时的CS2，感觉自己还有提升空间。起源2这个引擎确实拥有无限的可能，能玩滑翔,KZ,BHOP，竞技，ZE等模式，每个方向都有深度可以挖掘。虽然V社的更新很抽象，但不得不承认CS2是21世纪最有深度的游戏，一个模式玩几百几千个小时不在话下。☺Good game,Have fun.☺",True,8,0,0.607335567474365234,10,True,False,False,1788973264
730,235488293,english,"My life is divided into two parts: before this game and after this game.
Before: a happy, good life.
After: full of depression—and a complete vocabulary of Russian swear words.",True,7,4,0.610688388347625732,1,True,False,False,1789674706
730,234533230,english,"*Dou fila com 9k de rating (rank baixo)
*Caio com 3 cheaters no time inimigo
*Aturo os 20 minutos de partida pq o jogo não permite dar surrender
*Saio e dou fila dnv o mais rápido possível pra não ter chance de cair com as mesmas pessoas
*Caio com os mesmos cheaters agora no meu time
*Quito da partida instantaneamente

E mesmo reportando todos sei que a única coisa que irá acontecer será um ban temporário do competitivo na minha conta por ter quitado
CS2 é a maior queda que o Counter Strike já teve....",False,7,0,0.591584146022796631,0,True,False,False,1788616094
730,235177267,russian,"Очень историческая игра, мне нравится очень много скинов и персонажи ура",True,5,2,0.590545296669006348,0,True,False,False,1789297360
730,234261586,turkish,Oyunda seçkin hesabı almama rağmen her on oyundan dördünde hile denk geliyor. Tamamen rezil bir güvenlik sistemi var. Tüm hileler var oyunda. Arkadaşlarla giriyorum diye tutuğum bir oyun. Tamamen pişmanlık. Eski Cs 1.6 da bile asla bu kadar hile yoktu online oyunlarda oyun içinde anında müdahele edilip serverdan atılıyordu gerekirse banlanıyordu. Yenilendikçe hileler artmış.,False,9,0,0.589470267295837402,0,True,False,False,1788295915
730,234852448,english,"I am writing this to express my absolute frustration with the current state of your game. It is honestly garbage right now and completely unplayable because every single lobby is infested with cheaters.
Considering the massive amount of revenue your company pulls in from this game, it is pathetic that you cannot invest in a proper anti-cheat system. You are making millions, yet you are too cheap to fix the core issues that are ruining the player experience.
Fix your game, get a working anti-cheat, or watch your player base completely abandon this trash.",False,8,0,0.588081300258636475,0,True,False,False,1788972160
730,234414870,english,The thing i like the most on this game is when i'm alone against 5 enemy players and i defuse in a smoke while throwing flashbangs on the c4 that i'm defusing to win the game in a clutch.,True,15,5,0.583945393562316895,5,True,False,False,1788482588
730,234337819,spanish,"buenos ante todo saludar y agradecer al de arriba por brindarnos un dia mas de vida para poder seguir jugando este juego que recien me lo instale CS2, la verdad ando jugando de lo mas normal este juego y no presento problemas, pero para una mejora al futuro como evento mega iper especial de verano seria buena idea poder polis y terros mujeres en ropa de baño, o ya sin tanta vaina, un evento mega especial, que esten sin ropa, muchas gracias por su atención y ojala mi reseña sea tomada en cuenta para posibles proyectos del CS2, me despido de esta bella comunidad que aun sigo agradecido que en mi primera partida un argentino un amable me enseño a como prender el audio, estoy completamente agradecido por haberme enseñado y apenado por que al momento que me enseño a prender audio procedi a gramputearlo pq no podia creer que se podia ser tan retrasado en el CS, mi primera experiencia inoportuna pero igualmente agradecido de este juego, gracias",True,7,1,0.584080278873443604,0,True,False,False,1788390754
730,235576631,german,"Beste investierte 200 Spielstunden die ich von meiner Lebenszeit verbraucht habe. Habe die Hälfte meiner Gehirnzellen verloren und mehr Russisch von meinen Teamates gelernt als von meinen Großeltern. Durch Counter Strike habe ich eine neue Art der russischen Kultur kennenlernt und mein Wortschatz an Beleidigungen erweitert. Betet nicht Grün zu werden. Wenn jemand Schuld ist, ist es immer Grün. Mein Geld habe ich natürlich auch in Cases investiert, was sich später nicht als Investition sondern eine starke Deinvestition herausgestellt hat. Es sind starke 500€ in dieses Game geflossen, die ich nicht wieder zurück bekomme. Bislang bestes Game was ich nach meinem Feierabend nutze um meine Laune noch schlechter zu machen. Cs hat mein Gehirn und mein Körper mental zerstört. Ich wurde außerdem von türkischen Teamates so stark geragebaited, wodurch ich mein Setup zerstörte und nochmals 200€ ausgeben durfte. Mein Kollege hat während ich diese Rezension schreibe einen Wutanfall wegen Cheatern in einem Deathmatch. Zu empfelen für die jenigen die ihr Geld sinnvoll investieren wollen um Plus zu machen, russisch lernen wollen, sich mental zerstören zu wollen und einen bemerkenswerten IQ-Verlust haben wollen.

Vieln Dank an Volvo.",False,4,0,0.583333313465118408,0,True,False,False,1789783416
730,233958983,brazilian,"é um otimo jogo cozy, tem um gacha legalzinho e as partidas são bem legais muitas pessoas legais aproveitando o joguinho, todos são bem calmos.",True,8,15,0.582677125930786133,1,True,False,False,1787977954
730,234745432,latam,"este juego es la mayor basofia despues de la caida del virreynato de Jose Alberto Martin en 1872,lleno de chiteros y injugable, es como colgate.. de cada 10 partida 9 son chiteros y en la decima esta un chileno",False,6,3,0.581521749496459961,1,True,False,False,1788833920
730,234398892,brazilian,"Se não fossem meus amigos neste jogo, não estaria jogando. 80% da comunidade desequilibrados mentalmente, partidas com trapaceiros e vários sem compromisso com a equipe, portanto se for jogar sozinho prepare-se para perder 40 minutos do seu tempo. Não joguem essa porcaria, não joguem! ⚠️",False,4,3,0.580152690410614014,4,True,False,False,1788464460
730,234801572,japanese,"久しぶりに見たら題名変わっとるやないかい
タイトルだけ変えて「２」ですってゲーム史始まって以来なのでは…

ほぼレビューになってないのですが
頻繁に本作をプレイしていた時期に、ラウンド開始直後の動きが自分に似た人がチーム内に居るなぁと思ってた方が１人いらっしゃって
まぁあちらもそう思われてたでしょう
何度も一緒のチームになったのですが、あるラウンドでその人と僕の動きが完全に一致した結果
お互いが結構な距離を移動してから敵に向かって投げた火炎瓶同士がクロスして接触
あまりに美しく左右対称に跳ね返される火炎瓶
炎上
一度も会話した事がなかったけれど
チームチャットで「mita?」と打ったら「mita」と返ってきました
そんなゲームです",True,9,1,0.579962372779846191,2,True,False,False,1788904046
730,234156348,tchinese,也許cs最迷人的地方就是一邊聽著對方誇獎彼此的母親一邊看對面展示新買的戰鬥陀螺吧！,True,4,2,0.57302623987197876,0,True,False,False,1788177643
730,235218234,english,"only play it if you want to have fun , game has too many cheaters for rank from what i know.Just play casual no need to stress.Sometimes the game sucks balls though",True,10,2,0.57862478494644165,0,True,False,False,1789331211
730,234793240,russian,"На данный момент игра не заслуживает внимания. Главная причина - отсутствие античита. Пусть боты и читеры играют друг с другом в эту помойку, сохраните время и нервы.",False,6,0,0.578544080257415771,0,True,False,False,1788895381
730,235367035,russian,"очень много читеров с прайм статусом ... величайшая игра но не может сделать античит .позор.
FACEIT и только FACEIT",False,5,0,0.577464818954467773,0,True,False,False,1789521371
730,234804760,brazilian,"já se foi o tempo q esse jogo dava diversão, tá lotado de cheatado e a valve não melhora nunca isso.",True,6,0,0.57575756311416626,1,True,False,False,1788907984
730,234519055,turkish,Güzel oyun ama bazen optimizasyon sorunları var benden mi bilmem 3-4 sene geçti ama hala baya eksikleri var stres atmak için girilmez stres almak için girilir zaten amaçta o,True,5,0,0.569832444190979004,0,True,False,False,1788602380
730,234183815,turkish,"Oyun güzel, hileci denk gelince sinir hastası ediyor ama olsun 😄 Son VAC güncellemeleriyle Valve sonunda “ulan bu adam niye tavana bakarak vuruyor?” demeye başladı. Hile konusunda gelişme görmek güzel. Onun dışında arkadaşlarla gir, 2 el atayım de, 5 saat sonra Mirage’da hayatını sorgula CS2 işte bırakamıyoruz. 😂",True,330,0,0.568417847156524658,0,True,False,False,1788203773
730,234803550,russian,"Я любитель игры в кс еще со времен condition zero, но так часто читеры как в кс2, мне нигде не попадались, разработчики игры, вы вообще боритесь с ними? Команда вражеская проигрывает, в нужный момент у них подключают читы и они играют кардинально по другому, накидывают гранаты и смоки куда раньше не кидали и аккурат удачно там где обязательно понадобятся они и в нестандартных местах, не издавая звуков стоишь в нестандартном месте и ждешь противника, который топая бежит к тебе? Он выбежит и на префаере ставит тебе хэд. Испортили абсолютно отношение к игре, вы потеряете нормальных игроков которые не хотят использовать читы и останутся только определенный контингент игроков. Разработчики, жалобы не помогают, читеры как играли, так и играют.",False,8,0,0.568189442157745361,0,True,False,False,1788906483
730,235374291,english,"I genuinely cannot recommend CS2 in its current state.

The core game is still good. The gunplay is great, the movement feels satisfying, the maps are iconic, and Counter-Strike is still one of the best competitive FPS concepts ever made.

But none of that matters when the competitive experience is completely destroyed by cheaters.

Premier, Competitive, and even other modes constantly have players that are suspicious as hell. You see people tracking through walls, pre-firing positions they should have no information about, perfectly reading rotations, staring at players through objects, and doing things that make absolutely no sense from a normal player's perspective.

And the worst part is that Valve seems like they simply do not give a ♥♥♥♥.

The anti-cheat feels completely useless far too often.

Players can report obvious cheaters again and again, yet you still see suspicious accounts playing for weeks or months. Some of them have high ranks, expensive inventories, old accounts, badges, and plenty of playtime, which makes the whole situation even more frustrating.

At this point, every good player becomes suspicious because Valve has allowed the cheating problem to destroy the trust between players.

That is one of the biggest problems.

Counter-Strike is supposed to be about skill, game sense, aim, utility, communication, positioning, and teamwork.

But when you die and your first thought is not:

""That guy played better than me.""

and instead it is:

""Was that guy wallhacking?""

then your competitive game has a serious problem.

Even if someone is completely legit, the current environment makes you doubt everything.

That alone ruins the experience.

Valve keeps adding cases, skins, cosmetics, events, updates, and other content, but where is the serious anti-cheat improvement?

Where is the system that actually makes cheaters scared of losing their accounts?

Where is the fast reaction to obvious cheating?

Where is the transparency?

Where is the feeling that Valve is actually fighting for the competitive integrity of their own game?

Because right now, from the player's perspective, it often feels like Valve cares more about keeping the economy and skin market alive than protecting the actual competitive experience.

A competitive FPS cannot survive on skins alone.

You can have beautiful skins, expensive knives, new cases, new maps, and fancy updates, but if players don't trust the matchmaking system, the entire competitive foundation starts falling apart.

And honestly, the cheating problem is not some small issue anymore.

It is one of the main things people talk about when discussing CS2.

When legitimate players stop enjoying the game because they constantly feel like they are playing against wallhackers or other cheaters, something has gone seriously wrong.

And no, telling players to ""just play FACEIT"" is not an excuse.

Valve owns Counter-Strike.

Valve runs Premier.

Valve runs Competitive.

Valve makes money from the game.

The official matchmaking experience should not require a third-party platform just to have a better chance of playing fair matches.

Players should be able to launch CS2, queue Premier, and trust that they are playing against legitimate opponents.

That should be the absolute minimum expectation.

Instead, we have reached a point where losing a match sometimes feels less frustrating than not knowing whether the match was even legitimate in the first place.

That is terrible for any competitive game.

Valve needs to stop treating cheating like a secondary problem.

Anti-cheat should be one of the highest priorities in CS2.

Not cases.

Not cosmetic updates.

Not another skin collection.

Not another small UI change.

ANTI-CHEAT.

Competitive integrity.

Actual bans.

Faster detection.

Better systems.

Real consequences for cheating.

Because right now it feels like Valve doesn't give a ♥♥♥♥ about the anti-cheat situation or the players whose matches are being ruined by cheaters.

CS2 has the potential to be an incredible competitive game.

But potential means nothing if the matchmaking experience is full of distrust, frustration, and suspicious players.

I love Counter-Strike.

That is exactly why this situation is so disappointing.

I don't want CS2 to fail.

I want Valve to actually protect the game.

Until the cheating problem is taken seriously and the official matchmaking experience becomes trustworthy again, I cannot recommend CS2.

Fix the anti-cheat.

Fix Premier.

Start protecting legitimate players.

The community deserves better.",False,6,0,0.568106293678283691,4,True,False,False,1789532147
730,234375325,schinese,为数不多的硬核射击对战游戏，只是希望官方严惩外挂,True,5,0,0.571422457695007324,0,True,False,False,1788442987
730,234699996,english,"This game is on life support, it is still holding on because of the few people that don't want to quit it, and the enormous quantity of bots, bot farms for the skins and rage cheaters. 

",False,6,0,0.566433548927307129,0,True,False,False,1788791789
730,233694220,english,"Dear Sir or Madam,
I am writing to lodge a complaint, as I have always played the game 100% without cheats, even though many others use them.
Your allegations are completely untrue.I will no longer play this game and am extremely dissatisfied that people like me are being banned while actual cheaters are allowed to keep playing.
Sincerely.",False,5,0,0.566433548927307129,0,True,False,False,1787689365
730,235290120,latam,"lo mejor de este juego es, que no importa cuantas hora le inviertas, por que siempre moriras por un hacker.
",True,4,0,0.578059077262878418,0,True,False,False,1789418767
730,235055849,german,"Counter-Strike 2 macht im Core-Gameplay extrem viel Spaß, besonders wenn man zusammen mit Freunden zockt. Ich habe mir extra Prime geholt, um das Ranking freizuschalten und vernünftig einzusteigen. Das Spielprinzip ist nach wie vor genial, aber beim Thema Ränge und Anti-Cheat muss Valve definitiv nachbessern. Man trifft leider immer noch zu oft auf Leute mit Wallhacks oder Aimbots, was auf Dauer echt nerven kann. Trotzdem ein starker Shooter, der in der richtigen Truppe laune macht, aber hoffentlich bekommen sie das Cheater-Problem bald besser in den Griff.",True,3,0,0.565217375755310059,2,True,False,False,1789173402
730,234647715,swedish,Unplayable with all the cheaters! Valve has abandoned this game long ago,False,4,0,0.565217375755310059,0,True,False,False,1788724113
730,234311100,german,Perfektes Spiel um Beleidigungen in jeglicher Sprache (besonders Russisch/Türkisch) zu lernen.,True,4,4,0.565217375755310059,0,True,False,False,1788363187
730,234310163,portuguese,"CS:GO era melhor... Ainda falta muito pra este remake ficar tão fluido e preciso como era anteriormente. Engraçado é que temos uma engine nova que devia ser mais fluida mas todos temos menos fps, temos mais de 10 anos de conhecimento do que é um cheater ou não mas ainda não conseguiram fazer um anticheat... talvez daqui a outros 10 anos. É continuar a jogar e a sofrer para acertar",True,4,0,0.565217375755310059,0,True,False,False,1788362248
730,233918361,finnish,Full of cheaters and bots. it's rare to get a game nowadays without one,False,3,0,0.565217375755310059,0,True,False,False,1787937205
730,233698364,russian,"игра чистой ♥♥♥♥♥, я ♥♥♥♥ этих читеров, надеюсь они выросли не в благополучной семье, где их бросил отец или же трахнул собственный отец, модеры такие же хуесосы которые ♥♥♥♥♥ не делают, сидят на бутылке, занимаются хуйней",False,3,0,0.565217375755310059,0,True,False,False,1787693173
730,233613120,polish,rage inducing game never install this game for your sanity plsssssssssssssssssssss,True,3,0,0.565217375755310059,1,True,False,False,1787597499
730,234012854,spanish,es una obra de arte 10/10 si no fuera por los retrasados de mi team que no pegan una bala nose como le dieron a instalar este juego,True,4,0,0.565031945705413818,0,True,False,False,1788029628
730,235738209,koreana,"평소 e스포츠도 시청하시고 페이커를 꾸준히 따라시던 지인분... 같이 피방갔다가 피방에서 카스2 발견함...

근본 겜이라고 하시면서 겜 키려고 하시길래 다들 말리는데 괜찮다면서 킴....

그렇게 눈앞에서 돌아가셨다....순식간에 헬리콥터가 플라잉노줌스카웃월뱅헤드따고 에이스하고선 추방당함........외마디 비명만 남긴 채 2,3라운드 돈 모아서 산 땁이 상대팀에게 넘어가버렸다..아직도 안잊혀짐...

그 뒤로 절대 카스2에서 이코 라운드 안함...",True,3,0,0.561003446578979492,4,True,False,False,1789960121
730,233718297,tchinese,最有禮貌的一群玩家 常因為有禮貌過頭喜提30分鐘以上冷卻時間,True,3,3,0.56081080436706543,0,True,False,False,1787717879
730,233472923,latam,"Es un buen juego, tiene potencial, aun, ojala los desarrolladores no dejen morir el mejor shooter de la historia,",True,5,0,0.560149431228637695,0,True,False,False,1787449549
730,233808835,russian,"Игра в которой не банят читеров, но банят игроков без читов, классная игра...",False,5,0,0.559845566749572754,0,True,False,False,1787824502
730,234020522,english,"Cheating has reached a point where it's effectively defining the game. The line between a highly skilled player and a cheater has become nearly impossible to distinguish, which says a lot about how out of control the problem has gotten. I genuinely hope Valve takes serious action before it's too late — the current state of the game's integrity is deeply concerning.😑",False,6,0,0.55807262659072876,0,True,False,False,1788035696
730,235246967,english,"I'm having a great time playing and relaxing with cheaters every day. Thanks, Valve.

the game where its own developers say that they care about the game and its community while:

wallhackers are left free to roam, helicopters and aim hackers and no action taken against them

kids and jobless idiots having skins hoping to sell them bragging that their life and future will be better because they own them

everything is allowed

people buying steam cheap accounts for cheating

people buying commendations so it can make their profile look more trustworthy

people buying stattrak kills for their weapons

any deathmatch game is full with farming bots

casual mod is full with cheaters and players who have minimum 2k hours and yet still dont know that this game have radar and to use it, planting/defusing C4 is optional, most important thing is to save the scout/awp

- you can get kicked on casual for playing normally, making 2-3 headshots...

competitive mod is more like free wallhacking mod

premier you can find cheaters in any rank more then regular players, and the closer you come to 20k points you enter the death zone

- your trust factor means nothing 7/10 chances you will get a cheater

- if you dont get immediately a cheater you win 2-3 rounds, and they will turn it on because they think you use too

- you have try harder faceit morons who believe that there are no cheaters on faceit, wrong you have them there too, the only difference is that on comp/premier they dont hide it cuz they dont care, while on faceit you have professional hollywood acters

matchmaking system where you can get into a game with any rank

a game where a player with high ping and low fps is a god among players and you cant kill him

- all this happening with years already and there is no change in any of the above said,

streamers taking money from all these idiots from subscriptions and donations, convincing them that everything is fine and the game is fixed, lying, they sell their asses for a pitty donations

and the players believe them

The game developers putting up some small irrelevant, unrelated and non important updates, players get happy because the game is far away from fixed and keep playing it and crying in the same time. Logic (?)

none... Where is the fault? To the game developers or the players playing it?
In my opinion, there is only one way forward for us: we need to force them to address this issue by lowering the game's rating as much as possible, reducing the number of positive reviews, and posting more comments. Let’s unite; we play this game to unwind, not to make the situation worse and further strain our bodies and nerves—which are already exhausted because of cheaters.",False,5,0,0.556795299053192139,1,True,False,False,1789369372
730,234622798,turkish,"En iyi rekabetçi fps oyunu ama o kadar legit hileciler var ki ruhunuz bile duymadan oynayıp ban yemiyorlar, 3. parti uygulamalar bile hileleri engelleyebiliyorken, milyar dolarlık şirketin yapamıyor olması bana inandırıcı gelmiyor.",False,9,0,0.606013476848602295,1,True,False,False,1788703878
730,234721707,italian,"good friendslop game would recommend.

(spamton is mind controlling me to play this game help)",True,4,0,0.555977225303649902,0,True,False,False,1788810036
730,233827976,german,Unspielbar dieses drecks game. 2 von 3 lobbys mit hackern. ♥♥♥♥ Valve,False,7,0,0.555594027042388916,0,True,False,False,1787843470
730,233932020,polish,"Gra wyśmienita, 10/10, zalety można wypisywać w dziesiątkach zdań ale tu podam najlepsze które moim zdaniem polubi każdy gracz:
-mniej cheaterów znajdziesz na jakimś online casino na które wchodzisz przez link z 13-letniego posta z facebooka, to oczywiście dobra informacja
-po pierwszym spojrzeniu na rynek przedmiotów do gry organizm zaczyna wykazywać bardzo subtelne sygnały podniecenia seksualnego, między innymi wyrafinowany wzwód, a dodatkowo operatorzy banku zaczynają się bardzo zastanawiać oraz interesować twoimi inwestycjami na tej oto platformie
-przeciwnicy są bardzo mili, chętnie zaparzą ci herbatę jeżeli przegrasz, wraz z darmową dostawą pod nos
-gra się troszczy o stan urządzeń peryferyjnych, między innymi jeżeli twoja myszka, klawiatura lub słuchawki zmienią się w pocisk naddźwiękowy zasilany siłą ludzką, w ogólną stronę monitora, gra tym oto sygnałem przekazuje graczowi że jego sprzęt nie jest sprawny oraz jest zalecana jego wymiana
-przeciwnicy też bardzo pomagają z podróżą w czasie, w moim przypadku dostałem bardzo nowoczesnego IPhone'a, nie jestem pewien modelu, lecz jest to chyba czwarta generacja oraz nazwa modelu zaczynała się to od ""IPv4""
-przyjaciele z drużyny bardzo przejmują się stanem psychicznym graczy oraz celowo pomagają robić przerwy w grze, czasami 30-minutowe, czasami kilkugodzinne, dniowe, a nawet tygodniowe

moim zdaniem przez ilość zalet technologicznych gry, oraz masę wymienionych powyżej integracji gra powinna dawać przykład innym wytwórniom w jaki sposób ulepszyć swoje własne projekty",True,5,3,0.555555582046508789,3,True,False,False,1787948953
730,234334658,french,"I love russian community, i learned a lot of russian words like ""су́ка"", "" Blyat"", ""нарыв"". 10/10 would play again after i got my mother insulted in 5 different languages",True,4,2,0.552867352962493896,0,True,False,False,1788386985
730,234192488,schinese,非常好游戏，感觉游戏内不管是中国人还是外国人都很善良好心，经常会动不动的问候我的父母,True,3,2,0.532240211963653564,0,True,False,False,1788211644
1172470,235498241,english,SBMM or EOMM seriously needs to go. It's 2026. We don't have time for rigged matchmaking and I have other games I'd rather play. Talk about this game treating us as a toxic ex. Smh lol.,False,1,0,0.523809552192687988,0,True,False,False,1789686040
1172470,234637736,english,After they removed arenas I quit. Was the best mode that's happened to this game since launch.,False,0,0,0.5,0,True,False,False,1788715625
1172470,233600466,english,"Even though the game has its flaws, I still keep playing Apex alot. The movement options in this game makes it alot of fun. Still the best BR out there. Haven't found any other shooter yet that keeps my attention for as long as Apex does (I have another 4k hours on origin/EA app",True,0,0,0.5,0,True,False,False,1787586039
1172470,234521837,schinese,大芬游戏 巧克力味的史,False,1,0,0.523809552192687988,0,True,False,False,1788605488
1172470,233423224,english,,False,0,0,0.5,0,True,False,False,1787404554
1172470,235498241,english,SBMM or EOMM seriously needs to go. It's 2026. We don't have time for rigged matchmaking and I have other games I'd rather play. Talk about this game treating us as a toxic ex. Smh lol.,False,1,0,0.523809552192687988,0,True,False,False,1789686040
1172470,234637736,english,After they removed arenas I quit. Was the best mode that's happened to this game since launch.,False,0,0,0.5,0,True,False,False,1788715625
1172470,233600466,english,"Even though the game has its flaws, I still keep playing Apex alot. The movement options in this game makes it alot of fun. Still the best BR out there. Haven't found any other shooter yet that keeps my attention for as long as Apex does (I have another 4k hours on origin/EA app",True,0,0,0.5,0,True,False,False,1787586039
1172470,234521837,schinese,大芬游戏 巧克力味的史,False,1,0,0.523809552192687988,0,True,False,False,1788605488
1172470,230082821,english,game made for ♥♥♥♥♥♥♥,False,1,0,0.5,0,True,False,False,1783647301
1172470,229210144,english,"i loveeeeeee this game and i have no job lmao
",True,0,0,0.5,0,True,False,False,1782790896
1172470,233423224,english,,False,0,0,0.5,0,True,False,False,1787404554
1172470,229779610,russian,♥♥♥♥ в рот Октейн мейнеров,True,1,1,0.518518567085266113,0,True,False,False,1783355373
1172470,235498241,english,SBMM or EOMM seriously needs to go. It's 2026. We don't have time for rigged matchmaking and I have other games I'd rather play. Talk about this game treating us as a toxic ex. Smh lol.,False,1,0,0.523809552192687988,0,True,False,False,1789686040
1172470,234637736,english,After they removed arenas I quit. Was the best mode that's happened to this game since launch.,False,0,0,0.5,0,True,False,False,1788715625
1172470,233600466,english,"Even though the game has its flaws, I still keep playing Apex alot. The movement options in this game makes it alot of fun. Still the best BR out there. Haven't found any other shooter yet that keeps my attention for as long as Apex does (I have another 4k hours on origin/EA app",True,0,0,0.5,0,True,False,False,1787586039
1172470,234521837,schinese,大芬游戏 巧克力味的史,False,1,0,0.523809552192687988,0,True,False,False,1788605488
1172470,230082821,english,game made for ♥♥♥♥♥♥♥,False,1,0,0.5,0,True,False,False,1783647301
1172470,229210144,english,"i loveeeeeee this game and i have no job lmao
",True,0,0,0.5,0,True,False,False,1782790896
1172470,233423224,english,,False,0,0,0.5,0,True,False,False,1787404554
1172470,229779610,russian,♥♥♥♥ в рот Октейн мейнеров,True,1,1,0.518518567085266113,0,True,False,False,1783355373
578080,233420021,tchinese,"小時候媽媽都告誡我玩遊戲不要開自瞄 透視 無後座
長大後才知道不是每個人都有媽媽

",True,56,18,0.846036434173583984,0,True,False,False,1787401571
578080,233478052,english,Was once a great game. It is now overrun by hackers and no recoil scripts.,False,94,2,0.801590800285339355,0,True,False,False,1787453978
578080,234090814,schinese,全是挂，玩你麻痹的游戏，操你全家祖宗的策划，你搞你妈的游戏，让你们策划和这些开挂的死全家,False,47,8,0.782892823219299316,0,True,False,False,1788105955
578080,233606725,english,"For me every game that I purchase and it later on turns to Free Game (invites cheaters and chinese farmers for items) I will change my review to fully negative.

Also for every game that introduces new privacy policys, changes the initial rules, puts me to read the changed rules and accept them and dont allow me to just enjoy the original game and I am one sided forced to aprove what ever ridiccilous rule later on... it will be fully negative commet.

WORST GAME EVER!",False,53,3,0.714712142944335938,2,True,False,False,1787591579
578080,233826782,koreana,"어떤 ㅈ같은 짱깨련이 계정 해킹하고 핵썼나 갑자기 중국에서 로그인 됬다길래 비번 변경하고 스팀가드까지 다했는데 정지당하네

갑자기 해킹당하고 할수 있는거 다 했는데도 영정 개같네 진짜. ㅈ같은 중국인 진짜",False,24,4,0.714694797992706299,0,True,False,False,1787842470
578080,234481015,brazilian,"O jogo já foi bom, hoje esta infestado de macro e hack e os desenvolvedores estão cagando para os jogadores limpo do jogo!!!",False,11,0,0.662921369075775146,0,True,False,False,1788557072
578080,235528743,koreana,"이벤트전 자국 스트리머가 방플당해도 그냥 넘어갑시다~
그 국가 공계는 조롱 ㅋㅋ 
어느나라 게임이냐이게?",False,11,0,0.642857134342193604,0,True,False,False,1789733436
578080,235035311,russian,Игра после обновления вылетает как девятиклассница из окна пятнадцатого этажа после неразделенной любви. Разрабы криворукие.,False,7,2,0.613544225692749023,1,True,False,False,1789154353
578080,234446108,russian,"На релизе игра казалась чем-то невероятным — пусть и сырым, как мне тогда казалось.

Люди играли исключительно по фану: устраивали безумные зарубы, экспериментировали, веселились и создавали те самые моменты, ради которых в королевские битвы вообще хотелось играть. Лишь единицы тогда сидели по кустам и углам, выдрачивая каждый пиксель и превращая матч в соревнование по терпению.

Прошло почти десять лет, и самое забавное — игра до сих пор ощущается как сырая недоделка. Только теперь это уже не «сырой, но невероятно перспективный проект», а попросту скучная и морально устаревшая королевская битва.

При этом нельзя отрицать её влияние на жанр. На момент выхода она была событием и подарила массу эмоций. Но время оказалось к ней беспощадно.

Вклад в жанр королевских битв — 10/10.
Эмоции на релизе — 10/10.
Желание играть в неё сегодня — 0/10.

Сейчас я уже не могу её рекомендовать. И дело даже не в том, что появились десятки конкурентов — сама игра просто очень быстро состарилась и сегодня ощущается куда хуже, чем помнится.

А пока писал этот отзыв, вспомнил ещё одну прекрасную деталь: я ведь за неё ещё и деньги когда-то заплатил. А потом её сделали F2P.",False,6,1,0.580419540405273438,2,True,False,False,1788527026
578080,235164840,schinese,这还需要说啥吗，最好的FPS，FPS里面驾驶系统做的最好的游戏，最好的生存游戏，把开挂的通通解决，完美无瑕,True,7,0,0.569778978824615479,0,True,False,False,1789283422
578080,234589368,spanish,"Le hace falta mejorar el loot.
Tiene que poner duos en latam (me obliga a jugar con 2-3 personas mas que no te ayudan en nada)
",False,4,0,0.569378018379211426,0,True,False,False,1788668440
578080,234905952,koreana,"갓겜 인정합니다. 게임을 하면서 청춘을 보냈고 결혼 후 지금까지도 재밌는 취미로 즐기고있습니다.
평생 게임과 함께 늙고싶네요",True,4,0,0.540069699287414551,1,True,False,False,1789040979
578080,233758891,english,"The original and GOAT Battle Royale. What an absolute blast I use to have on this game back when it first came out with the boys. I mean, basically just a dressed up running simulator but still, so fun.",True,4,0,0.558227419853210449,0,True,False,False,1787764632
578080,233992281,schinese,垃圾游戏，只会圈钱，天天上号被外挂打，见面就锁头,False,5,0,0.553950726985931396,0,True,False,False,1788013805
578080,235253258,english,Been playing PUBG since it was not free. I purchased this long time ago. The game was fun that time. Now? They don't even care about the cheaters and bugs. They are ignoring my concern. I even sent them videos of the cheaters. THEY IGNORED IT. They just care about money. They don't care about the comfort of their players. WELL. GG. :),False,2,0,0.545454561710357666,0,True,False,False,1789378802
578080,234650391,russian,"античит - единственное пожалуй что может прервать мою связь с этой изумительной и превосходной игрой под названием пабэджи каллограунд. зачем игре которая сосет донаты с простых смертных вообще требуется возможность играть в вашу игру? можно же просто блокировать вас во время самых интересных и незабываемых моментов в раунде где на кану стоит жизнь твоей команды. лучшая игра если вы не хотите в нее играть, ведь она готова забрать эту возможность просто потому что да. лайк подписка колокольчик. хочу пиво.",False,2,1,0.538461565971374512,2,True,False,False,1788726589
578080,235269892,schinese,出了这么多年的游戏，现在服务器还是一堆bug不修，最近几天更是越明显越不修，反倒是一堆不敢声明的小更新不知道到底在更新什么，卡大厅卡加载卡烟卡连接，蓝洞的人应该是出生的时候脑袋卡在他们母亲的阴道口给他们卡爽了，可能真的需要给他们的母亲再卡点东西进去才能唤醒他们修复bug的动力。至于这些没有一点说明的小更新，既然没有让人感到任何有关游戏体验的改善，那估计又是哪个天杀的玩家薅到羊毛抽出好东西了，以至于吓得要赶紧把爆率再调低点，以免伤害到我们最大方最大度最有格局的西八们的利益，传承于自己国家的超绝敏感肌这一块。而与之相对的是超绝松弛的外挂环境，每次发个虚假公告捏造一下外挂整治名单又能自豪地骗自己一段时间，然后每到周末依旧看挂哥拼演技，不愧是崇尚精神胜利的大国的龙头游戏公司，如果公司的体量和傲慢程度能形成一种比例关系，那我们尊敬的蓝洞一定是能霸凌一切的存在吧,False,1,0,0.523809552192687988,0,True,False,False,1789399065
578080,235184689,english,"The dev's dont do anything about the massive cheater problem in this game, and it just gets worse every season.",False,1,0,0.523809552192687988,0,True,False,False,1789304488
578080,235130506,koreana,"예전에는 유저도 많고 다들 실력이 비슷비슷했는데 이제 너무 고인물 게임이 되어버린거같음ㅠㅠㅠ 배린이 살려줘
그리고 얼굴 좀 이쁘게 좀 바꿔줘라.... 아케이드 모드 제한 풀어라...",True,1,0,0.523809552192687988,0,True,False,False,1789244668
578080,234998547,schinese,优化太垃圾，总是弄一些没用的东西   一直卡大厅,False,2,0,0.523809552192687988,0,True,False,False,1789121403
578080,234918888,schinese,更新太慢越来越垃圾外挂满天飞,False,1,0,0.523809552192687988,0,True,False,False,1789054406
578080,234859419,russian,"Хотите сосать первые 1000 часов? пожалуйста, игра вас ждёт.
Любой чел выше уровнем вас - задрот.
Любой чел ниже 50 уровня читер. 
Кайфуйте.

Аниме гавно добавляется, читеры остаются.",False,1,0,0.523809552192687988,0,True,False,False,1788978712
578080,234804178,english,Game for lower lifeform ♥♥♥♥♥♥♥ troglodytes but when the HB calls me i have to subject myself to mental anguish and torture playing this P.O.S.,False,1,0,0.523809552192687988,0,True,False,False,1788907278
578080,234685714,czech,"PUBG je jedna z her, u kterých je těžké mluvit o jejich významu, aniž bychom zmínili celý žánr battle royale. Právě PlayerUnknown's Battlegrounds totiž patří mezi tituly, které tenhle princip dostaly do mainstreamu a ukázaly milionům hráčů, jak zábavné může být začít zápas prakticky s ničím, postupně hledat vybavení a snažit se zůstat posledním přeživším.

A i když dnes existuje obrovské množství battle royale her, PUBG má pořád svoje místo. Není tak barevné jako Fortnite, nesnaží se být přehnaně arkádové a jeho kouzlo stojí především na napětí, které vzniká z jednoduchého faktu, že další souboj může během několika sekund ukončit celý váš zápas.

Právě to mě na PUBG vždycky bavilo. Začátek hry může působit relativně klidně. Seskočíte, hledáte zbraně, vybavení a snažíte se dostat do bezpečné zóny. Jenže s postupujícím časem se prostor zmenšuje a počet hráčů klesá. Najednou už každý zvuk znamená potenciální problém. Výstřel někde v dálce vás donutí přemýšlet, jestli pokračovat, nebo změnit trasu. Auto projíždějící kolem může znamenat, že se někdo blíží. A když se dostanete mezi posledních několik hráčů, atmosféra se úplně změní.

PUBG navíc dokáže vytvořit situace, které si člověk pamatuje mnohem déle než běžné multiplayerové zápasy. Někdy vyhrajete díky perfektně provedenému útoku, jindy přežijete jen proto, že si vás protivník nevšiml. Občas se všechno pokazí během několika sekund a celý zápas, do kterého jste investovali třeba dvacet minut, skončí jednou špatnou střelou.

Přesto mám u PUBG jeden problém, který je pro mě osobně poměrně zásadní. A tím je konec PUBG Lite. Tahle verze pro mě nebyla jen nějakou osekanou variantou plnohodnotného PUBG. Měla jednu obrovskou výhodu: byla výrazně dostupnější pro hráče s horším hardwarem. Díky tomu jsem si mohl zahrát PUBG i s kamarády, kteří neměli počítače schopné rozjet klasickou verzi. A tenkrát jsem ani já neměl žádnou mašinu, nicméně moje tehdejší Gtx 1050 rozjela lite verzi s přehledem. A právě multiplayer je přitom podle mě jedním z hlavních důvodů, proč podobné hry vůbec hrát. Nejde jen o samotné vítězství. Jde o to, že s několika kamarády skočíte na mapu, začnete si rozdávat vybavení, plánujete další postup a během několika minut se z původně jednoduchého zápasu může stát úplný chaos.

Zrušení Lite verze proto vnímám jako škodu. Ne každý má herní počítač, který zvládne moderní multiplayerové hry bez problémů. PUBG Lite dokázalo tenhle problém elegantně obejít a otevřít hru i lidem, kteří by si jinak PUBG zahrát nemohli. Dnes už se tak může stát, že mám chuť si PUBG zahrát s partou, ale někteří kamarádi se jednoduše nepřipojí, protože jejich počítač plnou verzi neutáhne. A to je možná trochu ironické. Hra, která kdysi dokázala přivést battle royale k obrovskému množství hráčů, je dnes pro část lidí hůře dostupná než dříve.

Samotnému PUBG ale nemám příliš co zásadního vytknout. Není to hra, která by mě pokaždé dokázala nadchnout, a po letech už samozřejmě nepůsobí tak revolučně jako v době, kdy battle royale teprve získávalo svůj dnešní význam. Jenže to není úplně její chyba. Když jste jedním z titulů, které pomohly vytvořit celý žánr, je těžké být pořád tím překvapivým nováčkem. PUBG je dnes především osvědčený základ. Fungující střelba, velké mapy, napětí, loot, taktika a především nepředvídatelnost. Každý zápas může vypadat úplně jinak a nikdy nemáte jistotu, jak skončí.

A přestože už PUBG dávno není jediným battle royale na trhu, jeho historický význam mu nikdo nevezme. Je to jedna z her, které pomohly změnit multiplayer a udělat z battle royale jeden z největších fenoménů moderního hraní. Za mě je tedy PUBG pořád fajn hra. Ne bezchybná, ne revoluční jako kdysi, ale stále dostatečně zábavná na to, abych se k ní dokázal vrátit. Mrzí mě jen, že už u ní nemůžu mít všechny kamarády, se kterými jsem ji hrával dřív. A pak vám nezbývá než doufat, že někdo znovu otevře dveře i těm počítačům, které už dnes nestíhají držet krok.

Hodnocení: 8/10",True,1,0,0.523809552192687988,0,True,False,False,1788774442
578080,234592963,latam,"A etas alturas está muy tryhard para los casuales como yo, pero aun así sigue siendo un buen juego.",True,1,0,0.523809552192687988,0,True,False,False,1788673122
578080,234360363,russian,"Самая лучшая игра! В которой нет багов, нет читеров, игра НЕКОГДА не вылетает! Всё работает как надо! Спасибо разработчикам, за такую отличную игру!",False,1,1,0.523809552192687988,0,True,False,False,1788423012
578080,233889996,russian,"игра полного говна, играют тупорылые хуесосы, которые не выходят из домов!!!!!!!
",False,1,0,0.523809552192687988,0,True,False,False,1787910177
578080,233852461,english,"dude i just redownloaded pubg and ♥♥♥♥♥♥♥♥♥ what a mistake. this game is pure ♥♥♥♥♥♥♥ garbage. graphics look like absolute ♥♥♥♥♥♥♥, like someone smeared vaseline on a 15 year old monitor and called it art. everything is blurry and ugly as hell, characters look like melted plastic and the whole map feels like it was built in microsoft paint.
and the running sounds… bro. every time someone sprints it literally sounds like a guy furiously jerking off. that wet slap slap slap noise is so loud and constant i half expected the game to just start playing porn moans. it’s disgusting. how the ♥♥♥♥ did they ship this.
gunplay is somehow even worse. shooting feels like you’re waving a wet noodle around hoping something dies. recoil is random as hell, bullets go wherever the ♥♥♥♥ they want, and every fight just feels broken and ♥♥♥♥♥♥. i don’t understand how people still play this. are y’all just lonely and have zero self respect or what.
worst experience ever. this game is trash and the people still defending it are even bigger trash. uninstall and go outside.",False,1,0,0.523809552192687988,2,True,False,False,1787863939
578080,233497160,english,"used to be fun, but now its basically a mobile game with micro transactions shoved all over in your face.",False,1,0,0.523809552192687988,0,True,False,False,1787477575
578080,234483043,turkish,Bu oyunu 8 yıl önce arkadaşım beraber oynarız dediği için almıştım fakat bir iki elden sonra kötü oynadığım için bir daha benimle girmedi. Kimseye güvenmeyin iyi oyun oynayın,True,1,0,0.52173912525177002,0,True,False,False,1788559030
578080,234251527,english,Good fun game absolutely ruined by cheaters  has only gotten worse  and the map rotation change seems to have to made the cheaters even more prominent  i like all the large maps and some of the mediums are ok too but the small maps are pure garbage  and just a waste of time  infect it seems the game is now just a waste of hard drive space the last few months have gone down hill real fast literally get a notification that a cheater has been banned or suspended for a few days  only to i guess continue cheating  and ruining it  these notifications a pretty much a daily basis just to giver you some prospective of the shear amount of scumbags running the game for the ones that just want to enjoy it  sadly in it current state i really cannot recommend this game to anyone  unless ur a cheater then i guess you will love this game,False,2,0,0.52173912525177002,0,True,False,False,1788286601
578080,233560494,english,"[h1]A game that never reached it's true potential.[/h1]

This is easily one of the best games made in the past 10 years, with that said... 

Through poor management, cheating issues, poor optimization, scope creep, it failed in making a lasting impact in the gaming community. Yes, there is still an active community but there was a time where if this game had the attention it deserved it could have had the same legacy that counter-strike had with FPS competitive shooters, that's how good the concept was.

Somewhere in 2019-2020 there seemed to be a shift to prioritize micro transactions and the skin market, which basically turned the game into a cheap version of itself that felt more like an arcade shooter. Bunny ears and all. 

Then they launched the mobile version which sucked the soul out the game. More skins, micro transactions, simplistic gaming mechanics. The PC version started to feel more like the mobile version eventually.

New maps, game modes, weapons, etc... were delayed for way too long. Performance still felt sluggish even with multiple rounds of updates, it just never got that polished AAA feel until 3-4 years into release. 

There was a massive exodus of players who felt like the project had been abandoned and the game started feeling stale and dated. The competitive scene in this game was very fun to participate in, but in classic PUBG/KRAFTON fashion, they decided to prioritize third-person competitive play over FPS which alienated everyone except Asia regions.

PUBG was a fantastic game that has been plagued by poor decisions since launch. 

For those people that had been there since beta, it's a total heart break of what this game once was and what could have been.

Coming from a guy who has over 1300+ of PLAYED hours.",True,1,0,0.52173912525177002,0,True,False,False,1787535497
578080,233422733,japanese,"PCの世界を教えてくれてありがとう
ゲームの世界を広げてくれてありがとう
FPSの楽しさ・難しさを学ばせてくれてありがとう",True,3,1,0.565217375755310059,0,True,False,False,1787404107
578080,234671422,english,"Tried playing after YEARS on not and its either all bots or the people you're fighting haven't stopped playing sense 2017, not really fun anymore..",False,2,0,0.515151500701904297,0,True,False,False,1788751812
578080,235373766,english,"It would be good game if every 2-3 games you fight against the cheater, i just witnesed guy killing 16 people , just running and finding where they are hiding ..
i buyed game and now its free , it was funn , but now they need serious anticheat or team behind it , i reported 4-5 cheaters, no one is banned",False,2,0,0.511533260345458984,0,True,False,False,1789531256
578080,234939495,english,"I love this game, however caviot there are a ton of cheaters and they don't do anything to stop them this could be best in the world but they allow cheaters to continue.
",True,1,0,0.510917067527770996,0,True,False,False,1789065203
578080,234550589,english,Absolutely packed with cheaters. It is truly pathetic. Until cheating and producing cheats is illegal pvp gaming is dead. Anyone who denies that cheating is an epidemic is either a cheater or so painfully casual that their opinion means nothing.,False,3,0,0.507494628429412842,0,True,False,False,1788629410
578080,233444287,english,"So many cheater with auto aim, no recoil, not suggest to buy the pass because its useless you pay for playing with cheater",False,1,0,0.50724637508392334,0,True,False,False,1787421720
578080,234070872,ukrainian,"PUBG — це гра, до якої постійно повертаєшся.

Одна з найкращих Battle Royale на ПК. Реалістична стрільба, крута зброя, велика кількість карт і найголовніше — кожен матч проходить по-різному.

Особливо подобається відчуття від перестрілок: коли після довгого луту знаходиш хорошу позицію, чуєш кроки суперника і починається справжня напруга. 🔥

Гра потребує навичок, хорошої реакції та правильної тактики. Спочатку може бути складно, але коли починаєш краще стріляти й розуміти механіку — PUBG затягує по-справжньому.

Мінуси: іноді трапляються сильні суперники, дивні моменти з реєстрацією попадань і токсичні гравці 😄

Але загалом — 10/10.
Якщо любиш хардкорні перестрілки та адреналін — однозначно рекомендую. 🎯🔥",True,1,0,0.506849288940429688,0,True,False,False,1788089947
578080,234287983,english,"Too many cheaters. Developers of the game, or Krafton allow cheating and even pays them to cheat. That's how bad this game is. I only play the game because if I get chicken dinner it means i was better than the cheaters during that period of the game. :)",False,2,0,0.504950463771820068,1,True,False,False,1788333157
578080,233625547,english,Every game has a wall hacker or aim bot in it. Not worth the time when you cant enjoy the game with friends. You can report them but the Devs dont do anything about it.,False,1,0,0.504587173461914062,0,True,False,False,1787609563
578080,233431440,schinese,垃圾游戏，不问缘由，随意封禁玩家。没有任何详细说明，几乎没有任何申诉地方，申诉难度大，垃圾中的垃圾。外挂一堆不封，恶意言论，影响队友不封，就只知道欺负老实玩家。,False,1,0,0.503320038318634033,0,True,False,False,1787411449
578080,233267095,koreana,"시대가 어느 시대인데 아직도 기초적인 임플란트도 하지않느냐 하오챠오칭따오띵하오?

한줄 요약 : 10년 다되가는데 아직도 핵 못잡는(=안잡는) 게임

장르성 : ★★★★★ (이 장르의 근본은 아닌데 강제로 근본됨)
게임성 : ★★★☆☆ (17년도엔 재미있었지... 무료되고 핵이 더 많아짐)
보완성 : ☆☆☆☆☆ (재미<<<<<<<<<가끔 만나는 핵에 대한 짜증감)

장점 :
1. 배틀로얄 장르의 열풍을 일으킨 게임
2. 재미있음 (출시 초기 ~ 2019년 이전 한정)
3. 지금도 재미있음 (1등 먹을 생각 없이 친구들과 한다면)

단점 :
1. 배틀로얄 장르의 퇴보에 쐬기를 쳐박은 게임 (길게 쓸 필요 없이 핵 못잡아서 망해가는 중)
2. 랜덤 매칭 보이스 필수 = 하오챠오칭따오들의 원숭이 합창단에 의한 스트레스. 영어로 소통조차 하려는 의지도 없음
3. 그나마 가볍게 즐기고 싶은 사람들을 위한 캐주얼 모드도 가끔 핵을 쓰러오는 또라이들이 있음
4. '그 나라'와 엮이는거 포기하고 카배로 넘어갈 수야 있다지만 매칭에 인구수 차이가 나는데 참 아이러니.",False,1,0,0.503225803375244141,0,True,False,False,1787233209
578080,235231133,russian,"эта прекрасная игра выдаст вам при запуске 3 серых экрана из 5, а на оставшихся 2-х вас ждет бесконечная загрузка карты. 
5 перезапусков из 5",False,1,0,0.501123011112213135,0,True,False,False,1789345276
578080,235319042,english,Always crashing while in game. My PC specs is more than enough to play this ♥♥♥♥♥♥♥ game,False,1,0,0.50104677677154541,0,True,False,False,1789464641
578080,234957605,english,"Trash game, loading for 5 mins and its been forever",False,1,0,0.50104677677154541,0,True,False,False,1789073572
578080,234926670,english,"Negative.

I earned all the achievements myself. I mostly played duos and squads.

The game used to be better. It felt more hardcore. Sure, it was clunky and inconvenient in some ways, but it had its own vibe and a community where skill actually mattered.

Things really started going to ♥♥♥♥ with the introduction of the Panzerfaust. The MP5 is already a complete circus, but even that pales in comparison to the current RPD. You get 100 rounds, damage, range, and a scope. That's it. That's the final nail in the coffin.

The game is also in a terrible technical state, and I'm not even talking about my GPU. Constant crashes, disconnects, getting stuck in the lobby, teammates' ready status constantly desyncing, potato servers, sudden packet loss while parachuting, and so on.

New features don't solve existing problems. Instead, additions like the craters from the Red Zone introduce even more randomness and reduce how much individual skill matters.

It's basically the exact same thing that happened with War Thunder. They kept loosening things up until the whole game turned into a complete circus. From the perspective of a picky online gamer, the game is simply ♥♥♥♥.

PUBG is following almost exactly the same path, except without the community wars.

They also keep trying to push third-person mode, although I guess most of their money probably comes from the Asian market and PUBG Mobile anyway.

The new maps are garbage too. Rondo is just ♥♥♥♥♥♥♥ awful. I won't even get started on the skins.

The developers keep adding some new ♥♥♥♥♥♥♥♥ supposedly to address the pile of existing problems. Credit where it's due, though: quick access to the match history is genuinely a good addition. Respect for that. Pretty much everything else is garbage.

During the update with the Jujutsu Kaisen collaboration, across six matches, I didn't get sent back to the lobby properly even once. Crashes, anti-cheat errors, account login errors — and some of those happened to both me and my teammate at literally the exact same second. +not working on linux due ♥♥♥♥♥♥ anticheat and Krafton. A lot of cheaters to, due free pubg+, trash. Etc and etc...


So yeah. That's about it.",False,1,0,0.50104677677154541,0,True,False,False,1789059966
578080,235541362,koreana,해킹했다하면 배그에 핵광고쟁이들인데 공식이 오히려 그걸로 광고함,False,0,0,0.5,0,True,False,False,1789746179
578080,235531970,koreana,대회가 남의 게임화면 봐서 저격하는게 허용되는 게임회사 게임입니다. 하지마세요,False,0,0,0.5,0,True,False,False,1789737117
578080,235521147,schinese,真正的外挂不封，老是盯着绿玩封24小时，但凡有个高光击杀就得被24小时，不推荐新人来玩这个游戏了，体验很差劲,False,0,0,0.5,0,True,False,False,1789722484
578080,235520456,schinese,877个小时因私下串通封半个月蓝洞真有你的！ 太好玩了太推荐了 满级的DMA外挂我举报不少一个不封  露头就锁零帧起手 先手打后手让四血反杀 百瑞一枪头打不过丝血AUG   针豪玩儿！,False,0,0,0.5,0,True,False,False,1789721291
578080,235502201,schinese,很开心，可以打枪，可以开车，可以跳伞，可以旅游，满足了一切对游戏 的幻想,True,0,0,0.5,0,True,False,False,1789691601
578080,235493434,english,Constantly changing the modes to lock maps out is pure suckage! not recommending this ♥♥♥♥♥♥♥ piece of ♥♥♥♥ game!,False,0,0,0.5,0,True,False,False,1789680114
578080,235488271,french,"I can't play anymore that game, black smokey screen when I launch and nothing have changed for already one week. No communication about that on Steam. I don't understand. No help, nothing, good bye PUBG.",False,0,0,0.5,0,True,False,False,1789674682
578080,235487444,english,"A very good game, but after it was sold to the Chinese, there are now more cheaters than real players. The game is dead at this point.",False,0,0,0.5,0,True,False,False,1789673863
578080,235476020,schinese,"垃圾依托，更新的屎山，不是闪退崩溃就是ui缺失，就是按键失灵，蓝洞里都是粪吗。外挂也满天飞，垃圾优化，臭狗屎，匹配机制也依托，巨大的依托大便。
老玩家是傻逼吗，那开箱爆率，妈蛋当年怎么花98买这托",False,0,0,0.5,0,True,False,False,1789663232
578080,235476016,schinese,这游戏发布好几年了，每次更新都各种问题，卡界面卡动画，外挂还多,False,0,0,0.5,0,True,False,False,1789663226
578080,235458275,schinese,不是哥们，自从9月9号更新后就一直没法玩，进游戏就卡在烟雾那里，开加速器也没用重装游戏也没用，一个多星期了，还能不能修复了？,False,0,0,0.5,0,True,False,False,1789644922
578080,235457564,schinese,太喜欢封禁绿色玩家了！一点没有把绿色玩家当人看，垃圾游戏。,False,0,0,0.5,0,True,False,False,1789643901
578080,235450751,schinese,游戏挺好玩的，非常欢乐。就是总给我匹配彩笔队友，打了2200小时还是个废物。,True,0,0,0.5,0,True,False,False,1789632777
578080,235443156,russian,"+Интересная механика игры;
+Есть бонусы подстегивающие играть дальше;
-Как только вольетесь в игру и начнете побеждать, вас обязательно выкинет и переподключиться не сможете. Проверьте целостность файлов, якобы неисправно античит-приложения. При том, что после проверки покажет, что все файлы целые, вас в любом случае выкинет. Либо перед запуском игры делайте проверку целостности файлов каждый раз, что бы снизить процент выбрасывания из игры.",False,0,0,0.5,0,True,False,False,1789619353
578080,235409997,russian,"Постоянные баги. Может во время боя выкинуть и больше не зайти. Бывает вообще не загружается игра, черный экран.",False,0,0,0.5,0,True,False,False,1789579140
578080,235406704,koreana,훈련장에서 발차기 넉백으로 악의적으로 따라다니면서 괴롭히는 유저있는데 훈련장에서 훈련을 못하잖음,False,0,1,0.5,0,True,False,False,1789576141
578080,235403605,english,"I never liked this game, but since AI is being used to generate in game content, I now have a reason to express this dislike in the form of a review.",False,0,0,0.5,0,True,False,False,1789573194
578080,235402665,japanese,"何だかんだでアンインストと再インストを数ヵ月～年単位で繰り返す思い出深きゲーム
サノック実装したころにはサノックしかマッチしなくて嫌気が半端なかったけど
最近サノックでやると普通に楽しい、まぁ要はチ〇ターが多かった時期がアカンかったんや！！！
いやー、FPPソロのランクマッチ復活してくれんかなぁ( ^ω^ )
今まで色々とコラボしてて今はPUBGが！無料でプレイ出来ちゃう！",True,0,0,0.5,0,True,False,False,1789572331
578080,235398243,english,"Full of hackers and people who's gaming chair fabric is one with their buttocks

let's get a kick update and let's not do anything about matchmaking and the hackers",False,0,0,0.5,0,True,False,False,1789567966
578080,235377986,russian,"Это отличная игра, конечно нужно что то делать глобально с читерами, в каждой катке они, так же неправильное распределение команд, 20 левл ставят против 500 левла",True,0,0,0.5,0,True,False,False,1789538268
578080,235357170,czech,"its amazing game , chalenging and funny",True,0,0,0.5,0,True,False,False,1789506947
578080,235349356,russian,"역겨운 게임, 돈은 엉덩이로 벌면서 뜯어가고… 반동, 버그, 렉, 형편없는 FPS, 최적화 완전 쓰레기… 잘했어, 계속 그래, 이 배를 침몰시켜… 젠장할 놈들",False,0,0,0.5,0,True,False,False,1789498766
578080,235331571,schinese,"服务器越来越差 
一小时游戏 卡加载半小时，我操你妈
运营10年还有4个人开局有个人加载不进来",False,0,0,0.5,0,True,False,False,1789481228
578080,235329284,schinese,非常值得游玩，体验无数种死法，最近新出的踢腿也可以试试,True,0,0,0.5,0,True,False,False,1789478895
578080,235325362,schinese,"每次更新之后都有各种兼容性问题，外挂横行，本次更新之后各种方法都试了 还是卡烟雾进不去游戏
其他游戏都是游戏来适应电脑，pubg是广大玩家想方设法设置自己的电脑来适配这个破游戏，有能力就把游戏维护好，没能力就停服，有大把的游戏替换你",False,0,0,0.5,0,True,False,False,1789474088
578080,235323282,schinese,玛德在网吧打一把就永久封禁，申诉一点用没有，谁爱玩谁玩,False,0,0,0.5,0,True,False,False,1789471309
578080,235311144,schinese,垃圾服务器 垃圾反作弊 光tm知道出皮肤,False,0,0,0.5,0,True,False,False,1789449493
578080,235291371,german,"Nicht zu empfehlen game ist kaum optimiert und bugs und glitches die seit Jahren bekannt sind werden nicht behoben aber Hauptsächlich alle paar Wochen nen neues Event rausbringen oder nen neuen ''Battlepass,, Fix your ♥♥♥♥♥♥♥ game",False,0,0,0.5,0,True,False,False,1789420195
578080,235277442,english,"I used to love this game. IMHO it was the most intense and well paced battle royale out there. 

Now ... all matches are about 70% bots. The bots are totally incompetent. It makes me very sad that this game turned into a pile of complete trash.",False,0,0,0.5,1,True,False,False,1789406253
578080,235263900,schinese,组队打竞技，开始游戏就掉线三个，垃圾游戏；游戏里总碰见挂，还tm就封一天；玩洲打瓦去了；,False,0,0,0.5,0,True,False,False,1789393181
578080,235257759,schinese,SB游戏，2026年9月10日更新之后就一直卡大厅烟雾，游戏服务器不好好搞，更新些联名有个P用,False,0,0,0.5,0,True,False,False,1789385743
578080,235257511,english,"It's pubg - Good realistic Battle Royal, idk , probably not the best review to get a full picture of the game lmao",True,0,0,0.5,0,True,False,False,1789385425
578080,235251517,schinese,垃圾游戏 ，不是吃鸡，是吃💩 。挂壁一把接一把，老玩家就是韭菜大号啥也抽不到嘻嘻，新建的小号kuku爆东西恶心到家了。不推荐。谁爱当韭菜谁当，我先润了,False,0,0,0.5,0,True,False,False,1789376200
578080,235248852,schinese,垃圾游戏  一更新就各种进不去 各种卡死  游戏体感极差  还要玩家自己摸索解决问题  我是来玩游戏的 不是来给你解决问题的  做不好游戏优化就别上架,False,0,0,0.5,0,True,False,False,1789373035
578080,235248729,schinese,垃圾蓝洞公司，恶意封禁账号，你想封号就封号，把玩家当空气，单方面约束玩家，没开挂不给理由就封禁账号，赶快倒闭,False,0,0,0.5,0,True,False,False,1789372830
578080,235247981,schinese,这个垃圾游戏挂太多  你们把绿色玩家无辜封号 有挂的猖狂至极你说咋玩 怪不得人家有些游戏热度比你们高,False,0,0,0.5,0,True,False,False,1789371459
578080,235245726,english,"This is not a game. It is a whetstone for over 30's. I love 'games' that compliment yourself within the gentle flow of the chronological drift. Stay out of the blue and red, be quiet and cautious you might surprise yourself old man!",True,0,0,0.5,0,True,False,False,1789367048
578080,235233708,turkish,berbar bir oyun motoru ve berbat mekanikleri olan hiç bir gerçek tatmine ulaşamadığınız çünkü hiçbir şeyin mantığının olmadığı vasat altı berbar iğrenç kokuşmuş bir oyun... oynayanlar bir daha düşündüklerinde oyunun ne kadar rezalet ötesi olduğunu anlayacaktır.,False,0,1,0.5,0,True,False,False,1789348219
578080,235232996,russian,"эльдародо посоветоволо мнэ хюйну, оно ни грызет оно кусаетсся так ват к чиму яч пешу ячмень уже вырас и он типирьт болитьтак ват я бульдак к чему я эта вси писиси посиси мисипи ♥♥♥♥♥♥♥♥ пляж кстааати я гей",False,0,1,0.5,0,True,False,False,1789347602
578080,235206416,schinese,杀熟，玩了1000+小时一个拿得出手的枪肤、人物、服饰都没抽出来过。 朋友才入坑单抽都出 我死活不出。,False,0,0,0.5,0,True,False,False,1789321476
578080,235200044,koreana,주술회전 뽑고 싶어서 26만원 질렀는데 안줌. 확률 새 쓰레기임. 돈에 환장했음 그냥. 이제 배그에서 내는 모든 건 안지를거임. 환불 해주셈,False,0,0,0.5,0,True,False,False,1789316433
578080,235197892,english,"Loved this game so much when it launched 9 years ago. But through those 9 years it lost sight of what made people want to play PUBG. Unless you have some friends to consistently play with, would not recommend.",False,0,0,0.5,0,True,False,False,1789314869
578080,235190206,schinese,新手进去，看不到人就没了。抢也压不住，但是对面一打一个准，瞬间打死，匹配到的完全不是同水平的玩家，,False,0,0,0.5,0,True,False,False,1789309034
578080,235179120,schinese,垃圾游戏，没入坑就别入了，抽奖系统吃相难看,False,0,0,0.5,0,True,False,False,1789299259
578080,235172638,schinese,"PUBG，大逃杀类游戏的领头羊，完美接收了H1Z1的玩家群体，喜欢此类游戏的玩家，往往都有游玩几千甚至上万小时的游戏经验。养活了一些主播，也给陪玩带来了新的工作岗位，唯一让人诟病就是，外挂。
一款游戏，一款射击游戏，一款多人在线射击游戏。如果没有外挂，只能说明游戏不火，或者根本不好玩。在这种充斥着外挂的游戏环境下，还有人愿意每天启动游玩，只能说明PUBG真的没有替代品。
你可能要反驳我，提出Apex Legends™也是同类游戏也能玩，那我只能说，从一个泥潭跳到粪坑你很有想法。
这八年多的时间，很多大逃杀游戏昙花一现，停运关服，在一些玩家眼中这类游戏早已无人问津。但是PUBG依然在今年达成了超百万的峰值，人数回春。PUBG早已在游戏史上留下一笔，至于未来如何已经不重要了。
签签到，看看工坊，抽抽藏匿处，搞搞换装，在游戏里跳跳舞，跟好友没事玩两把，还是很开心的。",True,0,0,0.5,0,True,False,False,1789292450
578080,235164413,schinese,更新给劳资更好了啊，天天卡大厅，垃圾玩意！,False,0,0,0.5,0,True,False,False,1789282843
578080,235163105,schinese,不错的游戏，主要没有挂，还是很好玩的，好多年了，依旧好玩。,True,0,0,0.5,0,True,False,False,1789281276
578080,235159637,koreana,"이 가비지 쓰레기 게임을 하는 이유는
이 쓰레기 게임보다 더 좋은 게임이 없다는 것 뿐
니들은 감사해야해 우리들이 이 게임을 해준다는 것에 대해서 말이야
",False,0,0,0.5,0,True,False,False,1789276798
578080,235142526,russian,"I've logged 995 hours of playtime.I have a rating of 5 in the game and I'm running into cheaters. Add a proper anti-cheat; just think about how many people have already been banned thanks to my tickets.


Я наиграл 995 часов. У меня рейтинг 5, и я постоянно сталкиваюсь с читерами. Добавьте нормальный античит; только представьте, сколько людей уже забанили благодаря моим жалобам.",False,0,0,0.5,1,True,False,False,1789256178
578080,235114771,schinese,"已经在PUBG游玩3077小时，这是我最热爱的战术竞技游戏。每一局都充满未知与惊喜，落地搜集物资、规划转移路线、判断敌人位置、谨慎博弈对抗，没有完全相同的对局体验。

游戏自由度很高，既能单人孤身作战感受紧张刺激的生存压力，也能和队友配合沟通，一起跑毒、架枪、互相掩护，体验组队的乐趣。从地图环境的细节，到武器配件的搭配，里面有很多可以钻研学习的内容，可玩性非常强。

我一直坚持绿色游戏，享受纯粹的竞技与生存乐趣。上千小时的游玩时光留下了很多难忘的游戏回忆，真心推荐给喜欢大逃杀、战术博弈类型的玩家，值得静下心体验。",True,0,0,0.5,0,True,False,False,1789232937
578080,235113698,spanish,"una lastima este juego lo compre cuando no era gratis, pague centenares de pases compre varios sking tengo mas de 600 horas de juego hace 3 meses que no lo juego y me bloquearon la cuenta por trampa cuando hace 3 meses que no juego  mandas al soporte y no te dan bola, no es confiable  comprar nada aca por que por un error  de ellos te  bloquean y  perdiste todo lo invertido  la verdad esto si es una gran estafa jueguen pero atento si  van  a  poner plata aca.",False,0,0,0.5,0,True,False,False,1789232114
578080,235110956,schinese,垃圾游戏更新后一堆bug影响游玩，这本应该是游戏公司的事，偏偏让玩家自己解决。另外，外挂一直不管不知道是不是你们ma没了，天天忙着办丧事。,False,0,0,0.5,0,True,False,False,1789230033
578080,235098780,schinese,外挂太多，更新就卡大厅，蓝洞不解决问题,False,0,0,0.5,0,True,False,False,1789220729
1623730,234341314,english,"Palworld gives you options ... whether you die and lose your items or not;  how much daylight and night you want; gives you many options to breed pals and; most of all since I'm an elderly and had a stoke, it allows the option to make the fight less difficult.",True,391,14,0.943396091461181641,0,True,False,False,1788394577
1623730,234540025,english,"This review will probably go unread. It probably won't say anything that hasn't been said a thousand times. But I'm just gonna leave one here just to add another number to the counter to praise the glory of Pocketpair and implore you to give it a try. If anything, to give GameFreak and Nintendo the finger.

Growing up with Pokemon as a kid. Running home right after school every day in hopes to catch the last 15 minutes of the show. Linking up our gameboys to trade Pokemon during lunch and recess. Those memories are forever ingrained in me. As I grew up, I've always hoped Pokemon would grow up with me, but Nintendo and GameFreak had other ideas. They still think we're no better than the kids they market their games to. But I'm sorry. Enough is enough. How lazy can you be when a $7M game made by a small studio surpassed everything you've ever done in the last 30 years? What is your fkn excuse? Is Palworld perfect? Hell no. There's still some glitches here and there. Things can act whonky sometimes. But PocketPair had a vision and chased it. Nintendo and GameFreak lost that decades ago. Their only vision now is just greed, and they'll treat you like you're that innocent, naive child back in 1996. 

So all that Nintendo/GameFreak bashing makes this game great? No. But at this point, we KNOW this game is great. $30 is already a steal for what you are getting. $20 just makes it a no brainer. Support PocketPair. They listened to us. They stuck to their guns to shame the ♥♥♥♥ out of Nintendo. Now the flood gates of other creature capture games are in the line up, and it's all thanks to this one quirky game where you can capture a fkn rocket dragon and shoot an arsenal of guns on the back of to fight a god whale. Keep it up PocketPair. May you never stray down the path of Nintendo/GameFreak, and you will always get my $$ and support for whatever madness you concoct.",True,195,6,0.891077399253845215,0,True,False,False,1788621453
1623730,233667694,koreana,"포켓몬 이새기들은 병@신이 분명하다.
포켓몬을 딱 이렇게 냈어봐라 전세계 동접1위 최다판매량 게임 찍었겠다.
맵디자인은 젤다와 엘든링인데 포켓몬 닮은 녀석들로 크래프팅과 서바이벌이 가능하다.
거점자동화와 교배로인한 개체값 달달위도 가능한 섞을 수 있는 모든 장점을 다 섞어둔 게임.",True,62,0,0.79889446496963501,0,True,False,False,1787665657
1623730,233899560,spanish,"Peak game, f*ck Nintendo. This is what Pokemon fans always wanted.
",True,57,2,0.777364373207092285,0,True,False,False,1787921014
1623730,235334985,french,"[h1]Attrapez-les tous ! Et faites-les travailler ![/h1]

[i]Palworld mélange plusieurs styles, où l'amitié avec les créatures passe visiblement par leur faire fabriquer des armes et trimer à l’usine. [/i]

À savoir avant tout : je suis un joueur solo. Je n'ai absolument pas testé le multi, mais j'imagine que ça doit être tout aussi fun à plusieurs. En tout cas, même seul, il y a de quoi faire pour ne pas s'ennuyer.

Le concept est assez simple : prenez un jeu de survie en monde ouvert, ajoutez-y des créatures à capturer, à entraîner et à faire combattre, saupoudrez le tout d'un peu de construction, de craft et d'armes à feu… et vous obtenez [b]Palworld[/b]. 

On commence sur une île, avec rien dans les poches, puis on construit progressivement sa petite base. Il faut explorer, récolter des ressources, fabriquer son équipement et améliorer ses installations. Jusque-là, rien de particulièrement nouveau pour un jeu de survie.

Puis arrivent les Pals.
Ces petites créatures peuplent le monde et peuvent être capturées pour combattre à nos côtés, nous aider dans notre base ou encore être utilisées pour produire différentes ressources. Chacun possède ses propres compétences et affinités, ce qui pousse rapidement à constituer une équipe adaptée à nos besoins.

Et c'est là que ça devient particulièrement addictif.

On part explorer pour trouver de nouveaux Pals, on les capture, on teste leurs capacités, on les fait travailler dans notre base, puis on repart à la recherche de nouvelles créatures encore plus intéressantes. On se retrouve rapidement à vouloir tous les collectionner…
Sauf qu'ici, quand votre Pal ne vous sert plus à rien, vous pouvez toujours lui trouver une utilité dans une chaîne de production à le faire travailler jusqu’à épuisement.

Parce que oui, [b]Palworld[/b] n'est pas vraiment le monde merveilleux des monstres de poche. C'est plutôt Pokémon si la Team Rocket avait gagné et décidé de pousser le vice de l’esclavagisme à fond.
https://steamcommunity.com/sharedfiles/filedetails/?id=3778546021 

Et pourtant, c'est probablement ce qui rend le jeu aussi amusant.
L'exploration est agréable, le monde est suffisamment vaste pour donner envie d'aller voir ce qu'il y a derrière la prochaine colline, et les combats sont suffisamment dynamiques pour éviter de tomber dans le simple copier-coller du système au tour par tour (là, y’a de l’action ! CA PETE !!!!).

https://steamcommunity.com/sharedfiles/filedetails/?id=3765154271 

La construction et la gestion de la base apportent également une bonne dose de progression. On débloque de nouvelles technologies, de nouveaux bâtiments et de nouveaux équipements, ce qui permet progressivement de transformer notre petit campement précaire en véritable usine à ressources.

À cela, il faut également ajouter une histoire, des quêtes et tout ce qui a trait aux RPG. 
Car ce côté-là n'a pas non plus été oublié. L’île n’est pas déserte, différentes factions s’affrontent et différents objectifs vous attendent au fur et à mesure de votre progression.

Bon, le jeu n'est évidemment pas parfait. Certaines mécaniques peuvent manquer de finition, l'IA fait parfois des choses assez… créatives, et quelques aspects du système de survie ou de construction peuvent se montrer frustrants. Mais rien qui ne m'ait empêché de prendre énormément de plaisir à parcourir le monde et à remplir mon Palpedia (Paldex aurait été un peu trop proche, hein ?).

https://steamcommunity.com/sharedfiles/filedetails/?id=3769649121 

Parce qu'au final, [b]Palworld[/b] est probablement ce qui se rapproche le plus du jeu idéal que j'aurais aimé voir paraître dans cette célèbre licence nipponne…
Un monde ouvert à explorer, presque 300 Pals à découvrir, de l'élevage, des combats, des quêtes et surtout une vraie sensation de liberté.

Et franchement, je ne suis pas certain de vouloir revenir en arrière.

[code]Vous avez aimé cette évaluation?
Retrouvez-en d'autres en rejoignant notre groupe de rédaction: [url=https://store.steampowered.com/curator/9753228/][u]On les préfère froids[/u][/url].
Vous pouvez également consulter ce groupe pour savoir quoi ne [u]pas[/u] acheter: [url=https://store.steampowered.com/curator/18976233/][u]La Purge[/u][/url].[/code]",True,18,1,0.734199047088623047,5,True,False,False,1789484623
1623730,235134015,english,"Imagine the Elden Ring map, Pokemon Legends Arceus gameplay, and the ARK Survival Evolved progression system. Palworld is the greatest survival sandbox game of all time.",True,25,0,0.714520573616027832,0,True,False,False,1789247744
1623730,235484206,english,"I have just under 400 hours in Palworld. This game ranks up there in my top 5 favorite games of all-time. I did the full run-through 3 times over. I have nothing but praise for it. From the ease of play, the freedom of open world, no restrictions on travel except your own limitations, to the brilliant design of the pals themselves. It was hard to shelve this game for a bit ... and I refuse to uninstall it as I know I'll come back to it again and again. I loved every second of it. The battling mechanics, the exploring ... to building a cozy base. I've not invested so much time into a game since Sims 4 (which at 4k hours plus will be hard to beat) But, never say never. I love this game and recommend it with every inch of my soul. Perfection.",True,19,0,0.701203703880310059,0,True,False,False,1789670783
1623730,233665952,russian,"Ru
   Игра меня очень и после релиза она прям расцвела для меня. Интересно выполнять квесты и ловить палов. Больше всего зацепила Сехмет (которая очень похожа на персонажа Анку. Из глобального могу отметить - Большую карту/Много палов/Палов также можно улучшать/Есть гринд вещей и вы как истинный руководитель можете спихнуть на бедных палов которые всё будут делать -Файт/Фарм/Огороды/Сортировка.
  Больше всего меня зацепили разработчики (я наслышан об этом) 1. Они будут расширять игру (удивительно для меня так как большинсто разработчиков пошли пилить новые игры а тут будет новый контент. 2. К модам разработчики относятся спокойно и даже  NSFW контент можно скачать (для любителей таких модов пишу))
Как по мне ценник абсолютно оправдан и стоит тех денег. Если будут вопросы задавайте.
  Eng
The game really impressed me, and after the release, it truly blossomed for me. It’s interesting to complete quests and catch pals. What caught my attention the most was Sekhmet (who is very similar to the character Anku. Among the global features, I can mention: a large map/many pals/pals can also be upgraded/there’s grinding for items, and you, as a true leader, can delegate tasks to your pals, who will do everything — fight, farm, tend to the gardens.Sorting.
  What caught my attention the most were the developers (I’ve heard about this) 1. They will be expanding the game (which surprised me, since most developers have moved on to creating new games, but here there will be new content. 2. The developers are quite open to mods, and you can even download NSFW content (I’m writing this for fans of such mods))
In my opinion, the price is absolutely justified and worth the money. If you have any questions, feel free to ask.",True,19,1,0.691734075546264648,0,True,False,False,1787663903
1623730,235283124,english,"Rating: 8/10

Review: Lets be honest, The game is fun. Its evolved (no pun intended) far beyond the ""Pokemon with guns"" game. It has its on identity, its own mechanics, its on story. The gameplay is smooth and enjoyable. The Pals (most of them) look cool and fun to use. the map is massive and creative. Everything about this game is grand. Almost.

My biggest gripe about this game is the human characters. Most of them still don't have much of a personality after this 1.0 update. Aside from how much marketing Zoe gets, I couldn't tell ya what separates any of the clans, factions, or main characters. The story is a bit mid, but still has enough lore and meat to be engaging. So why are the NPC's so boring? 

Character models look good, pals have real personality and don't just walk back and forth in a line, the creative freedom I have to more or less explore the story and land as I please is great, and the fact that this game runs well on the a handheld PC as well as on a full system is *chefs kiss*. 


TLDR: Really good game. Has come far in development. Need better NPC's. Pals and Environment is top tier. Could use a bit more Character customization options.",True,15,0,0.679005563259124756,0,True,False,False,1789411721
1623730,234344690,polish,"Moje owce pracują w fabryce na trzecią zmianę i chcą organizować związki zawodowe. 
Zredukuje je do postaci mięsa, zarząd będzie dumny.",True,10,8,0.663053691387176514,0,True,False,False,1788398894
1623730,234732602,english,"A great game, but only pick it up if you have friends to play with and plenty of free time—after 40 hours, I feel like I haven't even scratched 20% of it.

The progression gets quite grindy over time, so playing co-op makes a massive difference. While survival craft games aren't usually my cup of tea, this is an absolute 10/10 for hardcore fans of the genre.

Tip: Grab this fast travel mod to tweak travel restrictions—it eases up on the travel grind and works seamlessly in multiplayer.
https://www.nexusmods.com/palworld/mods/3759?tab=description",True,24,1,0.650789082050323486,6,True,False,False,1788818288
1623730,234553793,english,"Consider my creature collecting and base building itches scratched for a good while.

There's a LOT here that I enjoyed. The exploration was great, there's a wide variety of critters to catch, plenty of craftables to make, and the breeding mechanics can get crazy in-depth if you want to dig into them. In all honesty, I enjoyed this way more than I have the last few mainline Pokemon games I played. Will I 100% it? Probably not, but that's more just not wanting to bother tracking down all of the stat boosting relics than anything else.

There's a bit of jank to the combat in that certain beam type moves seem to melt anything regardless of typing, and the grind for resources can be pretty rough, but it's nothing insurmountable. It's clearly designed for multiplayer servers ala ARK, too. There's pretty obvious clearings for base building dotted around the map, and it feels a bit lonesome with no other activity in them.

Still, if you can get past the meme of ""Pokemon with Guns"", it's a good time.",True,13,0,0.638273060321807861,0,True,False,False,1788631996
1623730,234236897,schinese,好喜欢玩幻兽帕鲁啊，我看帕鲁们也是萌嘟嘟的~但是真的非常肝啊，早晨坐到电脑前玩幻兽帕鲁再一看表已经是凌晨了吗？果然玩幻兽帕鲁就会统一使用帕鲁世界时间，还要变得更强才行啊！！！,True,10,5,0.638175845146179199,0,True,False,False,1788273165
1623730,233780621,english,"Such nice and chill game! The greatest single player game I've played so far, I love it :)",True,22,1,0.628883779048919678,0,True,False,False,1787785257
1623730,233786713,latam,"esta bueno, puedo crear mi propia fuerza militar privada de soldados sin fronteras cuyos miembros no pertenecen a ningún país mas solo a la causa de la ""paz"" como señor de la guerra...con skins adorables 10/10★",True,9,3,0.626062333583831787,0,True,False,False,1787792823
1623730,233791377,latam,A mi Lamball le dió depresión y dejó de trabajar bien así que tuvimos que sacrificarlo y cocinarlo 10/10,True,8,2,0.61538463830947876,0,True,False,False,1787798799
1623730,233513263,polish,"Żałuję, że tak szybko skończyłem wszystkie wieże na Hard oraz rajdy. Teraz niestety czuję już, że zrobiłem wszystko, do czego mogłem progresować. Gra warta polecenia, 150 godzin zleciało w chwilę.",True,6,0,0.61538463830947876,0,True,False,False,1787493414
1623730,234310745,russian,"✅ Плюсы:

✔ Затягивает с первых часов. Наиграв почти 80 часов, пройдя весь основной сюжет и большую часть дополнительного контента, могу сказать — игра реально обалденная. Особенно если вы любите жанр песочниц.

✔ Удачное сочетание жанров. Palworld умудряется смешать в себе сразу несколько игр: немного Minecraft, ARK: Survival Evolved и Terraria. От каждой она берёт интересные идеи и собирает из них довольно необычную смесь.

✔ Огромное количество контента. Исследование мира, строительство базы, прокачка, ловля палов, сражения, производство и куча других занятий. Плюсов настолько много, что я просто заебусь их все перечислять)

✔ Палы. Система ловли и использования палов отлично вписывается в выживание. Они не просто коллекционные существа — их можно использовать в бою, на базе и для различных задач.

✔ Исследование мира. Мир достаточно большой, и исследовать его действительно интересно. Постоянно находишь новые места, ресурсы, палов и различные активности.

✔ Базы и автоматизация. Постепенно можно превратить свою базу в настоящую фабрику, где палы будут выполнять большую часть работы. За этим довольно интересно наблюдать и постоянно хочется что-то улучшать.

❌ Минусы:

❌ Просадки FPS на больших базах. Под конец игры, когда на базе становится слишком много палов, производительность может проседать примерно до 30 FPS на эпических настройках. Тут либо смириться, либо снижать графику.

❌ Музыка и звуки. Они просто нормальные. Не могу сказать, что они плохие, но и хорошими их назвать не получится. За всё прохождение я практически ничего из саундтрека даже не запомнил.

❌ Проценты ловли палов. У меня иногда складывалось ощущение, что эти проценты работают просто рандомно. Могу спокойно поймать пала с шансом 5–10%, а потом потратить кучу попыток на того, у кого шанс 75%+.

❌ Древние технологии. В конце игры у меня накопилось огромное количество очков древних технологий, при этом обычных постоянно не хватало. Было бы намного удобнее сделать какой-нибудь обменник или машину, которая могла бы конвертировать один тип очков в другой.

💬 Итог:

Palworld — игра, которая реально смогла меня затянуть. Почти 80 часов, весь основной сюжет и большая часть дополнительного контента — и при этом я всё равно получил огромное удовольствие.

Да, у игры есть проблемы с производительностью, звуком, системой процентов ловли и балансом технологических очков. Но самое интересное, что даже после того, как я перечислил столько недостатков, впечатление от игры у меня осталось очень положительное.

Если вы любите песочницы и выживачи — Palworld однозначно стоит попробовать.

⭐ Оценка: 7.5/10 — очень затягивающая песочница с огромным потенциалом, которой ещё есть куда развиваться.",True,9,0,0.610163688659667969,0,True,False,False,1788362858
1623730,233731533,tchinese,好玩，我是正式版才開始玩的，經驗建議設0.1~0.5倍就好，可以完整體驗科技伴隨等級成長，而不會跳過一堆東西。推薦到工作坊安裝一些mod，如【建築無限制】【基地內共享材料】【箱子倍率增大】等，不會過分影響到遊戲體驗的同時也能方便許多,True,6,0,0.606318652629852295,0,True,False,False,1787737947
1623730,233728551,schinese,讲真的，《幻兽帕鲁》就是典型的优缺点极端分明的游戏，好玩是真的上头，槽点也多得吐不完。首先剧情基本等于摆设，哪怕更新了多结局，整体故事依旧很单薄，没有完整的主线脉络，全程就是闯关、打塔主、探索岛屿，几乎没有人物刻画和剧情铺垫，纯粹就是为抓宠、建基地找个由头，想玩剧情向内容的基本可以直接劝退。不过它的角色和帕鲁立绘真的很加分，画风清新可爱，每只帕鲁造型设计都不一样，萌点拉满，辨识度超高，人类角色建模简约耐看，整体视觉体验很舒服，颜值这块完全挑不出毛病。游戏背景音乐特别贴合氛围，野外探索的曲调轻松治愈，挂机建基地时舒缓放松，打怪、挑战高塔BOSS时节奏瞬间拉升，氛围感拿捏得很到位，听着很耐听。玩法是它爆火的核心，融合了抓宠、生存、建造、自动化工厂，玩法自由度超高，驯服帕鲁打工、打怪、代步，联机和朋友开荒乐趣翻倍，前期开荒特别解压。但必须吐槽，游戏半成品感很重，优化一般，偶尔卡顿卡地形、出BUG，而且后期内容极度空虚，基地成型、帕鲁练满后就只剩重复刷资源，玩久了很容易腻。整体适合联机摸鱼解压，纯玩法爽游，千万别对剧情和长线内容抱太高期待。,True,7,1,0.600602865219116211,0,True,False,False,1787733815
1623730,235054062,brazilian,"Jogo bom recomendo, da para pegar os Pals de tudo que e jeito e os Pals sao grandes e pequenos, largos ou magros, um jogo excelente para jogar com os amigos e elogiar os mais diferentes Pal que cada um pegou ou montou, um jogo muito bom recomendo para todas as idades, principalmente para pessoas maduras com amigos bacanas",True,6,6,0.60000002384185791,0,True,False,False,1789171369
1623730,233687787,turkish,"Palworld’ü ilk yayınlandığı ve erken erişim sürecinde olduğu dönemlerde oynayanlardan biriyim. Hatta o zamanlar oyunu oynarken “Bunun her şeyi hatalı gibi” diyerek eleştirdiğimi çok net hatırlıyorum. Mekanikler, sistemler ve genel oynanış açısından birçok şeyin henüz oturmadığını düşünüyordum.

Fakat 1.0 sürümünün yayınlanmasının ardından oyuna tekrar bir şans vermeye karar verdim. Açıkçası karşılaştığım şey beklediğimden oldukça farklıydı. Stüdyonun oyunu ciddi anlamda elden geçirdiğini, eksiklerini büyük ölçüde toparladığını ve erken erişimdeki haline kıyasla çok daha oturmuş bir deneyim sunduğunu görmek beni gerçekten şaşırttı.

Hatta öyle ki, tekrar başladığım bu süreçte yaklaşık bir ay içerisinde 300 küsur saat oynadığımı fark ettim.

Palworld’ün en çok eleştirilen ve aynı zamanda en çok konuşulan taraflarından biri, başka oyunlardan fazlasıyla tanıdık gelen objeler, mekanikler ve fikirler barındırması. Bunu inkâr etmek zaten mümkün değil. Ancak bana göre Palworld’ü ilginç yapan şey tam olarak burada başlıyor.

Çünkü stüdyo, oyuncuların alıştığı klasik oyun mantığının dışına çıkarak birbirinden farklı türleri tek bir potada eritmiş. Hayatta kalma, açık dünya, üs kurma, üretim, keşif, savaş, yaratık toplama ve RPG mekaniklerini bir araya getirerek, ilk bakışta oldukça karmaşık görünen ancak parçaları birbirine şaşırtıcı derecede iyi uyum sağlayan bir yapı ortaya çıkarmış.

Başka oyunlarda gördüğümüz birçok mekanik Palworld içerisinde kendisine yer buluyor. Fakat önemli olan yalnızca bu mekaniklerin nereden geldiği değil, bunların bir araya getirildiğinde nasıl bir deneyim oluşturduğu. Palworld burada farklı türleri başarılı bir şekilde harmanlayarak, ortaya farklı türlerin başarılı bir sentezini çıkarmış.

Bu sentezin en büyük başarısı ise sistemlerin birbirinden bağımsız hissettirmemesi. Üs kurmanız Pallerle olan ilişkinizi, Pallerinizin yetenekleri üretim sisteminizi, keşif yaptığınız dünya ise savaş ve ilerleme sisteminizi doğrudan etkiliyor. Böylece oyundaki farklı mekanikler birbirini besleyen bir döngü oluşturuyor.

Ancak Palworld’ü yalnızca oynanış mekanikleri üzerinden değerlendirmek bence oyunun asıl ilginç tarafını gözden kaçırmak oluyor.

Oyunun biraz daha derinlerine indiğinizde, yanınızda dolaşan Pallerin aslında oyuncuya anlatmaya çalıştığı başka hikâyeler olduğunu fark ediyorsunuz. Bu anlatım doğrudan yüzünüze vurulmuyor; daha çok Pallerin karakterleri, davranışları ve dünyayla olan ilişkileri üzerinden kendisini gösteriyor.

Örneğin kıskançlık, tembellik ve öfke gibi insanlara özgü zaafların Pallerin karakterlerine ve davranışlarına yansıtılması oldukça dikkat çekici. Bunun yanında açlık, stres, yorgunluk, hastalık ve çeşitli sağlık sorunları gibi durumların da Pallerin davranışlarını ve çalışma düzenlerini doğrudan etkileyebilmesi, onları yalnızca oyunda kullanılan birer araç olmaktan çıkarıyor. Daha da ilginç olanı ise bu özelliklerin yalnızca tek tek Paller üzerinden değil, birbirleriyle ve oyuncuyla olan ilişkileri üzerinden de ortaya çıkması. Onlara nasıl davrandığınız, ne kadar çalıştırdığınız, ihtiyaçlarını ne kadar karşıladığınız ve onları nasıl yönlendirdiğiniz, zaman içerisinde Pallerin durumlarını ve davranışlarını değiştirebiliyor. Bu yönüyle oyun, oyuncuya yalnızca “sahip olduğun Pallerden ne kadar verim alabilirsin?” sorusunu değil, aynı zamanda “onlara nasıl davranıyorsun ve bunun sonucunda neye dönüşüyorlar?” sorusunu da sorduruyor
Bir süre sonra fark ediyorsunuz ki Paller sadece yanınızda savaşan, çalışan veya üs içerisinde size yardım eden yaratıklar değil. Aynı zamanda insan doğasının bazı karanlık taraflarını temsil eden birer araç haline geliyorlar.

Ve belki de oyunun en güzel taraflarından biri burada ortaya çıkıyor:

İlk bakışta yalnızca farklı oyun türlerinin bir araya getirilmesinden oluşan karmaşık bir yapı gibi görünen Palworld, biraz derine indiğinizde insan doğası, yozlaşma ve sahip olduğumuz zaaflar üzerine düşündüren bir dünyaya dönüşüyor.

Palworld benim için bu noktada oldukça ilginç bir deneyime dönüştü. Erken erişimde oynayıp “her şeyi hatalı” diyerek bıraktığım bir oyunun, 1.0 sürümünde karşıma bu kadar farklı ve oturmuş bir şekilde çıkması, stüdyonun oyuna ne kadar ciddi yaklaştığını gösterdi.

Elbette Palworld kusursuz değil. Başka oyunlardan aldığı veya fazlasıyla benzetilen mekanikleri hâlâ tartışılabilir. Fakat bir oyunu değerlendirirken yalnızca parçalarının nereden geldiğine bakmak yerine, bu parçaların bir araya getirildiğinde nasıl bir bütün oluşturduğuna da bakmak gerekiyor.

Ve Palworld, farklı türlerden aldığı fikirleri bir araya getirerek bunları kendi dünyası içerisinde birbirini tamamlayan sistemlere dönüştürmeyi başarmış.

Benim açımdan ise en büyük sürpriz, erken erişimde eleştirdiğim oyunun bugün bana bir ayda 300 küsur saat oynatmış olması.

Sanırım bazen bir oyuna ikinci bir şans vermek gerekiyor.",True,5,0,0.598540186882019043,0,True,False,False,1787683760
1623730,233760981,english,"This is largely a neutral review. 

So, you saw the youtube videos, the jokes, memes, artwork and so on. Here are the things you wouldn't know by now.

* If you played craftopia this is largely the same game. In fact I seemed to even recognize some of the assets. Though most people haven't ever heard of craftopia. 
* This is not a chill game. It can be very brutal andexhausting. 
* Base building is not optional. The game strongly forces you to settle down somewhere, and then babysit this tiny piece of land cramming more and more machinery and harvesting more resources for it.
* Speaking of which, I played base building (factorio, satisfactory, conan exiles, space engineers, no man's sky, and others), Palworld lacks things here. Existing mechanics are bare bones and so is pal control. For example, there are lazy workarounds. If a pall can't path to a goal, the game just drops the pal in the middle of a base. Sometimes they stand on top of stations, or interact with them at large distance, and so on.
* Automation lacks a lot of QoL features. Control over employed pals is not great, you can't queue multi-step item construction, etc.
* Combat in the game is mostly fighting turrets. Every pal is a turret which will spam homing projectiles, giant beams, AOEs and so on. There are also ""meme beams"" you've seen on youtube, those shoot through obstacles. They're very real. 
* Around level 30 game begins to slow down where crafting begins taking too much time. By level 50 it becomes unbearable. For example, I tried to honestly craft ""Pal Metal"" armol, it took 3 hours for involved pal to just refine it, and it was level 5 kindling.
* Then comes expensive structures which can take more than 30 to 60 minutes to build, unless you invested into work speed, then it'll be five to ten minutes of staring at the timer countdouwn while it is building.
* Then there's crafting of higher tier spheres and ammunition. The higher is item's rank, the longer it takes to build, to make it faster you need better Pals, but to get those pals you need better spheres.
* Some weapon progression is very weird, higher tier rifle can deal less damage than a muskets while also using more expensive ammo.
* So all things considered, the fastest way to defeat some boss is to spam spheres or overlevel the boss by 10 levels or so. Which obviously does not work when you hit the level cap or when the boss is immune to capture.
* You also don't get xp from killing, only from capturing 5 kinds of monsters, defeating bosses for the first time and unlocking teleportation points. So by level 50 you'll be combing the map for creatures, bosses, etc you missed.
* All those activities seem to be perfectly spaced to get you to next level after you do them N times, which makes me wonder why have xp at all. 
* Level difference is insurmountable. If you're level 30 running into level 60 monster, you can't skill it via combat. Though I guess if by a miracle you somehow got proper sphere, you could trycapturing the monster. 
* There's heavy use of asset store assets for landscape and so on. Pals/monsters have consistent design, but it is often at odds with more realistic world. Quality is not level, some of the base tiles look a lot worse than others. ""Poymer"" set significantly lacks detail for example.
* The world is very empty. The landscape and landmasses are sculpted and aren't bad, but there are very few landmarks within, and usually it is just roaming identical groups here and there. Could use more visual/etc polish. 
* There is pal breeding. But breeding is gated by time, egg hatching is gated by time, and in order to produce a pall you need cake, which is gated by having to farm even more resources. Compare it to shin megami tensei nocturne, where you could just go, fuse monsters and get result instantly. 
* The game also could use larger variety of combat skills. Monsters reuse attack spells, and there aren't many of them. There's hurled mud, hurled rock, several variations of hurricanes, several types of meme laser beams, some AOEs.... but variety is smaller compared to monster designs. 
 
All of this together creates impression that progression is wrong. As in you are not getting weapons you should've gotten, things arrive too late, they deal too little damage, and maintaining them is too much hassle. 

So beyond level 50 it is a good idea to adjust item settings. Disable equipment decay, for a start, remove death penalty, reduce hunger, maybe increase regeneration outside of combat. Near the end of the games the bosses have nintendo difficulty. With final bosses it is nintendo difficulty cubed. The main issue here is that there are good and complex systems in the game but they're buried and game never shows them. By the end suddenly elemental vulnerability become important (because you can't outlevel things which hit level cap), but you never used them. Same goes for accessories and so on. Certain bosses require stacking accessories. 

And in addition to to that you might want to use save editor just to give you all the annoying resources so you can just build stuff. Like I said, refining metal for hours just to make an armor (which won't help anyway) is not fun.

Speaking of combat, combat is odd, because while fights are cinematic, The game loves spamming AOEs that are far too large to dodge, and just has areas where AOE just covers everything mid-fight. 

Having said that the developer definitely played their cards right with this. Used craftopia as prototype, and got all the money from people who were hungry for alternative monster game content.",False,22,4,0.596921265125274658,0,True,False,False,1787766518
1623730,235295699,brazilian,"Simplesmente maravilhoso, um jogo que era pra ser um meme se tornou tão famoso, enfrentou até processos da Nintendo, mas está aí, firme e forte, gráficos bons, muitas horas de diversão. Faz tempo que um jogo não me mantém tanto tempo jogando. Cutscenes muito top, história bem legal, tranquilo para quem quer platinar. Não achei tão difícil, montando a build certa, consegue matar todos os bosses tranquilamente. Amei, os bichinhos são tão fofinhos, é difícil falar o nome dos bichinhos sem rir kkkkk. Nota 10, Demorei para jogar, deveria ter comprado antes, Valeu cada centavo comprem sem medo que vão amar. ❤️",True,12,0,0.643737971782684326,0,True,False,False,1789425523
1623730,235428306,russian,"Если описывать совсем просто, то это как Genshin Impact, только с полноценным выживанием, строительством базы и коллекционированием существ. Исследуешь огромный красочный мир, находишь новые локации, сражаешься с боссами и постоянно отвлекаешься от основной цели, потому что где-то вдали заметил интересного Пала. Только здесь за красивыми существами не нужно лезть в гачу: увидел, победил, поймал и забрал себе.

Палы не просто бегают рядом и участвуют в сражениях. На них можно путешествовать по земле, воде и воздуху, а у многих есть собственное оружие или полезные способности. Одни добывают руду, другие выращивают растения, поливают грядки, производят электричество или помогают создавать предметы. Поэтому хочется ловить не только самых сильных и красивых, но и тех, кто пригодится для развития базы.

Коллекционирование отлично связано со всеми остальными механиками. Каждый новый Пал может открыть дополнительную возможность в бою, ускорить производство или просто стать удобным транспортом. Потом начинается разведение, поиск редких особенностей и создание почти идеальных существ. Я эти вообще занимался почти весь end game игры, чтобы вывести топ палов около часов 40.

Здесь есть добыча ресурсов, крафт, строительство, оружие, броня, голод и постепенное развитие технологий. При этом выживание не превращается в бесконечное рубление одного дерева. Со временем большую часть рутины можно автоматизировать: строишь плантации и фабрики, распределяешь Палов по рабочим местам и наблюдаешь, как база начинает жить самостоятельно.
Особенно хорошо работает само исследование мира. Постоянно находишь подземелья, редких Палов, опасные территории, новых боссов и ресурсы для следующего этапа развития. Получил летающего Пала, и уже знакомые места раскрываются с другой стороны. Сделал более мощное оружие, и можно отправляться туда, где раньше тебя уничтожали за несколько секунд. Игра почти всегда даёт причину сделать ещё один небольшой шаг, который незаметно превращается в несколько часов.

В кооперативе всё это работает ещё лучше. Можно вместе исследовать мир, строить огромную базу, распределять обязанности, охотиться на боссов или наблюдать, как друг случайно начинает войну со всей местной охраной. Здесь достаточно занятий и для любителей сражений, и для строителей, и для тех, кто готов часами собирать полную коллекцию Палов.

Palworld объединяет открытый мир, выживание, строительство, автоматизацию и коллекционирование существ в одну невероятно затягивающую игру. Все механики дополняют друг друга, поэтому практически любое действие помогает дальнейшему развитию. Поймал нового Пала, улучшил базу, открыл технологию, победил босса и отправился исследовать следующую область.",True,5,0,0.593287825584411621,0,True,False,False,1789598089
1623730,235569718,brazilian,"pegar pal foi melhor coisa que fiz na vida.
estou viciado em pegarl pal
penso em pal o dia todo
nao consigo mais viver sem pal
minha vida sem pal ja nao faz sentido
amo montar em pal
tem pal grande pequeno 
cada pal tem seu jeito😏

10/10
",True,9,1,0.642857134342193604,0,True,False,False,1789774218
1623730,234894718,spanish,"Tras haber superado las 1.000 horas de juego y haber presenciado la evolución del título desde sus etapas tempranas hasta su versión final 1.0, resulta evidente que Palworld es algo más que la suma de sus memes virales iniciales. Pocketpair ha logrado consolidar una propuesta que fusiona con notable solidez la recolección y crianza de criaturas con mecánicas avanzadas de supervivencia, automatización de bases y combate de acción en tiempo real.
No estamos ante una experiencia impecable, pero sí ante un título ambicioso, enormemente adictivo y estructurado de forma que recompensa tanto la dedicación diaria como la planificación estratégica a largo plazo.

Puntos fuertes
•	Bucle de juego y automatización profundo:
El verdadero corazón de Palworld a largo plazo radica en la gestión de bases y la especialización de las criaturas (Pals). La sinergia entre las aptitudes de trabajo de cada especie y las líneas de producción avanzadas ofrece una sensación de progreso constante. Optimizar cadenas de recolección, minería, agricultura y manufactura es sumamente gratificante.
•	Sistema de crianza e ingeniería genética:
Para los jugadores apasionados por la optimización de atributos (endgame), el sistema de reproducción es uno de los apartados más sólidos. La selección sistemática de pasivas y la transmisión de habilidades permiten diseñar composiciones de equipo verdaderamente únicas, lo que justifica por sí solo cientos de horas de contenido técnico.
•	Exploración y progresión de combate:
El mapa ofrece una escala respetable con una distribución vertical bien resuelta gracias al uso de monturas terrestres, acuáticas y aéreas. El combate, respaldado por la variedad de armamento del jugador y la interacción activa de las habilidades de los Pals, mantiene una dinámica ágil tanto en incursiones de mazmorras como en los enfrentamientos contra jefes de torre.
•	Flexibilidad de servidor y multijugador:
La capacidad de ajustar minuciosamente los parámetros del mundo (tasas de captura, tiempos de eclosión, daño, desgaste de recursos) permite adaptar la experiencia tanto para sesiones en solitario como para servidores comunitarios competitivos o cooperativos.

Aspectos a considerar y margen de mejora
•	Inteligencia artificial y pathfinding en bases:
Aunque la versión 1.0 ha mitigado significativamente los cuellos de botella respecto al lanzamiento en acceso anticipado, la IA de los Pals aún experimenta fallos puntuales en la asignación automática de tareas o en la navegación por construcciones multinivel complejas. Requiere que el jugador diseñe bases relativamente despejadas para evitar problemas de ruta.
•	Curva de contenido en la fase final (Endgame):
Superado el nivel máximo y habiendo optimizado las cadenas de producción principales, el juego depende en gran medida del interés del usuario por la crianza perfecta, los jefes de Incursión (Raids) y la superación de desafíos autoimpuestos. La adición de biomas y eventos finales ayuda, pero el ritmo se ralentiza considerablemente en el tramo tardío.

CONCLUSION
Palworld 1.0 cumple con creces lo que promete. Es una obra que entiende el atractivo de la recolección de criaturas y lo integra sin complejos en una estructura de supervivencia moderna. Si disfrutas de la optimización de recursos, la exploración de mundos abiertos y la crianza meticulosa, este juego ofrece un valor por hora invertida difícil de igualar en el catálogo actual de Steam.
Un título totalmente recomendable que ha sabido pulir sus cimientos y establecer una base muy firme para el futuro de la franquicia
",True,5,0,0.583333313465118408,0,True,False,False,1789022321
1623730,234240138,schinese,游戏做的还行，就是本地联机做的太垃圾了，经常性进不去房间，真的无语，官方就不能优化一下本地联机吗！,False,7,1,0.580952107906341553,0,True,False,False,1788276140
1623730,233867681,english,"Palworld starts out as a genuinely enjoyable experience. The early game feels fresh, creative, and full of energy. The open world is fun to explore, the environments feel alive, and catching new Pals is exciting. The survival mechanics are simple but satisfying, and the base building system gives you a sense of progress without overwhelming you. For a while, the game strikes a perfect balance between exploration, crafting, and discovery. You feel like you are constantly moving forward, unlocking new Pals, expanding your base, and learning new systems. The early hours are easily the strongest part of the game.

As you push deeper into the crafting system, the experience begins to change. The moment you start working on heavier items like guns, advanced machinery, and high tier crafting stations, the workload increases dramatically. Even with a full base of Pals helping, the amount of resources required becomes unreal. You spend long stretches gathering materials, waiting for production to finish, and managing workstations, but the payoff never matches the effort. The progression stops feeling like survival and starts feeling like a grind fest.

The struggle becomes even more obvious when you begin spending rare resources. Ore, ancient civilization cores, and high tier parts are required for almost everything in the mid and late game. Ore fuels nearly every crafting recipe, including ammo, metal parts, machinery, and upgrades. Ancient civilization cores are needed for powerful gear and advanced stations. High tier parts are required for weapons and late game equipment. All of these resources are extremely time consuming to gather, and even with Pals supporting you, the process feels slow and repetitive. You end up spending more time farming the same resource nodes than exploring the world or enjoying the creative systems that made the early game so fun.

The disappointment becomes even stronger once you finally craft guns. You invest a huge amount of time gathering rare materials, building the required stations, and grinding for ore, but the weapons feel weak once you use them. After all that work, they do not deliver the power or satisfaction you expect. It feels like the game punishes you for trying to progress. The reward does not match the effort, and the excitement of unlocking new gear fades quickly.

As the game continues, the survival elements become less important. Hunger, temperature, and exploration challenges fade into the background. Instead, the entire experience becomes centered around resource farming. Ore becomes the core of the mid game. Ancient civilization cores become the gatekeeper for late game progress. High tier parts become the bottleneck for weapons and machinery. The game slowly shifts from a survival adventure into a repetitive grind where you spend more time managing production lines than actually playing in the world.

Palworld shines in its early game with a fun world, great exploration, and a strong gameplay loop. The mid and late game struggle under the weight of the crafting system. The grind becomes overwhelming, the rewards feel underpowered, and the pacing loses its momentum. The balance between effort and reward collapses, and the excitement of discovery is replaced by long stretches of repetitive farming. Palworld has incredible potential and an amazing start, but the heavy crafting requirements and resource grind take away a lot of the enjoyment once you reach the deeper stages of the game.",False,15,2,0.579742670059204102,0,True,False,False,1787880129
1623730,234467957,german,"Palworld ist vermutlich das was Pokemon schon immer hätte sein sollen, ein lebendiges Open-World-Adventure mit spaßigen Kämpfen. Das Spiel erfindet das Rad nicht neu, es werden nämlich Spiel-Elemente aus dem Pokemon Franchise übernommen wie das übliche Sammeln von ""Pals"", aber erweitert dieses mit Survival Crafting, und das mit enormen Erfolg. Dieser Mix beider Genres passt harmonisch sehr gut zusammen, denn es werden für bestimmte Einrichtungen gewisse Pals benötigt die diese Arbeit verrichten können. Somit ist der Anreiz dementsprechend hoch neue Pals zu fangen, weil diese vielseitig nutzbar sind. Das Ziel des Spiels ist es, deine Pals zu stärken, zu erkunden und eine eigene Basis aufzubauen, während du spannende Kämpfe bestreitest.


Pro:
+ Wunderschönes Welt-Design mit Bergen, Flüssen
+ Pals die vielseitig nutzbar sind: im Kampf, beim Bauen, Sammeln oder gar zum Fortbewegen
+ Fokus liegt auf den Pals, weniger auf klassischem Survival-Crafting
+ Echtzeit-Kampfsystem mit fordernden Kämpfen
+ Gut durchdachtes Levelaufstieg-System mit RPG- Elementen (Rüstungen, Gebäude, Waffen werden freigeschaltet usw.) 
+ Auch im Online-Koop spielbar

Contra:
- Etwas Grind-lastig in manchen Abschnitten (üblich bei Survival-Crafting Spiele)
- Letzter Drittel recht schwer 

Alles in allem überzeugt Palworld als Survival-Crafting-Spiel wirklich und hat mich überraschend besser gefallen, als ich es erwartet hätte. 

Fazit: 8/10
",True,4,0,0.569179892539978027,3,True,False,False,1788545647
1623730,233690007,english,"The plot is paper thin, the crafting well overstays its welcome, and there is plenty of jank. All that said it does well at creating a large open world that's surprisingly fun to explore without aggressively leading the player down any one path or level scaling areas.",True,8,0,0.566929161548614502,0,True,False,False,1787685701
1623730,233610306,english,"it's a very easy game to get into. It has something that's just fun to be in that game world. But there are a lot of questionable game design things going on. 

it's really fun to play at the very beginning. Everything feels fresh and new. This game fizzles out in about 20-30h. Then what's left is just a repetition of the same few things for many many hours to come.

I played the 1.0 version, completed everything before the first bigger patch, so if my complaints are outdated - oh well. Sh|t happens.

So. I find the exploration has a lot of jank in it. Especially caves that are very repetitive and not fun to go through after a few attempts. So many caves have 2 paths, one with a dead end (why??) and the other one with a mini boss and random chests at the end.

The game is extremly grindy with the basic world settings. I started with the default ones, but after 15-20h I started to adjust some settings to make the repetitive grind less annoying. 

Underneath everything, Palworld has idle game progression system. If you know - you know.

Most things in this game respawn after some time, so there is no need to ""collect everything"" (the only exception 
 are the effigies), So there is no need to comb through this big empty world, just go (if you know where to go) and do stuff without going out of your way, because there is rarely anything unique to be found.

Quests are super boring, forgettable, there are no voice acting in this game, felt super lazily done.

Hitboxes are pretty bad in this game. Especially up close. If you're to close to your target - weapons will insta-miss it.

There are so many items to craft and various crafting schematics of the same items to find, but it's just bloat. You usually will not have materials to craft everything and even if you do - the stuff you get, at best, might be just a little bitty bit better than what you had before,

What was the point of anti-air zones? Just to make the exploration more annoying I guess.

In 1.0 there was the effigy collection bug where it could brick your achievement unlocks, but it was fixed in the first big patch, So everything is cool here.

Overall, I think that this game should have been much better than it is. The world is made with a formula of: let's create a biome, put several different pals in it for you to grab/farm for materials, place some random chest spawns, some random egg spawns, some repetitive dungeons here and there and all that's left is to copy/paste some trees and some flora here and there,and then put a sprinkle of effigies in obscure places. And of course some respawning enemy bases here and there. And vuala - a biome is complete. Then do the same thing a few dozen times more and you have a big palworld world of the same things, just with different colors to put it simply.

I think that the base size restrictions are too strict and unnecessary, Pal Pathfinding is super glitchy. They can get stuck on everything and their work AI is pretty bad. But the worst part of this game is the insane grind for materials mid-late game. It's extremely tedious even if you manage to unlock all the best stations. Btw - find and install the pause mod. It's needed.

In other words. I think the balance of this game is pretty bad and a player should change a lot of world settings and install some mods for the whole experience to become much more game'y and less ""grind only"". 

It's an ok game, but definitely not ""overwhelmingly positive"". 77 out of 100 is probably the best it should get.",True,19,1,0.566716432571411133,0,True,False,False,1787594895
1623730,234183466,russian," Спокойная игра ,но интересная. Хочется изучать мир и искать новых рабов, что бы достать их органы для улучшения других рабов и базы)",True,5,3,0.566365242004394531,0,True,False,False,1788203419
1623730,234784716,spanish,"me equivoqué y le pegué a un ciudadano por ahi y la policia dudó C E R O segundos en sacar mitras y empezar a pegarle tiros a mi perro, nunca pensé que podria llegar a tener ese tipo de miedo 10/10",True,3,3,0.565217375755310059,0,True,False,False,1788887268
1623730,234596736,spanish,"Nunca me atrapan los juegos de este estilo, pero Palworld si me atrapó. Demasiado.",True,3,0,0.565217375755310059,0,True,False,False,1788678242
1623730,233966250,polish,"Będąc szczerym, gra o której zawsze marzyłem. Ile razy wyobrażałem sobie grę RPG z motywami Pokemon, a tutaj mamy jeszcze możliwość budowania bazy i zarządzania w celu automatyzacji jej pracy. Jest naprawdę zdumiewająco sporo kontentu, a mam też cichą nadzieję że to nie koniec. Widzę ogromny potencjał i uruchamiając ją, naprawdę ciężko jest mi przestać grać nawet po kilku godzinach. Zawsze jest coś do zrobienia, coś do zwiedzenia, coś do poprawienia lub udoskonalenia. Wielkie W dla twórców tej gry i mam nadzieję że będzie mi służyła jeszcze długo, nim wypali się we mnie cała ta fascynacja.",True,3,0,0.565217375755310059,0,True,False,False,1787987251
1623730,235289555,english,"Pal of Slavery you catch cute creatures just to force them into 24/7 sweatshops, abusing them until they develop depression.",True,3,2,0.563492059707641602,0,True,False,False,1789418181
1623730,235522502,japanese,"◆概要
評価：神ゲー
難易度：ノーマル
クリア時間：115時間
攻略サイト：座学のつもりでたくさん勉強
購入前と変わった印象：サバイバル感が強い

◆感想
まず、面白さの波がしっかりある。探索は楽しい。バトルも楽しい。パルのデザインやモーションも好き。ただし、拠点構築や野生パルからの拠点襲撃、食料やケガなどプレイヤーへのストレスや作業時間が、思っているより多大だった。この沈んだ波の後に、冒険に出かけたりボスを倒すことでワクワクが戻って来る。

・クリア後にマップを""歩いて""探索することで、思い出が蘇って得も言われぬ道に見える。パルボックスや図鑑を見て感慨にふけるも良し、カスタム難易度で設定してお気に入りのパルを集めた家を作るも良しです。

・拠点の引っ越しやクラフト作業がわずらしいのは確か。特に「作業中の時間」は、思い出が積み重なりづらいので、ここだけは難易度を下げても良いかもしれない。

でも、それ以上に冒険中の緊張感がちょうど良かった。野良パルの攻撃範囲や威力がビビるくらいあるので、いつでも狩られる側、生を実感できた。この難易度のデメリットとして、相棒枠は1枠が限界かもしれない。理由はボスがちゃんと強いから。プレイヤーが武器で一方的に倒してもいいが、それでは相棒との共闘感を得られなくなってしまう。

とにかく、遊んで良かった。世間の評判に流されず、自分の目で確かめる勇気を持ててよかった。この価格でこのボリュームは本当にすごい。ありがとう、パルワールド。
",True,7,0,0.558318853378295898,0,True,False,False,1789724645
1623730,233544273,english,"DNR when I play so many hours?  

Yes because the devs need punished.  This game is shy of greatness and its entirely the decision of the devs to DELETE THEIR OWN STORY ENTIRELY to benefit streamers and speed runners (their own words in their 1.0 patch notes)  Whatever they were cooking, it may or may not have been good, but its clear they gave up even trying to cater to streamers.

As a result, you are dumped at a single starting point, given a very bland and generic ""Boss rush"" questline, and have ZERO investment of anything going on in this world.  Which is a crime because you can TELL a lot of effort went into designing this world, its Pals, and there is the picked-clean corpse of grand adventure story spread all over the game world. 

You run round, enjoy well thought out game play loops, catch adorable and well made pals, enjoy fluid and reasonable combat, and even enjoy the brilliance of NO I FRAMES in your desperate dodge roll that actually feels desperate.  You even get the enjoy reasonable frame rates and a stable enough game.  Its honestly fun.  

The game, works. No crashes and stable frames, etc + 
Its moddable +++++
The graphics are nearly perfect state of semi-realism for the ""Cartoon"" feel of a legally-distinct pokemon world. '
The game every bit as colorful as the cover art suggests.  This is ++++ among so many desaturated and yellow-tinted games. 
Despite all the gripes the game is fun.  The annoyance is its a B- game instead of a A+ game because there is no story, nothing.   You are just dumped and given a cheap boss rush.   I honestly expected MUCH more from a Japanese game.  

Which is where its maddening.  You can CLEARLY see AAA effort put in everywhere, and yet your main quest of prime Euro-slop 4 hour indie game that was backed by EU arts commission.  The kind of questline you get in a game 5 Swedish bork borks, being paid by the government if they code or not, make so they can pick up chicks at parties as a ""rockstar"" game dev. 

But it also is pointless.  I can't bring myself to care about ANY of the NPC's because there is no functional story.  Its just encountering whining lost losers on the beach, other people doing something, and one megalomaniac boss after another with a storyline I can't care about because there IS no story, all that exists only for me to defeat them to unlock more tech.  
As a result of the ""streamlining"" done in 1.0 about 70% of the map is pointless, as all they have is more trash 1-10 level pals, making me think this game somehow used to have a dozen possible starting points.  Instead we are given only 1, on the smallest most resource scarce island.  Which might be fine, but you have to venture though level 20+ zones to get to the other starter zones, so forget about booking it to set up your first base. 

BTW if you do play this game, smash the XP gain down to the lowest level to 0.1 and you will have more than a 6 hour game.  And you will have incentive to actually hunt pals, explore the islands, and more, you won't be max level in 2 hours.  

Another negative, if you reduce the day/night cycle off its frantic 10 minute each cycle, the boss refresh timers extend, so 60 minutes becomes 240 minutes-time.  Meaning forget about farming the sealed bosses.  I think several other timers in the game are also tied to the day/night cycle and not real-time.   

So if you do buy it, just know what you are getting, the shell of what could have been a charming and interesting story into a fantastic world, 100% chucked so they could get free marketing via Streamers, and a PRIME example of why the switch from catering to customers to groveling before streamers is the worst thing to ever happen to gaming.",False,37,9,0.553144991397857666,4,True,False,False,1787518058
1623730,234481883,german,"⭐️⭐️⭐️⭐️⭐️ 10/10 – Ich kam für Pokémon mit Knarren und blieb wegen emotionaler Abhängigkeit.

Palworld ist eines dieser Spiele, bei denen du dir am Anfang denkst:

„Ach komm, ich guck da mal kurz rein.“

Und plötzlich sind 17.6 Stunden vergangen, deine Familie hat eine Vermisstenanzeige aufgegeben, dein Kühlschrank ist leer und du diskutierst um 3:42 Uhr nachts ernsthaft mit einem kleinen blauen Vieh darüber, warum es VERDAMMT NOCH MAL NICHT DIE KISTE TRÄGT, SONDERN SCHON WIEDER GEGEN EINE WAND LÄUFT.

Dieses Spiel ist wunderschön.

Dieses Spiel ist grausam.

Dieses Spiel hat mich verändert.

Am Anfang fängst du ein paar süße Pals und denkst:
„Ohhh 🥹 den nenne ich Günther.“

Zwei Stunden später steht Günther seit 19 Stunden am Fließband, produziert Munition, hat Depressionen, eine Verstauchung, Magengeschwüre und fragt wahrscheinlich innerlich nach einem Betriebsrat.

Tut mir leid, Günther.

Aber wir brauchen Kugeln.

Palworld schafft es irgendwie, gleichzeitig Pokémon, Minecraft, Ark, Factorio, Zelda und eine mittelschwere Verletzung des deutschen Arbeitszeitgesetzes zu sein.

Du baust dir voller Stolz deine erste Basis.

„Wow, die sieht richtig schön aus.“

Dann kommt irgendein Mammut vorbei, schaut deine Holzhütte drei Sekunden lang an und entscheidet:

Nein.

Fünf Minuten später brennt alles.

Dein Haus.
Deine Werkbank.
Deine Vorräte.
Deine Zukunft.
Günther.

Du stehst nur noch mit einer primitiven Keule zwischen den Trümmern und realisierst, dass du gerade emotional stärker getroffen wurdest als bei manchen Filmenden.

Also baust du neu.

Größer.
Stärker.
Mit Mauern.

Du schwörst dir:

„Dieses Mal mache ich alles richtig.“

Machst du natürlich nicht.

Drei Stunden später hast du eine industrielle Großanlage errichtet, in der 14 knuffige Fantasiewesen unter fragwürdigen Bedingungen arbeiten, während du selbst mit einem Raketenwerfer auf einem riesigen Vogel durch die Gegend fliegst.

Und irgendwie fühlt sich das völlig normal an.

Die Pals sind dabei gleichzeitig das Beste und Dümmste, was mir je begegnet ist.

Du gibst einem Pal eine einzige Aufgabe.

EINE.

„Bitte Holz hacken.“

Der Pal:

„Alles klar Chef.“

läuft 600 Meter weg

isst eine Beere

hebt einen Stein auf

legt den Stein wieder hin

dreht sich viermal im Kreis

bekommt Depressionen

schläft

ICH WOLLTE HOLZ.

Aber dann kommt er irgendwann nachts langsam zurückgelaufen, komplett erschöpft, mit irgendeinem kleinen Gegenstand im Maul…

und plötzlich bist du wieder stolz auf ihn.

„Ja Günther… hast du gut gemacht.“

Das ist keine Videospielmechanik mehr.

Das ist Elternschaft.

Besonders schön ist auch das Fangen der Pals.

Du siehst ein wunderschönes seltenes Wesen und denkst:

„DICH MUSS ICH HABEN.“

Dann prügelst du es fast bewusstlos.

Bewirfst es mit Kugeln.

Es entkommt.

Du wirfst noch eine.

Es entkommt.

Noch eine.

Es entkommt bei 94 % Fangchance.

Und plötzlich lernst du Seiten deiner Persönlichkeit kennen, von denen dein Therapeut vermutlich gern vorher gewusst hätte.

„94 PROZENT?!“

Ich habe bei Mathearbeiten mit 38 % bestanden.

WAS WILLST DU NOCH VON MIR?!

Und trotzdem…

wenn endlich dieses kleine „Klick“ kommt und das Vieh gefangen ist…

Dopamin.

Pure Freude.

Ich habe Menschen nach fünf Jahren Beziehung weniger emotional begrüßt als manche Pals nach erfolgreichem Fang.

Auch die Welt ist überraschend schön.

Du fliegst bei Sonnenuntergang über Berge, Wälder und Seen, hörst die Musik und denkst:

„Wow… das ist gerade wirklich friedlich.“

Dann landest du.

Wirst von acht Viechern angegriffen.

Dein Pal steckt irgendwo in einem Stein fest.

Du bist überladen.

Deine Waffe ist kaputt.

Du hast kein Essen.

Und 300 Meter entfernt steht irgendein Level-50-Monster, das dich bereits ansieht, als hätte es deine Sterbeurkunde unterschrieben.

Perfekt.

Die Bosskämpfe sind ebenfalls großartig.

Vor dem Kampf:

„Wir schaffen das locker.“

Während des Kampfes:

„WARUM MACHT DER SO VIEL SCHADEN?!“

30 Sekunden später:

„GÜNTHER NEIN!!!“

Noch 20 Sekunden später rennst du kreischend im Kreis, hast 4 HP, keine Munition mehr und wirfst aus purer Verzweiflung irgendwelche Pals in die Arena, zu denen du vorher keinerlei emotionale Bindung hattest.

„Los Dieter!“

Dieter stirbt.

„Danke Dieter.“

Ruhe in Frieden, Bruder.

Du warst 14 Sekunden im Team.

Du wirst niemals vergessen.

Palworld ist einfach dieses wunderschöne Chaos aus:

„Awww, wie süß! ❤️“

und

„HOL DEN RAKETENWERFER.“

Es ist friedliches Basebuilding.

Es ist Überlebenskampf.

Es ist Tierpflege.

Es ist Industrie.

Es ist Freundschaft.

Es ist Kapitalismus.

Es ist eine emotionale Achterbahnfahrt, bei der du irgendwann nicht mehr weißt, ob du gerade ein süßes Fantasiewesen retten, fangen, züchten oder für die Nachtschicht einteilen willst.

Und genau deshalb liebe ich es.

Palworld ist nicht perfekt.

Manchmal hängt die KI.

Manchmal hängt ein Pal.

Manchmal hängt dein Charakter.

Manchmal hängt einfach alles.

Aber während andere Spiele bei Bugs nerven, stehe ich hier und sehe Günther seit zehn Minuten rückwärts gegen eine Wand laufen und denke mir:

„Ach Günther… du Idiot.“

⭐️⭐️⭐️⭐️⭐️

Absolute Empfehlung.

Ich habe gelacht.
Ich habe geflucht.
Ich habe gebaut.
Ich habe zerstört.
Ich habe verloren.
Ich habe gewonnen.

Und irgendwo da draußen arbeitet Günther wahrscheinlich gerade wieder völlig unbeaufsichtigt 23 Stunden am Stück in meiner Munitionsfabrik.

Bleib stark, Günther.

Die Produktion muss laufen.

Palworld – das einzige Spiel, bei dem du wegen eines virtuellen Tieres fast weinst und ihm fünf Minuten später eine Spitzhacke gibst und sagst:

„So Kollege. Pause ist vorbei.“",True,8,13,0.60000002384185791,4,True,False,False,1788557884
1623730,234709948,japanese,"[h1]様々な点で挑戦的だが丁寧な良作[/h1]
アーリー初期に購入して当時はあまりやらずに寝かせていたものの、最終的にはハマりまくって実績全解除まで遊びました。
多分これからも拠点整備やアプデに備えて遊ぶと思います。
良くも悪くも話題になっているゲームですが、総合的な完成度はかなり高いと思います。

[h2]良かったところ[/h2]
[h2]◆様々な良作のこうだったら良いなを上手く詰められている[/h2]
ポ〇モンに似てると言われてますが、むしろゼ〇ダやA〇Kのが近く、それらが上手く合わさっていると感じました。
特に自分がゼ〇ダが合わなかった原因の一つである、装備の破損を設定でオフにしたりできるのはとても嬉しかったですね。
インディーとしてここまで作られてるのは結構珍しいと思います。
[h2]◆要素が噛み合った結果中毒性が高い[/h2]
寝る前に少し拠点を整備するか～って思うと、大抵数時間は過ぎてます。
色々な事ができるため、歯止めが本当に効かなくなりますね。
[h2]◆NPCやモブにノイズが少ない[/h2]
近年の某ポ〇モンやモ〇スターズは個性付けのためか奇抜な見た目や性格、思想の人間キャラ（しかも仲間やライバル）が増えており、正直遊んでいてキツいと思う事が多々あるのですが、こちらはその辺りが強くなく、パルを可愛がる方に意識を集中しやすくて良かったです。
[strike]気に食わないやつがいてもぶっ飛ばせるのもグッド[/strike]
[h2]◆アプデで初期の欠点が大きく改善されている[/h2]
全部書くと長くなるので割愛しますが、初期の頃より圧倒的に遊びやすくなっています。
こまめにユーザーの声を聞いて改善していってるんだなと思いましたね。
特にレイドボスの虹パッシブ付けが異常に鬼畜だったり、凸がかなり気が遠くなったりというのも改善されてめちゃくちゃ遊びやすくなってます。
アーリーの時は経験値を増やしてないとろくにレベルが上がらない期間がありましたが、それも改善されてます（しかも経験値が増えるという調整よりは要素が増えて必然的に上がりやすくなった感じの調整）。
スタックしやすい問題も正式版では一度も経験してません。

[h2]まとめ[/h2]
対立煽りが話題になりがちなゲームですが、完成度が高く丁寧に作られていて、偏見を持たずにフラットに遊んでみてほしいです。
遊んで合わないならまだしも、その偏見だけでやらないと決めるのは人生を損しているのではと思います。
だからこそ、デザイン面でそう思わせてしまった部分は非常に惜しいなと思えたゲーム。",True,14,0,0.549536645412445068,0,True,False,False,1788800216
1623730,235314305,brazilian,"um dos melhores jogos de coleção de criaturas que ja joguei,  os bosses sao divertiros os ataques dos pals sao bem variados, e o sistema de base e criar recurso não enjoa.",True,3,0,0.547325074672698975,0,True,False,False,1789455928
1623730,234178303,german,"Palworld ist alleine schon wegen seiner Hintergrundgeschichte und der erfolgreichen rechtlichen Auseinandersetzung mit Nintendo ein Kauf wert. Der Preis ist auch echt günstig im Vergleich zur Konkurrenz.

Nüchtern betrachtet macht Palworld Spaß, aber man merkt schon, dass es keine AAA-Produktion ist. Über die paar Grafikbugs, KI-Probleme und recht dünne Story kann ich aber getrost mit Hinblick auf den preis wegsehen. Der Gameloop bestehend in Basis aufbauen, bessere Rüstung/Waffen graften und neue Ressourcen beschaffen (Pals und Rohstoffe) kann einen ziemlich hart in Anspruch nehmen, sodass man manchmal kaum zum Erkunden kommt. Persönlich hätte ich mir da mehr Automation gewünscht. Um zum Beispiel KI-Kerne zu machen muss man ständig anweisen die Zwischenprodukte herzustellen, man ist also gegen Ende leider elend lange am Mikromanagen. Zum Beispiel haben mir im späteren Verlauf die Balls gefehlt, ich konnte immer nur diese GiGa-Balls machen, die echt nutzlos waren. Deswegen musste ich mich mehr auf die Basis konzentrieren um Balls einer brauchbaren Qualitätsstufe zu bekommen. Als ich dann endlich die Balls hatte konnte ich zum vorletzten Gebiet aufbrechen.  

Der Schwierigkeitsgrad ist echt sehr seltsam, aber ich kann persönlich damit leben. Die Hauptstory ist die meiste Zeit Superleicht, alles was danach kommt ist lächerlich schwer. Also als Spieler, der sich schon gut vorbereitet, aber nicht irgendwelche Meta-Teams baut, sondern halt eins mit Pals die cool findet, Ist es ziemlich erschreckend wie Auf was für ein anderes Level plötzlich die End-Game-Herausforderungen sind. Also eher was für Leute, die nach perfekten Pals und perfekten Synergy-Teams streben.

Zu gute Letzt möchte ich nochmal betonen, dass man im Gegensatz zur Konkurrenz hier nur einmal zahlen muss und das komplette Spiel mit allen Pals bekommt. Bei anderen Kauft man sich vielleicht ne gelbe Edition und da bekommt man nicht alle 151 Monster. Nee man brauch noch ein zweites Gerät und dann halt noch Linkkabel, blaue Edition und rote Edition und wird von Nintendo als Teenager so richtig ausgenommen. Man wurden wir damals über den Tisch gezogen, nur um alle Inhalte zu bekommen, aber ich schweife ab.

Palworld macht Spaß, aber kann auch mal in Arbeit ausarten, da Quality of Live Features fehlen. Zum Glück kann man, aber auch in den Welteneinstellungen Änderungen vornehmen um dem entgegenzuwirken. In diesen Single-Player-Spiel begrüße ich das, auch dass die Entwickler einen auch während des Spiels so mit einfachen hinweisen auch drauf hinweisen um sich die Erfahrung ein wenig angenehmer zu machen. 

Am Ende mochte ich die Zeit und auch meine Pals und manche sind mir ans Herz gewachsen oder halt dann Situationen wie Grizzbolt pennt auf dem Stromgenerator und Sekmeht auf meiner hochwertigen Aufbewahrungstruhe usw.

Aufgrund des üppigen Umfangs und dem vergleichsweise günstigen Preis schaue ich über die paar Fehler und Schwächen hinweg und gebe ihm 8 von 10 Balls.",True,2,0,0.54703831672668457,0,True,False,False,1788198773
1623730,233730423,russian,"Начал играть до полного релиза, игра прошла очень большой путь, и я бы сказал что с релизом стало всё заметно лучше. Очень впечатляет оптимизация прежде всего, доработанные навыки существ, подземелья. Играть очень приятно со старыми палами так и новыми, в целом разработчики сделали их очень милыми прежде всего, анимации их работы, бездействия, сна, смешные. А учитывая что палов очень много, в это вложен огромный труд. 

Однозначно топ игра для фанатов коллекционирования существ, на этой теме тут много возможностей в плане выращивания и максимизации параметров существа и навыков. 

Из минусов я бы отметил разве что боссов и лютый сбор вещей-существ чтобы их пройти (хардмод боссов прежде всего).",True,3,1,0.545777976512908936,0,True,False,False,1787736460
1623730,235665698,koreana,대규모 업데이트 제발.... 앤드컨텐츠 늘려줘 제발.... 계속 하고 싶은데 할게 없어서 접속해서 멍 때리기만 하는 중,True,2,0,0.545454561710357666,0,True,False,False,1789882896
1623730,235655136,brazilian,"Esse jogo é um dos melhores survive que já joguei, simplesmente genial, parabens a empresa, o carinho que eles tem pelos players e pelo game é notório quem acompanhou a luta deles pelo direito de lançar essa maravilha sabe!!!!

Dito isso, o potencial desse jogo é quase infinito, ele ainda tem muuuuita coisa para colocar aqui, as ideias são infinitas, as mecânicas ainda irão melhorar muito,  daqui 10 anos esse game ainda será tão incrivel quanto poderia ser",True,2,0,0.545454561710357666,0,True,False,False,1789868359
1623730,235436476,brazilian,"Palworld simplesmente passa a sensação que todo mundo que curte Animes, Pokemon e Digimon sempre quiseram, aquela sensação de liberdade em mundo aberto incrível, diversos amigos para capturar e te acompanhar em sua aventura, possibilidade de voar pelos céus admirando a natureza, varias montarias diferentes com velocidades únicas, explorar biomas diferentes, enfrentar chefes e inimigos fortes, diversas habilidades exclusivas, e tudo isso pode ser jogando online com seus amigos! Recomendo muito!! 

Obs: O Crafting pode te cansar pela quantidade de materiais e leveis de exp que precisam, ou pode te render muitas horas de jogo e objetivos.",True,3,0,0.545454561710357666,0,True,False,False,1789609342
1623730,235002390,schinese,"从夯到拉评价幻兽帕鲁：人上人到顶级之间
  好玩很好玩
  我是一个从没接触过捉宠养成 和 方舟类游戏的玩家， 前十几个小时完全把我吸引到了，尤其是第一次骑上紫霞鹿的时候（爽死了） 就算是熟练之后略带无趣的中后期 我也仅仅中间停下几天，除此之外我几乎是连续不停地玩了数十天
-------------------------------------------------------------------------------------------------------------------------------- 
 “武器迭代正反馈不足”
    只要你在中期去打泰拉瑞亚地图，拿到星旋机枪 后面绝大部分武器就对你来说毫无意义了（哪怕是绿图纸机枪）本人就是拿到星璇机枪（绿）之后 一直从中期用到了枯星龙之前，中间的什么喷火器，激光武器......完全用不到，后期遇到80级帕鲁的时候你大概率也已经拥有了 能横扫全图的毕业帕鲁，武器就更加相当于附带物了。我直到最终决定打枯星龙之前才把星璇机枪换成等离子步枪

 “0剧情”“0角色交互”“NPC智商堪比一根香蕉”
   虽说游戏的主要卖点，主要对象是帕鲁 但也不能是几乎0剧情吧？甚至游戏中的人类就是个站着不动让你交互的机器，NPC智商更是弱智 打据点面前经过都没反应，同伴死亡了 据点都炸了还在巡逻。虽然岛上有人类 但是我依然觉得主角只是一个流落孤岛的“星期五”

“非常肝”“无意义地肝”
   幸好我是一个能通关鬼谷八荒的玩家，能够接受你们这种程度的肝和游戏内容同质化，其他人我根本不敢想象

“基地建设功能拉跨”“仓库功能拉跨”
   很难想象现在还有游戏不能直接移动基地里的设施，每次都需要拆掉重建（无意义增加玩家时间成本） 帕鲁为什么不把东西直接放我的已有物品的箱子（一个箱子1石头 一个箱子3000石头真的很占空间） 还有就是 道具存取器居然不能排序！！！
。。。。。。。
--------------------------------------------------------------------------------------------------------------------------------
  问题肯定不止我上面说的这些点，我依旧觉得它是这几年最优秀的缝合怪游戏。
  综合评价：人上人到顶级之间（匆匆通关枯星龙，大部分东西都没弄 但我已经精疲力竭了）",True,3,1,0.545454561710357666,0,True,False,False,1789126177
1623730,234928017,french,"Jeu grave cool, avec une durée de vie, ma foi, vraiment intéressante : environ 80 heures de jeu, sachant que je ne me suis pas réellement intéressé au boss de raid, qui est apparemment considéré par certains comme le véritable endgame.

Mis à part ça, j’ai vraiment apprécié l’expérience et je recommande largement le jeu, surtout au vu de son prix.",True,2,0,0.545454561710357666,0,True,False,False,1789060569
1623730,234606001,russian,"купил за 693р. сперва сомневался, но игра неплохо затянула. за 2 дня наиграл 12 часов. ни одна игра так не засасывала, да и играю я не так уж и много.",True,2,3,0.545454561710357666,2,True,False,False,1788687854
1623730,233985399,polish,"czego chcieć wiecej dymasz pale, zniewalasz je, zjadasz je, torturujesz je itd. gra super a mody do niej jeszcze lepsze ;)",True,3,2,0.565217375755310059,0,True,False,False,1788008072
1623730,233806426,english,"Open game
figure out controls
capture pals
realize I can capture humans
make humans work for me
meet trader 
sale pals 
realize I can sell humans

10/10 gameplay",True,2,1,0.545454561710357666,0,True,False,False,1787821357
1623730,233638361,english,"Slave simulator.. worth it but once you passed the 100 hour marks game feels very slow, time spend more into arranging your base, farming gold, breed for passive also progression is getting slow the higher level you are. 

Gameplay wise, very good. Pals have tons of different skill, amazing graphic, building have huge potential. Story mode is good as it was. Tons of item, huge world/map, and game is great as solo or multiplayer mode.

10/10 experience!
My next task would be defeat 6 boss in hard mode for the $hit ahh achievement

Recommended to play on online server instead of local even on solo world.",True,2,0,0.545454561710357666,0,True,False,False,1787625686
1623730,233617468,english,"Palworld isn’t just a game—it’s a whole different kind of experience. I’ve played survival games before, both standard ones and more unique ones. But when I played this one, I really, truly never expected it to be this addictive. 
There were very, very few moments in the game where I got bored—what I mean is, there are so many systems and elements that keep you immersed that you don’t even have time to think about getting bored. 
I started playing this game after the 1.0 major update, and it took me about 110 hours to finish it. Yes, it took that long. If you’re wondering why it took so long, let me address that minor issue of boredom: the problem of excessive repetition—which, of course, is common in most games, but I felt it more strongly here. So, someone looking for a survival game with simple, easy mechanics might reach the refund section before even hitting the two-hour mark, and that’s hardly surprising. Well, aside from that issue, I’d say there aren’t any other problems. There’s no point in dragging this out too much.
It’s a next-generation survival game with great optimization, a storyline that’s a real treat, and pals so sweetie you’ll never get enough of them.
Since I’ve clocked in about 110 hours playing solo, you must have a blast playing with friends—it’s pure fun.",True,2,0,0.545454561710357666,0,True,False,False,1787601446
1623730,233570460,schinese,"176.7 小时。大概有 40 小时是在 2024 年贝菈诺娃、贝菈露洁刚出来那阵子玩的，剩下的一百多小时则是最近重新开档从头玩了一遍。

时隔这么久重新回来，其实会发现《幻兽帕鲁》的核心循环并没有发生什么本质变化：

探索地图 → 抓帕鲁 → 培养帕鲁 → 建基地 → 获取资源 → 解锁更高级的设施 → 抓更强的帕鲁 → 获取更高级的资源 → 挑战更难的塔主和 Boss。

说白了，重复度其实并不低。

但问题在于——它就是挺好玩的。

《幻兽帕鲁》经常被人说是“缝合怪”，但我觉得它真正厉害的地方恰恰就在这个“缝合”上。抓宠、开放世界探索、生存建造、自动化经营、育种培养、第三人称战斗，这些东西单独拿出来都不算新鲜，但它并不是把各种热门玩法生搬硬套到一起，而是真的知道每套系统里什么东西有趣，然后取其精华，把它们组合成了一个非常顺畅的循环。

尤其是多人模式。

我很幸运，2024 年陪我一起玩这款游戏的朋友，到现在居然还愿意和我一起重新开档。两年过去，游戏更新了很多东西，但最好玩的事情其实还是和以前一样：几个人一起跑图、第一次看到没见过的帕鲁就冲过去抓、一起围殴 Boss、研究接下来该去哪里。

对多人游戏来说，我觉得这反而是最难得的地方。

基地经营方面，我一直是前期“能跑就行”的类型，流水线只要能正常产出东西就懒得折腾，等到后期真正实现物资自由，再慢慢规划基地。看着采集、搬运、生产、发电、做饭全部自动运行起来确实非常爽。

不过建造系统也是我认为目前最应该继续改进的部分。

最让我无法理解的一点，就是箱子和很多家具不能直接移动。摆错一个箱子，想挪两米？不好意思，拆掉，东西重新搬出来，然后再造一次。

这不是难度，这是搬家模拟器。

尤其是后期基地规模越来越大的时候，这种毫无意义的重复搬运真的很消磨耐心。我很希望以后地板、家具和建筑组件都能加入更自由的六轴微调，包括平移、旋转和高度调整。因为等玩家真正毕业以后，建造本身完全可以成为另一个长期玩法，而现在的系统多少还是限制了这方面的发挥空间。

养成系统也是类似的问题。

刷词条、育种、配种、升星、强化、重复刷 Boss，到大后期肯定会越来越重复。哪怕我的存档已经调得相当休闲，有时候材料需求还是能把人逼到不得不稍微借助一点……帕鲁世界之外的神秘力量。

不过对我来说倒也还能接受，因为我的目标本来就是全成就和尽可能全收集。既然选择当收集癖，有些牢还是得自己坐。

难度方面我觉得整体控制得不错。普通内容基本不会给人太大的压力，真正开始有挑战的主要还是后期那些究极石板 Boss 和高难塔主。既不会让普通玩家前期寸步难行，也给愿意继续刷装备和培养帕鲁的人留了一些目标。

玩到 176 个小时以后，我当然不会说它没有问题。核心循环重复，后期培养很肝，建造系统还有不少可以改善的地方。

但如果一款游戏能让我在两年后重新开档，再从零开始跑一遍几乎相同的循环，而且还能让我觉得“再抓一只、再升一级、再造一个东西就睡”，那它显然还是做对了很多事情。

更难得的是，当年一起玩的那群人，现在还在。

可能这才是我对《幻兽帕鲁》最好的评价。",True,3,0,0.545454561710357666,1,True,False,False,1787549677
1623730,235444047,english,"Palworld is honestly such a beautiful game. ❤️

There’s something truly special about the world, the creatures, the exploration, and the freedom it gives you. I’ve had so many memorable moments playing this game, and somehow, it became more than just a game to me — it changed me in ways I didn’t expect.

You can really feel the passion and creativity that went into making Palworld, and I genuinely hope the devs keep going and continue doing what they’re doing. Keep believing in the game, keep improving it, and keep giving us more of this amazing world.

 I can’t wait to see what the future updates bring and how much more Palworld will grow. Thank you to everyone who worked on this game and gave players something this special.

 Here’s to the future of Palworld!❤️
 Keep it up, devs. We'll be here for the journey.",True,2,0,0.54356849193572998,0,True,False,False,1789620751
1623730,234185524,english,"S'alright. Has slightly less bugs and noticeably more QoL than the average survival crafter.

I made a raid base with 50 full-power male lovanders called ""the gangbang shack"".

Could use a lot more endgame activities and base progression though.",True,2,0,0.541984736919403076,1,True,False,False,1788205449
1623730,233740352,english,"Honestly, Palworld is just a really fun game. I didn't expect to spend this many hours playing it, but once you get into it, it's hard to stop. There's always something to do, whether it's exploring the map, catching new Pals, upgrading your gear, building your base, or fighting bosses.

The best part for me is the progression. You start off pretty weak with basic equipment, and slowly you end up with strong Pals, better weapons, and a huge base. Exploring new areas and finding rare Pals is always exciting.

The game isn't perfect and there are definitely some bugs and things that could be improved, but honestly, I don't think they ruin the experience. The amount of freedom you get is great, and playing with friends makes it even better.

Overall, Palworld is a game I've had a lot of fun with. If you like survival games, exploration, collecting creatures, and just messing around in an open world, I'd definitely recommend it. 
",True,2,0,0.541666626930236816,0,True,False,False,1787748201
1623730,233752045,english,"Truly what 1.0 means. Crap ton of content, well optimized, decent story, big map, ton of exploration, pals are so well done etc etc... There's so much to do which is awesome, I always get sidetracked from what I wanna do. We need more games like this! One of the best survival games out there, don't hesitate to buy this one :P
10/10",True,2,0,0.540636062622070312,0,True,False,False,1787758935
1623730,234729110,english,"Two games, one review, because Palworld took Conan Exiles apart, kept the good half, and left the suffering in the box.

Survival. Conan gives you thirst, hunger, heat, cold and corruption. The desert is trying to kill you before anything holding a sword gets its turn. Palworld gives you a mild sense of peckishness and weather that a coat solves. Eat a berry. One of these is a survival game; the other keeps a food bar out of politeness.

Labour. Conan: you club a man unconscious, tie a rope to him, drag him across the desert to a machine called the Wheel of Pain, and starve him until he agrees to run your forge. Palworld: you throw a ball at something and it smiles while it runs your forge. Identical system. Only one of them tells you what it is.

Breeding. Conan asks you to camp a spawn point for hours until a named blacksmith shows up. Palworld asks you to run a stud farm with inheritance charts and trait rerolls. Neither is a hobby you should describe out loud at work.

Hauling. Palworld gives you a creature whose entire purpose is carrying ore from the rock to the box while you do something else. Conan's most advanced logistics technology is your own back.

Automation. Palworld's base is an idle game wearing survival clothes, and it works, because idle games understood what an evening is worth long before survival games did. Conan has no automation whatsoever, and treats this as a personality trait.

Building. Conan has snap points, stability rules, material tiers and a decay timer that deletes your house if you take a holiday. Palworld snaps, stays, and never punishes you for having a life outside it. Conan's system is deeper and it is also the reason your clanmate quit.

Death. Conan drops everything you own exactly where you died, which is always at the bottom of a slope with a crocodile on it. Palworld takes a little and shrugs.

Other people. Conan's social contract is that someone will eventually blow up your house while you sleep, and there is a scheduled window for it. Palworld's is that your friend logged in and rearranged the chests. One of these produces stories. The other produces evenings.

Traversal. Palworld folded movement into the capture system, so your mount, your glider and your artillery are all the same animal. It's the single most elegant idea either game has had, and Conan answered it with horses.

Combat. Conan is heavy, stamina-bound, occasionally magnificent and frequently a man falling through the floor. Palworld is a perfectly competent third-person shooter that happens to have a monster on your shoulder holding a rifle.

Endgame. Conan's is an avatar of a god the size of a keep stamping on somebody's fort at a scheduled hour, plus whatever the neighbours are quietly building. Palworld's is a tower with a boss in it, a health bar and a timer, and then the next tower. One is an event that happens to a community. The other is something you beat on a Tuesday and never think about again.

Setting. Conan has Robert E. Howard's world, and the weight comes through even the jank. Palworld is pleasant, tidy and gone from your head by morning. Cozy is not a setting, it's a temperature.

Money. Conan runs a Bazaar and a battle pass, and then hands you an entire engine upgrade for nothing. Palworld shipped years of free updates from a studio that spent the same years being sued over throwing a ball at an animal. Nintendo's claim, the one that frightened an industry, comes to roughly the price of a used hatchback.

Two notes for Funcom that nobody asked for.

Sorcery should never have been handed to the player. In Howard, magic is what the villain has and the hero doesn't: foreign, decadent, and always paid for by someone else. Turning it into a skill tree flattens the one thing that separated this world from every other fantasy setting on the shelf. Keep sorcery, make it terrifying, and keep it on the far side of the sword.

And the followers. One thrall at your heel isn't a warband, it's a man with a job. Let the posse grow, and then let the settlement behave like one: people who move, eat, argue, and have somewhere to be at dusk. Palworld's camp is dumber than Conan's in every respect except this one, and it's the respect that counts, because the pals look like they live there and your thralls look like furniture with health bars.

The future, which is the actual point. Palworld won the convenience argument so completely that Conan can't compete there and shouldn't try. What's left to Funcom is everything Palworld declined to take: the cruelty, the weight, the world with an author's name on it. Conan Enhanced answered with Unreal 5, both maps on one character, and mods on day one, which is the right instinct aimed at the wrong organ. Prettier is not the differentiator. Harsher is. Meanwhile Palworld shipped 1.0 with a rewritten story, and it's still watery. That's the joke: the cozy one is annexing ground Conan never bothered to defend, and doing it badly, while Conan says more with nobody talking at all. Sun directly overhead, music rising over an empty horizon, your only weapon snapping two swings into a fight you picked. Nothing is narrated. Everything is told.

Two thumbs up, and not polite ones. Pocketpair built the most generous version of this genre anyone has managed, and did it while being sued over the shape of a ball. Funcom kept an eight-year-old game standing and then rebuilt it in a newer engine rather than selling it back to you twice.

Two games about capturing living things and putting them to work. One is honest about it. The other is winning. Neither of them needs to copy the other's homework.

Funcom, last thing: be braver. You own the cruellest world in the genre and you keep sanding the edges off it. Nobody is going to out-comfort Palworld. Go all the way in, or go down doing it.

Signed, your unpaid publisher.",True,4,0,0.540523290634155273,0,True,False,False,1788815560
1623730,234977557,russian,"Хороший выживач, но перераздутый и слишком много фарма.
Начало интересное с вот этой механикой ловли Палов и эксплуатации их на базе. Но вот ты играешь, и играешь, и играешь... а зачем?
Я прошел, наверное, пол игры и дальше как будто смысла нет. Ты открываешь весь контент за первые 10 часов, а дальше тупо бесконечно качаешь снарягу и оружие. А, ну и мочишь довольно скучных боссов.
Да, можно заняться вместо этого всего своей базой, но и тут тебе придется тоже жестко гриндить, ибо Палы (С помощью них делается вся снаряга) - очень медленные существа. На улучшение одного Пала у меня ушел час, а нужно таких улучшенных Палов минимум, блин, десять, а то и двадцать на разные базы. Считайте сами сколько это выйдет по времени.
И вот самое главное: Вроде гриндишь-гриндишь, что-то улучшаешь бесконечно, но как таковой прибавки к скорости чего либо вообще не ощущаешь. Как было в начале игры долго все - так и через 30 часов долго все.
Хз, заниматься этим ЕЩЁ часов 30 что-то не хочется.
Кароче, если нравится сливать сотни часов на такое - игра кайф. Лично я свое удовольствие получил от начала игры и мне хватит.
Дроп.",True,4,0,0.540192961692810059,0,True,False,False,1789093373
1623730,233937927,english,"Best Pokemon game ever created. 
Oh wait... 
[spoiler]10 out of 10 jetdragons[/spoiler]",True,3,0,0.53947371244430542,0,True,False,False,1787954252
1623730,235220957,english,"I don't get it. Catch pals to farm stuff to catch pals to farm stuff to... Clunky world, movement and fighting... catch pal, that wont get out of my view!!! I got it on sale and I feel like someone owes me money.",False,7,1,0.539472222328186035,0,True,False,False,1789333708
1623730,233553296,english,"Trying to build in this game is so insanely glitchy and frustrating. There are just random spots in air where you can't build. At least with walls, you can use a trick to replace diagonals with normal walls but you can't do that with roofs at all. There's no pattern at all to where the spots are either. I'll be building a base and there will be a random spot in the middle of the third floor where I just can't build because of ""overlap"". There are plenty of other glitches still that have been pretty easy to just ignore and deal with but the building is the straw that broke the camel's back. The main story was pretty fun but there isn't much to do in the post game either.",False,4,0,0.537983119487762451,0,True,False,False,1787526786
1623730,234904889,english,"Great game, started playing a month ago and almost got like 300hours in it. A lot of option to choose from, whether its exploration, making strong pals, buildings or make yourself a god fighter. Explorations and pals can be very straight forward once you know what to do/where to path, can even cheese a lot of the progression. For me the building part is where the most fun is, different playthrough, different builds/style.",True,2,0,0.537572264671325684,0,True,False,False,1789039525
1623730,234192273,english,"This was a great early access game. This is an awful fully-released game.

The core gameplay loop and exploration is quite fun, and the game has that property of always derailing you when you start a task because something shows up — something I overall consider both good and hard to do well.

This is kind of where the praise stops. The fact that the game was released in this state feels very odd to me. There are so, so, SO MANY *obvious* QoL improvements that the game is missing and just weird design choices: 

From the Palpedia and box and storage not being searchable, the box and storage requiring you to either move each Pal individually or send your whole box to storage, the fact you only have 3 different locks for sorting, the fact you can't queue crafting, the fact that the expedition requires you to have 100 Pals in your box and not your storage with you at all times, the fact that the only way to find out what status effects do is by reading the survival journal entry about it roughly 3/4ths the way down the list, the way you can't really see what status effects a Pal has other than one, the way that you can't properly configure chests to only be deposited into or withdrawn from, the way chest item filter categories are so ridiculously imbalanced (with hundreds of items just being categorised as ""Pal materials""), the way the game expects you to do well over 50 arena runs if you want all achievements but there is no ""fight again"" option and they even place you looking away from the door after the fight (and you need to go through 2 loading screens for each fight, and only 1 of the cutscenes are skippable, so I literally spent 46s in loading or cutscenes and 3–7s in the actual fight per rotation), the way that the Ancient Refinery requires you to manually turn it on every time even though it is literally in the final tier of  production machinery, the fact that completing the Palpedia or beating all the hardmode raids is not an achievement but doing the arena well over 50 times is, the fact that the most expensive Arena Ticket items require you to have almost 100 wins on the higher difficulties and yet those items are extremely outdated by that point... I could keep going. 

This game is mindboggingly poorly and weirdly designed, even though it has had millions of players playing it for years in Early Access — they had the best playtesting feedback volume a company could ask for, and yet the game feels as if the devs haven't even played it themselves. This game has the monetary backing of a giant in Sony Entertainment, and yet they couldn't polish it at all? I didn't even mention the god-awful multiplayer performance, with the host having a huge specs load while the other players suffer terrible consequences for even mild ping.

Palworld had all the hype, potential, and opportunity to deliver something amazing in their 1.0 release. However, this is mostly just a shame — an unpolished, poorly-designed mess.",False,2,0,0.537037014961242676,0,True,False,False,1788211456
1623730,233472362,english,"The game Nintendo tried to kill, and failed. I'm tired boss. Tired of waiting for pokemon to get its act together and fly straight again. Palworld gives me the type of experience I wish I could get there. It may have started as a satirical ♥♥♥♥♥♥♥♥ but as of 1.0 it's become a damn good game worth the asking price. 

And let's be honest, it steals more ideas from ARK and Elden Ring anyway. But its a well done theft so it's cool. Story is little meh but serviceable. Honestly after all the stuff that has happened I'm happy it released with a finished narrative at all instead of remaining a vaguely connected series of tower regions/bosses with not much central conflict to give the journey context. They've also shoved a boatload of QoL features into the full release and even gave us mod support too. And to top it off, despite what one might say about the originality of the designs, there's more life, personality, and love put into the animations for most of the pals than I've seen from that other, stagnant franchise in the last ten years. So much so that during EA I created an  absolute monster of a Petalia bc I found it adorable. We started a new journey together in 1.0 and went on to attack and dethrone god. My petal-based murder child continued to be adorable even as she ripped our foes asunder without mercy.

8.3 frivolous lawsuits with disastrous consequences for the whole industry if they had succeeded, out of 10.",True,2,0,0.535741925239562988,0,True,False,False,1787449036
1623730,235203498,english,"i want to like this game, because i did enjoy the majority of it (first 7-ish towers) but after that point the game becomes just a big slog

this game expects you to know what to do at every part, how to optimize pals to get work done efficiently, and which resources you should farm at any given point. i've played this game once or twice throughout early access and knowing how work suitabilities/work speeds help things along made my playthrough much better. i have fun making pals that are SUPER good at specific tasks around the base! but once you get in the endgame, you will REGRET never having set up ranches for every type of material ever. constantly running out of materials and either needing to fly around and kill things for 1-3 drops or wait for minutes for some.

things i do like:
- manufacturing souped up pals to speed up work flow
- the skills system
- the passive/pal ability system
- base management
- some boss fights are actually fun/interesting
- rewards for catching the same pal up to 5 times
- the pal effigy system

things i do NOT like:
- pals will put things in the first chest they find, regardless of if they are already in a chest
- there's no custom priority system for which tasks pals do first
- has next to no automation capability. all crafting MUST be started by the player
- multiplayer isn't that fun since XP and technology unlocks are not shared, so if one player gets ahead, its impossible to catch up reasonably
- chest storage progression sucks, and should hold more per tier
- upgrading facilities/chests makes them take WAY more size each time, often requiring you to move everything around to accommodate ONE new building
- overworld exploration/progression is almost... TOO open. i can just go to an endgame area and collect spheres that let me catch anything. there's no incentive to explore areas in my level when i could just go to a higher level area for way better stuff
- resources required in the endgame is far too grind-y. repeated raid boss fights/long expeditions to get AI Cores

what this game DOES do good, it does really well! but the amount of minor nitpicks i have vastly outweigh the good things i want to hold onto.",False,2,0,0.535055339336395264,1,True,False,False,1789319178
1623730,234258416,english,Great game. 100% on SteamDeck. Love the freedom of the world settings. Wispaw Best Pal!,True,1,0,0.534313738346099854,0,True,False,False,1788292864
1623730,233740994,japanese,"恐竜の代わりにポケモンが出てくるARKみたいなゲーム
操作感は前作のクラフトピアほぼそのまんま。建築の自由度の割に操作性が微妙なのも残念ながらそのまんま

あちら同様ゲーム性が合うかどうかは人によるとは思うが
登場キャラクター（パルに限らず）の挙動一つ一つがやたら作り込まれているので見ているだけでも時間が過ぎていく
このクオリティのゲームを3000円台（セール時2000円台）で売っておきながらインディーズゲームの支援を公言するのは最早高度な煽りなのでは？とすら感じる

開発さんたまにはでいいので7年経ってもアーリーアクセスのままなどころか
後発の本ゲームに先に正式リリースされたクラフトピアくんのことも思い出してあげてください",True,5,0,0.534256994724273682,0,True,False,False,1787748870
1623730,234715349,japanese,"[h2]助けて　失神する　黙れ　パル狂いのおじいさん[/h2]
[b]貴重な3連休が、起床→パルワ→寝るの繰り返しで終わってしまいました。[/b]
シャワーすら浴びていません。ご飯も最低限でした。

[b]以下は冗談抜きで書いてます。[/b]
一度ARKにハマった方や、サバイバルクラフトゲーが好きな方は、
資格勉強や試験勉強・大事なライフイベント・友達との約束など
大切な、やるべきことが控えている状態で購入やインストール・起動は避けてください。
暮らしにおけるパルワールドの優先順位が非常に高くなる危険性があります。

私は、疲労と睡魔以外では自分の意志で冒険の手を止めることができませんでした…。",True,9,3,0.530575215816497803,0,True,False,False,1788804679
1623730,234186218,english,"Palworld is awesome. F*** Nintendo and their sub-par games that have been stagnating for 15+ years. Palworld is a pure bit of fun, and the future of monster catching in my opinion.",True,1,0,0.528985500335693359,0,True,False,False,1788206144
1623730,233733493,koreana,"처음 10시간 까지는 재밌는데, 그 이후부터는 떡락해버리고야 맙니다..
내일은 별로 안하고 싶을듯",False,2,1,0.528907954692840576,0,True,False,False,1787740454
1623730,233896736,english,"ngl game is excellent but only prob is we need search by name in pal box its kinda annoying sorting by element type 
",True,2,0,0.528301835060119629,0,True,False,False,1787918107
1623730,233968164,koreana,"유유자적하게 내실하기도 좋고 취향에 따라 몬스터 모으는 재미도 쏠쏠한 생각보다 맵이 방대했던 정식
효율을 위해 업글이나 건설 기다리는 시간 단축해도 꽤 시간이 걸렸네요.
잼게했습니다.",True,2,0,0.528130650520324707,0,True,False,False,1787989649
1623730,234337570,english,"It's not ""pokemon but edgy"", that's the whole wrong genre. it's a survival adventure game where pals are a particularly colorful and fun resource to collect when you go on little adventures away from your base. Then you return to your base, build some more new stuff, and repeat. It's much more like a minecraft or a valheim than any pokemon game imo. (Which means it's as addictive as both put together lol. I played like 36 hours in the first weekend I had it.)",True,1,0,0.527777791023254395,0,True,False,False,1788390464
1623730,233762400,japanese,"大物配信者きっかけで始めたパルワールド、始めて１週間で一旦クリア。
プレイ時間のほとんどがファームと建築に費やしてました。
パルにとことんファームをしてもらう社畜ムーブをさせるつもりが、プレイしてる本人が睡眠時間を削ってやってしまうほど手が止まらなかったです。
正直3,000円台でこんなにいろんなことが出来ていいのか？って思うくらい
昔は世間を騒がせていたけれど、昨今のグラフィックばかりに力を入れ過ぎて内容も薄い、
快適にできないようなゲームを置き去りにする面白さがパルワールドにはあった。

クリアしてもなお文明を進めたい欲が湧いてて、最初は木や石で出来た拠点だったのが
ガラス張りの建物や未来的な装備を身に着けられ、可愛いパルから伝説のパルまでつかまえられるようになり
集めるのも育てるのも楽しいです。
自分の思うがままプレイしてみて欲しいです。あと、ちゃんと寝ましょう。（自戒）",True,8,0,0.5274314284324646,0,True,False,False,1787767797
1623730,234421587,english,"I love survival games,  I have tons of hours in Conan, Enshrouded, Soulmask, etc., but this is the best of them all. Damn, this game is amazing! The pals are adorable and intelligent! They're not your typical slaves lol these guys actually work independently and efficiently. It's incredible.
I love them so much.
10/10",True,1,0,0.526315808296203613,0,True,False,False,1788491951
1623730,235517394,russian,Playing Palworld is a refreshing experience of survival genre. Looking forward to see the game after a bunch of updates,True,1,0,0.525862038135528564,0,True,False,False,1789716059
1623730,235368547,schinese,对于0.1倍经验玩家来说，帕鲁配种是很有用的功能,True,1,0,0.525862038135528564,0,True,False,False,1789523547
1623730,234368349,english,Absolutely Amazing. Addicting. Too addicting. This game will grab your love for ark and pokemon and twist it to a beautiful game. I love this game.,True,1,0,0.525862038135528564,0,True,False,False,1788434885
1623730,233646937,english,"1.0 was huge and i hope they keep adding more to the game, some systems like crafting need a bit more of streamlining and hopefully some underwater related content comes out at some point, fun with friends but hard to schedule if you wanna progress at the same pace",True,1,0,0.525862038135528564,0,True,False,False,1787638866
1623730,233609086,english,"Amazing game! A real surprise. It took over 250 hours to 100% because I kept resetting my world (I really enjoyed the early/mid game). I'm looking forward to see what Pocketpair does in the future. Here are a few mods I would recommend to really improve your quality of life. 

-Map Collectables Overhauled (saves a ton of time)
-Less loading (got tired of the constant loading screens)
-Crossbase crafting (guild storage is too small)
-Smart pause (is a must for any parent)
-10x Arena points (arena has a terrible grind to fun ratio)",True,1,0,0.525862038135528564,0,True,False,False,1787593808
1623730,234005102,english,one of the best games i have played sense cyberpunk2077 its liike pokemon but if netendo actualy did what its gamers wanted,True,2,0,0.525825619697570801,0,True,False,False,1788023445
1623730,233761918,english,"Palworld 1.0 is a good foundation for a game that can become great with some QoL changes and improvements, you have an absolutely GIGANTIC ocean with absolutely nothing in it except a few sea bases and salvage spots, there are absolutely 0 pals in the actual ocean so it feels incredibly empty.
The current state of schematics are inexcusable especially the Sunreach ones for mechanical bow 4 and ancient helm 4 increase the drop rates, when playing through the game I never felt like the need to actually use any except for accessories, make more unique ones that aren't on the tech tree.
The human characters look and animate awfully, their mouths move like a nutcracker the pals are 10x more detailed and it makes sense, just another minor gripe I have.
Not being able to automate the ancient hatchery into the Pal Dissasembly Conveyor sucks and I really wish you could do that and not being able to just type in the amount you want to put into/take out of a chest also feels like an oversight.
The mid game also felt really sluggish to get through because you don't get a faster flying pal until way later and I really hope this gets changed.
I spent a little over a week 100% Palworld and I don't regret it whatsoever it has some stuff that I generally dislike but that doesn't make it a bad game, I recommend this to anyone looking for an open world creature collector that you can sink a ton of hours into.",True,1,0,0.525547444820404053,0,True,False,False,1787767395
1623730,234491654,english,game is good its addicting they were days when it was hard to put down but the game lost me when i lost a base i spent whole day building and i also lost some of my best pals,False,3,1,0.524869859218597412,0,True,False,False,1788568660
1623730,235739952,english,"Trust me, a damn fkn addictive game. Play at your own risk of losing time, but still get to have fun.",True,2,0,0.523809552192687988,1,True,False,False,1789962829
1623730,235627689,spanish,"**Palworld es un juegazo y una auténtica sorpresa.** Tiene una mezcla muy divertida de exploración, supervivencia, construcción, combate y colección de criaturas que hace que sea difícil dejar de jugar.

El mundo es enorme y está lleno de lugares por descubrir, y lo mejor es que puedes jugar a tu propio ritmo: construir tu base, conseguir nuevos Pals, mejorar tu equipo, explorar zonas nuevas o simplemente perderte por el mapa.

Los Pals le dan muchísima personalidad al juego, y el sistema de trabajo y combate hace que cada uno tenga su utilidad. Además, jugar con amigos hace que la experiencia sea todavía más divertida.

Tiene algunos aspectos que todavía pueden mejorar, pero la cantidad de contenido y las horas de diversión que ofrece hacen que merezca muchísimo la pena. **Muy recomendable para cualquiera que disfrute de los juegos de supervivencia, mundo abierto y aventura.**",True,2,0,0.523809552192687988,0,True,False,False,1789840086
1623730,235509111,spanish,"Es basicamente si la gran N hubiera hecho un buen juego de accion con otros personajes.
Es un juego para todo mundo, pals adorables, forma de jugar como quieras (el juego te permite libremente modificar ajustes del mundo sin afectarte nada), builds la que gustes, etc etc etc.
Obviamente hay cosas por mejorar como estabilidad, mas skins para los pals y mejoras en la historia (aunque tecnicamente hay historia, siento que es muy olvidable)
Es uno de los juegos de supervivencia que no puede faltar en alguna biblioteca de steam y para la familia.",True,1,0,0.523809552192687988,0,True,False,False,1789701588
1623730,235493644,english,"After playing Valheim, Windrose, and Enshrouded and being someone who played Pokémon growing up, this game is an absolute blast.",True,1,0,0.523809552192687988,0,True,False,False,1789680362
1623730,235450176,schinese,"很垃圾，优化不好，天天跳出个什么网络连接失败，联机模式还进不去
",False,1,0,0.523809552192687988,1,True,False,False,1789631734
1623730,235434110,english,"with almost 200 hours in the game i can finally put it down. 100% worth the money,  it is vastly its own game and not comparable to another game that shant be named. 10/10 will put another 200 hours into it on another play through.",True,1,0,0.523809552192687988,0,True,False,False,1789606058
1623730,235366581,english,"The game is very fun granted it took some of the best gameplay elements from a lot of games, even more fun with friends!

A very buggy and grindy mess though <.<",True,1,0,0.523809552192687988,0,True,False,False,1789520693
1623730,235363572,english,"Great game! The map is huge, and there are loads of different mons to find, the building and decorating is so nice too! I just wish it had more of a storyline..",True,1,0,0.523809552192687988,0,True,False,False,1789516247
1623730,235342001,english,love the freedom of this game its amazing and I just find myself playing every day after work,True,1,0,0.523809552192687988,0,True,False,False,1789491702
1623730,235338115,german,"Palworld ist ein sehr schönes Spiel wenn es um Bauen - Sammeln und Logistik geht. Es ist eine riesige Welt die vieles zu bieten hat. Kämpfe zwischen den Spieler und den Pal´s aber auch die Missionen machen Spaß. Am Anfang ist es ein bissel anstrengend um Ressourcen zu bekommen. Da ist das reine Suchten sehr intensiv, wo man schnell die Zeit verliert. In den letzten 50 Stunden ging die Zeit wie im Flug um. Vieles auf der Karte ist sehr schön umgesetzt und man findet bekannte Dinge auf der Insel, die an andere Spielern erinnern. Es macht Spaß Palworld zu suchten^^",True,1,0,0.523809552192687988,0,True,False,False,1789488090
1623730,235330684,english,"I originally picked up and played Palworld around its Early Access launch. While I never reached the late game back then, I could definitely see the potential the game had.

Coming back for 1.0, I can confidently say I enjoyed it. There were changes throughout Early Access that occasionally put me off, particularly as the game evolved alongside the ongoing legal situation surrounding it, but the end result still feels like a breath of fresh air for the monster-catching/survival/base-building genre.

Whether you're coming from Pokémon or you simply enjoy survival games, there's a lot here to like. In particular, after so many Pokémon generations where new mechanics can sometimes feel more like incremental or seasonal additions than fundamental changes, Palworld is refreshingly willing to experiment with the formula.

Is the game without faults? Absolutely not. There are several issues I encountered during Early Access that I hoped would be resolved by 1.0, but unfortunately are still present:
[list]
[*] No search function in the Pal Box; filtering is there but it's not enough once you have a big collection;
[*] On dedicated servers, Base Pals can & will eventually starve themselves as they seem to fail to eat; whether it's a pathfinding issue when no players are present or something else I don't know;
[*] AI pathfinding/targeting is still fairly basic;
[*] Base automation, or what exists of it, is somewhat lacking and requires a fair bit of babysitting to work reliably;
[*] Some balancing changes could be in order - mid/late game crafting and construction takes unholy amounts of grinding and very long processing. Going into research & sending your Pals to expeditions help, but it's still too long for solo/offline players who cannot afford to leave their PC AFK. While the game allows you to adjust these settings, they should be adjusted for SP experiences by default I feel.
[/list]

Despite these problems, I think PocketPair was able to bring this in as a breath of fresh air in the Pokemon-like universe with about 80% of the vision they had - since some of the infomercial GIFs and whatnot are definitely misleading from what the game actually offers - but despite that, I overall had fun.

Recommended!",True,1,0,0.523809552192687988,0,True,False,False,1789480393
1623730,235319431,english,"The mix of creature collecting, base building, and tech progression works really well. It still has a few minor bugs, but the game is clean, satisfying, and doesn't feel like a chore. Best played with friends.",True,1,0,0.523809552192687988,0,True,False,False,1789465310
1623730,235306940,english,"Do you like adorable little creatures?  Do you like murder and slavery?  This is the game for you!  It's truly a wonderfully made game with many fun mechanics!  The majority of problems one might have with the base game (progression, farming, time investment, etc...) can all be fixed with basic in-game custom settings. 10/10, would recommend!",True,1,0,0.523809552192687988,0,True,False,False,1789442097
1623730,235293989,english,"Such a great game, all of that the big N with his P franchise never tried or wanted to give the players. Entertaining bosses fights and mechanics.",True,1,0,0.523809552192687988,0,True,False,False,1789423322
440,234276052,spanish,"juegazo, lo unico malo es el autobalance y que el soldier tenga ropa",True,19,10,0.712000012397766113,0,True,False,False,1788313733
440,234675195,english,"I know that a lot of people view this game as the second coming of Christ, and that very well may have been the truth a decade ago. But I cannot in good conscience recommend this game to literally anyone, not because of its questionable balancing, community-driven trashcan of a workshop, or even its dying embers of a bot/cheater problem.

I don't recommend this game because of one simple fact: Casual is the WORST matchmaking experience I have ever had in my 2 and a half decades on this earth. Excluding community servers, it is literally impossible to play as a group with your friends because of the ♥♥♥♥♥♥♥♥♥♥♥ that is casual. Every single standard game is one team rolling the other, or a stalemate in which anyone having the slightest amount of fun will often be autobalanced at the drop of a hat. And excluding all those previous points, even getting into a game before it's 80% over is asking the impossible of the matchmaking system.

I know I sound like a broken record, and that nobody cares what I have to say, but don't pour your blood, sweat and tears into a game that can't even be bothered to put you into 1 decent match or keep your party together. Tf2 isn't worth your time and energy, and nothing will get better until Casual is scrapped. Thank you for your time.",False,17,5,0.609029710292816162,6,True,False,False,1788757396
440,235658463,latam,El estado del juego es terrible. 8 años sin una actualización mayor y a lo que se dedica Valve es a tirar actualizaciones de la comunidad sin sentido ni razón para vender hats y lucrar con un juego que han prácticamente abandonado.,False,1,0,0.523809552192687988,0,True,False,False,1789872867
440,235436897,english,"Hate to say it, but I don't ""get"" TF2. If people lose their mind about the great feel of CSGO/CS2, TF2 is the polar opposite.

This never really was for me. I tried to get into it and I think I might just be too... young, or too late to the PC gaming scene to really get the appeal of TF2. I always felt like the recipe was better executed by other games, but I'm also not really one for ""goofy pvp games.""",False,1,0,0.523809552192687988,0,True,False,False,1789609904
440,235219588,russian,"Игра прикольная, мой досуг в ней сошел на гонение гигантского волосатого мужика ебучей клюшкой для гольфа. Всем советую.",True,1,0,0.523809552192687988,0,True,False,False,1789332427
440,234856326,russian,"Team Fortress 2 — это когда в 2007 году Valve случайно изобрела машину времени и забыла её запатентовать. Игра выглядит как мультфильм про психованных наёмников, играется как чистое наркотическое веселье, а баланс классов выстроен так идеально, что спустя почти 20 лет никто даже близко не подобрался.

9 архетипов абсолютного безумия: от Тяжа, который орёт «ПУШКА КРЕПЧЕ СТАЛИ» при каждом критическом попадании, до Шпиона, превращающего любую катку в параноидальный триллер. RED против BLU за гравиевые земли братьев Маннов — лор настолько абсурден, что работает безупречно.

GamePro был прав ещё тогда: режимы созданы исключительно ради фана. Payload превращается в эпический поход тележки через всю карту, Hydro заставляет думать тактически каждую секунду.

Это та самая игра, где после тяжёлого дня можно зайти, запустить Дема́на с убертензом и почувствовать, как уровень кортизола падает ниже плинтуса. Чистое, незамутнённое удовольствие без микротранзакций для выкачивания души.

Бесконечная классика. Просто запускайте уже.",True,1,0,0.523809552192687988,0,True,False,False,1788975740
440,234301566,english,"To this day TF2's still a really fun game.

A Gem preserved by thriving community, And active player base, it's like opening a time capsule. A fun online game in 2026 that is easy to run, who would've thought.",True,1,0,0.523809552192687988,0,True,False,False,1788353512
440,233531883,russian,Та самая игра если вы хотели чтобы вас пиздили при каждом выходе из дома.Хотя с этой игрой вы и не будете вовсе выходить на белый свет.,True,1,1,0.523809552192687988,0,True,False,False,1787507841
440,233905498,russian,"EN
This game is really cool(though the developers forgot about it) well, it's okay. This game will especially appeal to fanc of funny shooters, for example: Fortnite. But if you're new to this field or came from tik tok, it's better, quit and do something useful(take it out).
RU
Эта игра реально классная(правда её забросили разрабы) ну, ладно. Эта игра понравится фанатам весёлых шутеров, например: фортнайт. Но если вы новичок в таком жанре или того хуже из тик тока, то лучше уходите.",True,1,0,0.52173912525177002,0,True,False,False,1787926422
440,233772775,schinese,你妈的往捆绑包塞免费游戏，操你妈还没法单个退😅真几把服了,False,6,11,0.51754385232925415,2,True,False,False,1787777122
440,234676539,turkish,this shi better than valorant and lol both this is a ♥♥♥♥♥♥♥ masterpıece spendıng every cent ın thıs game worths,True,3,0,0.512598991394042969,0,True,False,False,1788759401
440,235042314,english,"The game is fun enough but doesn't get any real support any more. The community is also packed to the brim with incredibly toxic, annoying, and sweaty losers. Also a cesspit where racists and troons bicker incessantly.

Cool hats.",True,2,0,0.504098355770111084,1,True,False,False,1789160133
440,235699521,english,"i gotta say this game is great! no recent updates but oh well, ill update yall on my opinion when i get more playtime",True,0,0,0.5,0,True,False,False,1789919486
440,235658354,brazilian,"Mano, sinceramente, TF2 é o melhor jogo que eu já joguei na minha vida. Eu não sei explicar direito, mas esse jogo simplesmente me prende. Eu posso ficar mó tempão sem jogar, aí abro de novo e parece que nunca parei. Cada partida é uma coisa diferente, sempre acontece alguma merda aleatória que faz você rir. E acho que é isso que eu mais gosto no TF2. O jogo não tenta ser super sério, ele só é divertido. Cada classe tem um jeito diferente de jogar, os personagens são muito marcantes e até hoje eu acho o jogo muito foda. Já joguei um monte de coisa, mas poucos jogos me deram a mesma sensação que TF2 dá. É aquele jogo que eu provavelmente vou continuar jogando por muito tempo TF2 é simplesmente bom demais.",True,0,0,0.5,0,True,False,False,1789872714
440,235392982,english,"pros- had a whole team become engineer on 2fort and won a long treacherous battle.
-most fun i had on a multiplayer(online) game.

cons- some guy went on a rant about why he was a virgin.
- slurs.

the gameplay is very fun ,but too bad this game is in limbo.
",True,0,0,0.5,0,True,False,False,1789562031
440,235328702,russian,"хорошая игра! быстро вкатился. раунды длинные и интересные, постоянно меняем тактики. GOAT",True,0,0,0.5,0,True,False,False,1789478250
440,235307436,english,"It might be on life support but it's still a good game. A stand out classic in the team FPS genre. Since it's so old it shares more in common with the previous era of shooters then the modern one, which is refreshing when you want something classic.",True,0,0,0.5,0,True,False,False,1789442961
440,235204313,russian,"Стреляя Хевви начал обстреливать все вокруг выскочил друг(https://steamcommunity.com/profiles/76561199827884989) и Хевви ему засадил из своей валыны, а потом он стал машинистом в паровозике и где мне теперь искать работу?
10 потерянных работ из 10",True,0,1,0.5,2,True,False,False,1789319826
440,235169249,russian,игра классная рекомендую но когда ты не находишь равенство команд и против тебя играют очень сильные игроки становится скучно,True,0,0,0.5,0,True,False,False,1789288668
440,235100054,spanish,"Literalmente este juego es un meme, pero de aparte del meme en si el juego es muy bueno, claro si te gusta dominar habilidades",True,0,0,0.5,0,True,False,False,1789221777
440,235071513,russian,игра очень хорошая и лором и геймплеем но есть два существенных минуса 1.игра по шакту заброшена разрабами и она держится только на его комьюнити 2.вас поставят машинистом в паровозике. ну а так рекомендую,True,0,0,0.5,0,True,False,False,1789191617
440,235020355,english,"the best online team FPS ever, played it since it originally came out on & off and it still stands the test of time. endless fun.",True,0,0,0.5,0,True,False,False,1789142291
440,234687919,english,"reason i disliked this was because of the players. for no reason they vote kicked me out of an match, this ofc made me sad and mad because there were no reason given and the players just decided to vote kick me i didnt do nothing wrong i was confused and shocked, i will be using this game just for content for tf2",False,0,0,0.5,0,True,False,False,1788777839
440,234585127,english,"It can get super annoying at times (losing), but its also really fun (winning)",True,0,0,0.5,0,True,False,False,1788663355
440,234560521,russian,Ебейшая игра. Удалите снайперов это жирные говноеды. Респект инженер и демо мейнерам),True,0,0,0.5,0,True,False,False,1788637639
440,234550603,russian,"Для меня эта игра подарила много эмоций, но нет новых оружий или нормальных новых обнов, вал все равно на игру, так что дело в наших руках, ну как минимум в игре нету полого ру языка, да и украинский тоже.",True,0,0,0.5,0,True,False,False,1788629418
440,234476380,english,"Valve's iconic class based hero shooter that somehow keeps surviving endless bot invasions, neglect, and decades of valve time.

The bad part is the total developer abandonment and severe bot problems. Dedicated servers frequently get overwhelmed by sniper bots, trade servers are filled with traders, and official competitive mode has been dead for years. The menu interface looks like a time capsule from 2007.

The good part is the immortal core gameplay, distinct character design, and unmatched casual chaos. Rocket jumping with Soldier, landing clean headshots with Sniper, or executing spy backstabbing sequences feels as responsive today as it did on day one. The community servers, custom maps, hilarious voice lines, and hat economy keep it alive.

A legendary masterpiece that refuses to die despite every imaginable obstacle.",True,0,0,0.5,0,True,False,False,1788552813
440,234460663,italian,"Still one of the most fun FPS games ever made. Great classes, great gameplay, endless chaos. TF2 just hits different.",True,0,0,0.5,0,True,False,False,1788539609
440,234421270,english,"good game, its always good, so glad I got to play this game through its peak. Still a super solid class based team shooter",True,0,0,0.5,0,True,False,False,1788491423
440,234278717,russian,"Игра с самым добрым комьюнити, особенно те кто играют за мирных Хеви.
Светят запрещенкой, распространяют проны, да и включают на весь голосовой гачу версию музыки винкса...

Не ну вот в какой игре можно такое найти?
Тут тебя никто в ухо не ебет, если не среагировал и просрал AWP.
Можешь даже играть в мирняка и тебя не кикнут, а скорее будут рады и благодарны.",True,0,0,0.5,0,True,False,False,1788317389
440,234245441,english,Very much a none beginner friendly game needsd a actual matchmaking system that pairs you with similar skilled players,False,0,0,0.5,0,True,False,False,1788280916
440,234143801,english,best game ever but i have an issue i keep dying to spies how to fix dying to spies,True,0,0,0.5,2,True,False,False,1788160652
440,234105473,german,"Einfach der beste Hero Shooter auf dem Markt. einfach simpel und macht spaß. egal ob offiziell oder Com -Server. man findet immer spaß.

kann man nur empfehlen.",True,0,0,0.5,0,True,False,False,1788117019
440,234065484,english,"Meh game. but shout out to the 3 ""active"" game devs that have changed a single thing it the past 10 years.",True,1,0,0.5,0,True,False,False,1788084638
440,234054828,spanish,"Es el juego antiguo que sigue vivo únicamente por lo divertido que es, no hay actualizaciones relevantes ni nada nuevo; y aún así dan ganas de jugarlo para pasarlo bien.",True,0,0,0.5,0,True,False,False,1788072663
440,233917786,brazilian,"É o jogo imortal da valve. Um dos, aliás. Mesmo sendo escarrados e humilhados pela própria empresa, os fãs não abandonaram o jogo, e isso é louvável. É um jogo extremamente divertido, que funciona e é (está) balanceado. Não é noob friendly, então não espere ter vida fácil. Mas, eu (falando por mim), em pouco tempo de jogo, já estav bem familiarizado e jogando bem com os demais jogadores. Um ponto que, a depender da pessoa, é negativo, nãos os jogadores da comunidade. A maioria é muito tryhard e as vezes tiltam em partidas que não valem nada, o que é bem chato, mas eu tive muito mais momentos de gargalhadas do que de estresse em si. Um ponto negativo que eu tive é que não encontrei muitos brasileiros nas minhas gameplays, mas não mudou minha visão geral. Recomendo muito.",True,0,0,0.5,0,True,False,False,1787936689
440,233911928,english,"The game that originally got me into gaming and PC in general and launched a career in IT. Watching Meet the Spy for the first time made me BEG to my parents to help me build my first PC so I could play tf2.

Nostalgia aside, still one of the best raw multiplayer FPS games still live. Just press play and enter a game. No battle pass or new seasons. No specials, perks, or other gimmicks. Just aim and shoot gun at enemy and push cart. No p2w, though cosmetic microtransactions were born with tf2 hats and crates and has evolved to encompass everything from skins to effects to emotes.

I also prefer being drip feed new weapons for 9 classes instead of all at once like overwatch with its 53 characters, it helps me continue to play this game to master what weapons I do have and to hopefully unlock others that I want. 
And I would be remised not mention MVM, which I still think could have been a whole game on its own and although has been untouched for many years still is very enjoyable.

Game invented the hero-shooter genre and in my opinion still holds up against any other modern equivalent",True,0,0,0.5,0,True,False,False,1787931909
440,235560172,english,this game is ♥♥♥♥♥♥♥♥ 2nd time ive been scammed for everything and i dont get anything i have had enough of this ♥♥♥♥,False,0,0,0.481481492519378662,5,True,False,False,1789763775
440,234259047,english,This must be the only multiplayer shooter in history with several character classes that gets boring after the first couple of hours.,False,0,1,0.458015263080596924,0,True,False,False,1788293447
440,233500754,english,"
★☆☆☆☆ An Exhausting and Deeply Unpleasant Experience
>
Cuck Fortress 2 is one of the most frustrating games I’ve had the displeasure of playing. I went in hoping to find something entertaining, distinctive, or at least mildly enjoyable, but instead I was met with a tedious combination of awkward gameplay, questionable design decisions, and mechanics that seemed determined to make the experience as unpleasant as possible.
>
The biggest issue for me was the cucking mechanics. I found them neither interesting nor entertaining; they felt repetitive, intrusive, and completely at odds with anything resembling satisfying gameplay. Rather than adding depth or humor, they quickly became an exhausting obstacle that made the entire experience even more irritating. Whatever appeal these mechanics are supposed to have was completely lost on me.
>
The pacing is poor, the gameplay lacks polish, and the overall presentation feels more like a collection of bad ideas than a cohesive game. I kept waiting for things to improve, but every new feature somehow made me appreciate the uninstall button more.
>
The only genuinely rewarding moment was when I finally closed the game. If you’re looking for fun, engaging mechanics, or a remotely enjoyable way to spend your time, I strongly recommend looking elsewhere.
>
Verdict: Horrendous. The cucking mechanics were unpleasant, the gameplay was tedious, and the entire experience felt like a mistake I should have avoided.",False,1,0,0.503683269023895264,4,True,False,False,1787481453
440,234173089,russian,Конченная игра без какого либо норм геймплея и античита если подробнее то в каждой или через каждую попадаются хотя бы 1 читак или бот мой рекорд 6 читаков это елси не говорить уже о прям выдающихся проблем этой по типу того же самого конченого подбора игре больше 10 лет и так не сделали подбор по рангам из за чего все время вижу у себя в тиме челов которые только акк создали а те самые СКИЛЛОВЫЕ челы во вражеской тиме либо самые задроченые либо просто спамят со спавн кемперством про хит боксы это вообще ♥♥♥♥♥♥ шпион буквально класс который не должен существовать но именно из за хитбоксов это считается лучший и СЛОЖНЕЙШИЙ класс во всей тф 2 хотя тому что сами валв что фанаты добали кунай который хилит звон смерти и ♥♥♥♥♥♥ амбасадор из за чего в игре теперь не только 1 класс который может хедшот ставить а 2 и шпион явно не должен этого уметь и учитавая весь его арсенал и поломанные хитбоксы можно понять что мамкины геймеры будут его задрачивать и ♥♥♥♥♥ всю твою тиму одним словом игра которая должна была сдохнуть еще 2021-2022 и то слишком долго,False,1,0,0.501385033130645752,0,True,False,False,1788193847
440,235530367,polish,Najlepsza gra multiplayer w jaką grałem i kurna kiedy Major update,True,0,0,0.5,0,True,False,False,1789735370
440,235029108,russian,"отличная игра с добрым комьюнити которое готово помочь каждому игроку который только зашел в игру, игра топ )))",True,0,0,0.5,0,True,False,False,1789149229
440,234202941,russian,"Играл когда был ещё ребенком, наверное 10-11 лет мне было когда начал, до 14 лет продолжал играть и играть, сам того не заметив набил больше 400 часов, весь мой профиль был забит этой игрой, на аве были эти o.W.n или как там это звалось, в общем сильно влюбился в персонажей, лор и механику игры, особенно режим против роботов. Был ещё и режим с тюрьмей на публичных серверах, вот там я и провел большую часть своего детства. Брал снайпера, чтобы с дальней убивать охрану и пытался дойти до вардена, шутили, смеялись, познакомился со многими интересными личностями, один из них работал в большой компании, и имел огромную коллекцию скинов, в общем провел я там время знатно.
Жаль, что аккаунт тот давно потерян, и после того дня я перестал вообще играть в неё, ведь “повзрослел уже”, так годы шли, и вот недавно наткнулся на видос где последняя глава комикса вышла, и решил вернуться. В целом, ничего не изменилось, и это тронуло меня. Всё те же недоумки которые берут хэви и безоружно ходят просят сэндвичи у противников и не пытаются даже убить их, не то что выиграть игру, инженеры которые лежат рядом с турелью и пол-матча пьют пиво, шпионы которые перед тобой же меняют свою маскировку, разведчики которые как мухи шляются по всей карте и сдыхают также, солдаты которые себя х34рят ради прыжков, поджигатели пытающийся затолкать тебя за пределы карты, столько одноклеточных млекопитающих ещё обитают в этой игре, аж на слезинку пробивает. Как говорил тип с фильма Бэкрумса, мне тут нравится, мне тут комфортно, это мой дом. Многие скажут что это цифровая тюрьма сажающая тебя рядом с людьми из заводов и строек, и проводит время как на челленджах Мистера Биста, и с животными которые весь матч только и делают что пельмени варят вместе с противниками, что игра убивает всё твоё желание жить, и что от игроков хочется спрыгнуть с моста над рекой, но для меня это дом. Начнете играть, и не заметите как сезоны поменялись за окном. Рекомендую.",True,0,0,0.5,0,True,False,False,1788224125
440,235173708,russian,"классика. игре 19 лет, 9 лет (!) без обновлений. а онлайн все еще живой.
но все же она умирает. медленно и потихоньку. тот факт что в МвМ вы будете запоминать тиммейтов по никам - уже что то говорит.
",True,0,0,0.5,0,True,False,False,1789293624
440,234772686,turkish,bu oyunu niye oynuyorsunuz amk hayatınıza zamanınıza yazık 31 çekin daha çok değer.,False,0,0,0.5,0,True,False,False,1788875577
440,235309186,russian,"В игре без доната никуда, зайдёшь на любой сервак-чел с донатными предметами и играть невозможно. Я не про косметику персов, а про пушки. Теперь скажу про класс ""Pyro"" имбалансный класс, а если учитывать то, что я выше говорил про донатные предметы, то класс Pyro это просто ад. Это моё мнение на которое я имею право, а так игра ну нормальная. Чувствую на меня сейчас налетит всё агро-коммьюнити TF 2... И да забыл добавить, игра сама по себе классная, много достижений интересных. Но игра заточена под донат. Мне 6 летних кейсов выпало осенью.",False,1,0,0.497209817171096802,0,True,False,False,1789445866
440,235374375,english,Game is effectively abandonware used for furries to ERP with each other,False,1,0,0.512711822986602783,0,True,False,False,1789532290
440,235772707,english,Great game and its played nationwide dedicatedly,True,0,0,0.5,0,True,False,False,1790007768
440,235626870,ukrainian,"Гра файна загалом граючи зараз до моменту з 98 лвл. Але контракти з ""Вбийте 5 разів з Люттю Дракона три рази"" це занадто складно а інші контракти виконувати не можу, бо треба виповнити чомусь нереальні контракти за вогнеметника/pyro. І виходить що як я б гарно не грав особливо за інженера та снайпера я всеодно неможу виконати у будь якому режимі та на будь якій мапі цей контракт. Я пропоную цей контракт взагалі прибрати та додати легший але реальний для всіх гравців контракт. До цього у вогнеметника були складні контракти такі як відбити ракету вогнеметом та ще такий контракт як кинути каністру на противника та атакувати його вогнеметом. Я грав і на мапі дуже часто в Dustbowl та на мапі Suijin. Я неможу по причині цих 3 контрактів почати інші контракти за інших персонажів, бо треба всі контракти за вогнеметника виконати до кінця хоча такі противники як розвідник та снайпери не дають жодного шансу. Я дуже розачарован цими контрактами, вони для гравців дуже складні. А так баланс гри наче покращився набагато краще з 80 лвл. Граю я у цю гру з десь з літка. Зробіть нормальні контракти за будь якого персонажа адекватними а не кіборспортивними.",False,0,0,0.5,0,True,False,False,1789839387
440,235505278,english,"Sometimes they are racist sometimes they are femboys but they are always gonna be TF2 players
oh and if you see a scout with green on them prepare for slurs.",True,0,0,0.5,0,True,False,False,1789696041
440,234697676,russian,"строй турель, 
пей мочу,
получи дилдаком в спину,
показал между ног смайлик,
это не игра - это жизнь.
Всунул Цзинь",True,0,0,0.5,0,True,False,False,1788789680
440,234018983,latam,"JUEGO LEGENDARIO LO JUEGO DESDE DEL 2018 OSEA A LOS 6 AÑOS PIENSENLO ES MUY BUEN JUEGO YO LO QUE MAS VOY A AMAR ES EL MODO MANN VS MACHINE ES HERMOSO LO MALO SON ESOS 0,99 USD me rompieron pero es buenisimo",True,0,0,0.5,0,True,False,False,1788034498
440,233847864,norwegian,Give us Team fortress 3... or upgrade this game with better graphic :),True,0,0,0.5,0,True,False,False,1787859780
440,235258720,spanish,en mi opinion mejor que counter strike 2 si no lo toca valve o hace cosas raras con este juego,True,0,0,0.5,0,True,False,False,1789387135
440,235746073,english,Still a fun game to play after almost 20 years after it was released.,True,0,0,0.5,0,True,False,False,1789974061
440,235058157,english,"♥♥♥♥ game, takes 5 hours to load into a match just for  sweats to ruin it",False,0,0,0.5,0,True,False,False,1789175980
440,233941913,english,"i feel nothing but intense vitriol for those who main the subclass ""demoknight"", wallahi may the lord gaben nerf them in the next update (coming sometime after half life 3 releases)",True,0,0,0.5,0,True,False,False,1787958287
440,234919305,english,"Значит зашёл я однажды в стимы эти ваши. И скачал крутую игрушку под названием ТФ2.. Её посоветовал мне мой друг анимешник. Поиграл. Было классно. Проводил в ней дни и ночи. А потом вдруг посреди катки раздается у меня в квартире звонок в дверь посреди ночи.. Подхожу. Гляжу в глазок а там.. Мускулистый дядя. Я решил рискнуть. Открыл дверь. Спросил что нужно в такой поздний час а потом он....{REDACTED}{REDACTED}{REDACTED}{REDACTED}{REDACTED}{REDACTED}{REDACTED}
Мораль истории: Никогда не открывайте дверь мускулистым дядям посреди ночи",True,0,0,0.5,0,True,False,False,1789054771
440,235705193,english,"Like all Valve games, its still fun 20 years later, Timeless.",True,0,0,0.5,0,True,False,False,1789923963
440,234833193,koreana,"밸브사의 자타 공인, 영원한 명작 팀포2를 같이 하십시다.",True,0,0,0.5,0,True,False,False,1788952547
440,234442951,english,The greatest game ever. Been playing since Orange Box days.,True,0,0,0.5,0,True,False,False,1788523715
440,234273036,english,"Toxic russians are overtaking this excellent game, unfortunately. Abusive language, kicking, playing russian music, etc. Many times I end up in the servers with more than a  half of of the team of unbearable players. Valve should ban them from european servers for it to be playable again.",False,2,1,0.5,0,True,False,False,1788309551
440,234133160,brazilian,"todo mundo compartilha o mesmo neurônio 

e tem pornografia",True,3,1,0.545454561710357666,1,True,False,False,1788144363
440,235777389,english,Tbh This was the funniest game I have played on my potato pc,True,0,0,0.5,0,True,False,False,1790011872
440,234867217,english,Very iconic and fun ! Definetly Recommend,True,0,0,0.5,0,True,False,False,1788984329
440,234338070,english,would be better if it wasnt dead but still a fun time,True,0,0,0.5,0,True,False,False,1788391072
440,233561294,english,Very good very uber mid community bad community humor,True,0,0,0.5,0,True,False,False,1787536542
440,235813950,russian,Одна из лучших бесплатных игр в стиме. Так и не получил анюжал на пирыча(,True,0,0,0.5,0,True,False,False,1790059536
440,235223711,english,"You were good, son. Real good. Maybe even the best.",True,0,0,0.5,0,True,False,False,1789336490
440,234086496,english,tbh just an ass game with the community being even worse,False,0,0,0.5,0,True,False,False,1788102756
440,233773190,turkish, her online oyun gibi hile kaynıyor hiç başlamaya değmez,False,0,0,0.5,0,True,False,False,1787777487
440,235269107,english,игра для недоношенных членостоногих ебанатов,True,0,0,0.5,0,True,False,False,1789398317
440,234198514,english,"EVIL CAT OF THE WHENEVER, MAKE MY DOWNLOAD FASTERRRRR",True,0,0,0.5,0,True,False,False,1788218032
440,235099059,english,"ITS FUN TO BE IN VURTRIAL WAR&FIXES GMOD TEXTURES
",True,0,0,0.5,0,True,False,False,1789220969
440,234649616,english,"its a good game, Im not good at it but yeah",True,0,0,0.5,0,True,False,False,1788725860
440,234473767,czech,"Good, funny, better than overwatch :3",True,0,0,0.5,0,True,False,False,1788550487
440,233516401,english,"save tf2 worked, the game is so much fun now.",True,0,0,0.5,0,True,False,False,1787495962
440,234910412,english,I would pay valve to give me the rights to update this game.,True,0,1,0.5,0,True,False,False,1789046324
440,233567261,english,the worlds greatest fps,True,0,0,0.5,0,True,False,False,1787544594
440,234641773,russian,"превосходная игра, прямо как во втором тим фортрес",True,0,0,0.5,0,True,False,False,1788718905
440,234610267,english,Incredible how much fun this game still is,True,0,0,0.5,0,True,False,False,1788692483
440,234257661,german,"peak experience, every man should play this atleast once",True,0,0,0.5,0,True,False,False,1788292147
440,233753505,english,if i have to play one more round of this ♥♥♥♥♥♥♥ game im blowing my brains out,False,1,0,0.51829826831817627,0,True,False,False,1787760173
440,235329374,russian,Сакстон Хейл который 7 летний мальчик поешь говна ♥♥♥♥♥♥,True,0,0,0.5,0,True,False,False,1789479001
440,235805377,english,Ze Playin Iz Moor Rewordin Tzan Tze Healin!,True,0,0,0.5,0,True,False,False,1790045243
440,235534553,schinese,"好玩
但是被捞薯条了",True,0,0,0.5,0,True,False,False,1789739769
440,234970884,english,REALLY A FUN GAME AND IT STILL KINDA REMINDS ME OF PVZ GW2.,True,0,0,0.5,0,True,False,False,1789085510
440,234398870,latam,"soy nuevo es esta mierda




me encanta
",True,0,0,0.5,0,True,False,False,1788464441
440,234318615,english,Most goofy fun I've had in an online shooter ever,True,0,1,0.5,0,True,False,False,1788370621
440,235354619,polish,the most fun you'll ever have playing a FPS game.,True,0,0,0.5,0,True,False,False,1789504124
440,234508806,english,"My childhood game, I enjoyed playing this.",True,0,0,0.5,0,True,False,False,1788589915
440,233815724,russian,"это ♥♥♥♥♥♥ тупая не играйте
10 из 10 игра",True,2,1,0.54356849193572998,0,True,False,False,1787832420
440,235815148,english,lots of mentally sicjk ♥♥♥♥♥ on this game,True,0,0,0.5,0,True,False,False,1790061749
440,235721680,english,honestly a really good game KABOOM,True,0,0,0.5,0,True,False,False,1789938480
440,234073430,russian,Самая лучшая порно игра про негров и фурри геев,True,0,0,0.5,0,True,False,False,1788092325
440,234072824,english,A cool time-killer game with friends,True,0,0,0.5,0,True,False,False,1788091806
440,234824447,english,♥♥♥♥ you steam i have a 22 year old account and you want me to verify if im 18,False,1,0,0.498774498701095581,1,True,False,False,1788938342
440,235350482,russian,"первая катка длилась 20 минут, вторая 4 часа",False,1,0,0.523809552192687988,1,True,False,False,1789499896
440,235194691,portuguese,"um jogo que tras boas recurdasoes
",True,0,0,0.5,0,True,False,False,1789312415
1938090,233888970,english,"CoD HQ is pointless.
Bring back standalone applications instead of this 100+ gb piece of garbage.",False,42,0,0.806824326515197754,0,True,False,False,1787908927
1938090,233628140,english,"With mw4 you guys achieved another benchmark down the spiral. To explain exactly why it is so ♥♥♥♥♥♥♥, the controller aim assist is unreal and basically locking onto people. It literally pulls and locks straight onto upper torso and head with zero effort, making the game completely unplayable on keyboard and mouse because you just get tracked automatically with no human reaction delay. On top of that, the time to kill is completely broken and inconsistent where you just get melted instantly with zero counterplay. Add in the absolute ♥♥♥♥♥♥♥ maps with terrible flow, and the fact that basic pc settings like the independent ads fov option aren't even available. This is the first year I am actually refunding a cod game. 0/10 gl hf activision.",False,47,2,0.735111653804779053,4,True,False,False,1787612528
1938090,234302632,english,"- Zombies only player (around 1.2k hours at time of review, with less than 30 minutes in multiplayer)

- Then COD decided I apparently needed to become an IT technician just to keep playing Zombies.

- First came Secure Boot and TPM 2.0. Fine.

- Then came the BIOS update requirement, with the threat of being thrown into limited matchmaking if I didn’t comply. Fine.

- Flashed the latest BIOS

- Still limited matchmaking

- At this point, I basically own a single player COD Zombies game that requires a constant internet connection, multiplayer anti cheat requirements, BIOS updates, Secure Boot, TPM 2.0, and apparently a minor degree in computer engineering.

- Please just give us a standalone game instead of forcing zombies players through every multiplayer/warzone anti cheat requirement imaginable.",False,41,3,0.723309814929962158,3,True,False,False,1788354753
1938090,233705519,german,"es ist gerade mal bo7 rausgekommen und gefühlt 1 season später soll man wieder am besten 120€ für die Händereiber ausgeben für irgendeine elite ultimate pro ultra gay skin vorbesteller edition... den selben müll immer und immer wieder zu immer teureren preisen. und die spiele werden immer größer und größer bald braucht man eine 1tb festplatte nur für 1 game obwohl es nichtmal neue game modis gibt. 

und bei den entwicklern werden sich mal wieder fett die hände gerieben weil soviele idioten das mitmachen",False,12,9,0.658385097980499268,0,True,False,False,1787701173
1938090,234593584,russian,"Зашел в игру, поставил на закачку компанию, чтоб поиграть в одиночную игру, скачивание не началось, удалил.",True,8,2,0.637987792491912842,0,True,False,False,1788673980
1938090,233648607,schinese,没那么差，就算只打僵尸和战役也是绝对比23有趣的,True,10,0,0.622204124927520752,0,True,False,False,1787641674
1938090,235143262,english,"Omg, the BIOS situation is what held me back. I cant play certain games without updating my BIOS. Sure, i did it, learned a few things from videos on how to do it. Once its done, along with the other stuff i had to enabled, it still wouldn't recognise i updated the BIOS!!!. MORE videos and updated the BIOS in ""3"" DIFFERENT ways, still wouldn't let me play fully. those 6hrs was mainly game sitting in the background as i figure out how to let me play",False,6,0,0.61538463830947876,2,True,False,False,1789257064
1938090,235467094,spanish,"El mejor juego para arruinarte la existencia y amar cada segundo
Sinceramente, no sé si estoy escribiendo una reseña o una carta de auxilio.
Tenía una vida tranquila, metas a futuro y una salud mental impecable, hasta que decidí abrir este juego. Lo que prometía ser una tarde de entretenimiento se transformó rápidamente en un agujero negro de emociones: me causó una profunda depresión, un nivel de decepción que ni mi ex logró alcanzar y una soledad tan absoluta que hasta el silencio de mi habitación se siente ruidoso.
He perdido la noción del tiempo, mi ciclo de sueño es una broma de mal gusto y mi paciencia está completamente destruida. Los personajes no me respetan, el mapa se burla de mí y cada victoria cuesta un pedazo de mi alma.
Es una experiencia genuinamente miserable, angustiante y destructiva.
10/10. Recomendadísimo, ya le metí 300 horas y mañana me vuelvo a conectar.",True,6,1,0.614035129547119141,0,True,False,False,1789655067
1938090,234474452,english,If you want to spend 1000 Hours of your life trying to get good at this game and still sucking then this is the game for you 7/10,True,6,8,0.614035129547119141,0,True,False,False,1788551130
1938090,233509172,schinese,"令人失望且恼火的一代cod
cod22有着这几代cod最好的地图设计，人物机动性提高与蹬墙跳的引入本可以让本作成为冲的最爽的一代，然而构思的单人战役，自第五赛季以来全面崩坏的武器平衡，烂出新高度的匹配机制，过高的肝度，毫无设计的通行证，武器蓝图，等等诸如此类的问题使得cod22成了综合下来游玩体验最恶心的一代。就算后面这代打一折我也不推荐任何没有M倾向的人玩。",False,8,0,0.592684745788574219,0,True,False,False,1787489837
1938090,235180844,english,"Ah yes, I love opening a 300GB launcher just to play a different game, only to be forced to download a massive update that resets all my settings and treats the entire UI like an aggressive billboard for microtransactions. To top it all off, Warzone itself is an absolute breeding ground for hackers, every lobby feels like a cheat-code convention where you're instantly deleted across the map by someone tracking you through three walls.",False,5,0,0.580530047416687012,0,True,False,False,1789300984
1938090,235449579,english,"仅游玩了黑色行动7单人战役，因此以下评价只针对单人部分。

先说优点：这次的枪械手感确实不错，射击反馈很扎实，击杀反馈也很爽，实际战斗过程还是能够带来比较不错的体验。单人战役的流程也比较长，场景制作和画面表现同样值得肯定。

但最大的问题还是剧情。

这次的剧情给我的感觉非常糟糕，整体内容和传统《使命召唤》以及《黑色行动》系列的感觉有明显脱节。游玩过程中很难感受到过去那种属于《使命召唤》的紧张感和代入感。虽然游戏有不少很长、制作精良的场景，但场景做得漂亮并不能弥补剧情内容本身的问题。

如果单独评价枪械手感、射击体验和击杀反馈，我依然愿意给出好评；但如果综合考虑单人战役的剧情表现，我认为这部分很难令人满意。

目前我的评价主要建立在单人战役体验上。如果后续官方对剧情或相关内容进行较大幅度的修改和改善，我可能会重新考虑并修改这条评论。

总体而言：枪械手感和击杀反馈不错，画面与场景也不错，但剧情表现严重拖累了整个单人战役。



I have only played the bo7 single-player campaign, so this review is based entirely on the campaign experience.

First, the positives: the gunplay feels quite good. The shooting feedback is solid, and the hit and kill feedback is satisfying. The actual combat can still be quite enjoyable. The campaign is also fairly long, and the environments and visual presentation are impressive in many parts.

However, the biggest problem is the story.

The story feels extremely disappointing to me. The overall narrative feels disconnected from the traditional Call of Duty and Black Ops identity. While playing, it was difficult to feel the same tension and immersion that I associate with previous Call of Duty campaigns. There are plenty of long and beautifully designed sequences, but impressive visuals cannot make up for the problems with the actual story.

If I judge the game purely on its gunplay, shooting mechanics, and kill feedback, I can still give it a positive review. However, when the single-player campaign is considered as a whole, the story makes it difficult for me to recommend it without reservations.

My current opinion is based entirely on the single-player campaign. If the developers make significant changes or improvements to the story and related content in the future, I may reconsider and update this review.

Overall: Great gunplay and satisfying kill feedback, with impressive visuals and environments, but the extremely weak story seriously hurts the single-player campaign.",False,3,0,0.56204378604888916,1,True,False,False,1789630683
1938090,235264164,schinese,这几把匹配机制真有人喜欢吗？玩一晚上没一把kd正的，玩的一点都不开心，把把高压锅还不如sbmm呢，sbmm好歹还能给你牢两把爽一把，现在是全程坐牢，bo7停更后能不能把开放匹配改回来啊,False,5,1,0.550622880458831787,0,True,False,False,1789393438
1938090,235298622,spanish,"me toco con 3 diferentes personas , un brasileño , un argentino y un chileno , los 3 me insultaron , me mataban apenas tocaba el suelo y no dure ni 5 segundos en el gulag pero juegazo",True,2,1,0.545454561710357666,0,True,False,False,1789429469
1938090,235781544,english,"Bought this game thinking I was going to become a professional soldier.

Instead, I got killed by a guy jumping around like he just drank 7 energy drinks.

“Okay, one more game.”

3 hours later:

“I hate this game.”

Queues for another match.

The gunfights are fun, the chaos is incredible, and apparently my self-control is nonexistent.

10/10. Would rage quit and immediately queue again.",False,3,0,0.544161498546600342,1,True,False,False,1790015720
1938090,234131682,english,"long time mp player of IW and early Trey titles, genuinely enjoyed the newer MW entries mp. blatantly put, the use of generative ai for in game assets and game development is detrimental to the games. once again putting down the rifle, probably for good. can't in good conscience support a dev with so many ties to ai and well.. everything else. 

it's always been a shameless propaganda push for military support yes, and gen ai assets completely drain what little soul it ever had from mp progression and as a whole.",False,2,0,0.538461565971374512,0,True,False,False,1788142520
1938090,234234674,english,Game has potential and wtf is User Interaction and Worst User Experience Tbh and 200 GB for war zone only is not acceptable,True,3,1,0.537861406803131104,0,True,False,False,1788270988
1938090,235362557,schinese,觉得生活没有麻烦的可以打两把给自己添麻烦,True,5,3,0.53559798002243042,0,True,False,False,1789514773
1938090,235211958,english,"decided to boot COD back up after a couple of years away. 
130GB download, that's a bit excessive. 
Game booted up 
Get to a select game screen
Cant play any of the games
Requires another 70+ GB EACH for each individual game in the series. You literally download 130+GB and cant play any game.
Closed game, Uninstalled. 
Purchased War dogs",False,2,0,0.532934129238128662,0,True,False,False,1789325817
1938090,233533908,english,"with a total playtime of 1000h on pc of all call of duty, i am not happy to say i am finnished playing. after they new release of the attislation the game is basically impossible for most players to play. you need to go out of your way to update everything including the pain of updating your bios. further more you need to download a completly different program to go through your files on your computer. I know that there are lots of hackers and modders out there ruining the game but there are ways round it. this is taking it too far. Thankyou for keeping me alive as a kid with many hours of fun, but now call of duty is at the end of the road. Please fix this as i believe your going to loose most of your player base.",False,2,0,0.532374083995819092,0,True,False,False,1787509487
1938090,235741607,english,"I’ve been playing Call of Duty since 2003, but with every new release, it seems to be getting worse and worse. There are too many cheaters, and it makes me question whether I should keep playing every year. I’m especially disappointed when the game reaches the end of its life cycle and the new game comes out. It feels like the developers stop caring about the current game, while the cheating problem continues to get worse.",False,2,0,0.529243946075439453,4,True,False,False,1789965636
1938090,234851005,schinese,匹配机制很差 不开黑没法玩 经常无故掉线 局内掉线更新 团战对枪掉帧，9600x加5070弗尔丹斯克人多对枪能掉到60帧，高强度对局没法玩，早期使命召唤16画面一样的情况都能稳定180帧，22刚出的时候还能看到火箭筒加载成上代RPG下一秒就变成新火箭筒，真的怀疑优化差是套了好几层皮的原因。这样搞一点也不环保，你程序员省事了，全世界玩家多费多少电啊。还有那破阿瓦隆地图空旷节奏慢，跑半天被狙死了挫败感强，官方设定十分钟地图轮换不合理，真不想玩阿瓦隆。这样弄新玩家不好上手老玩家也打不爽，动视你再这样弄离亏钱不远了。,False,2,0,0.527923464775085449,0,True,False,False,1788970889
1938090,235785074,english,"It is sad to see how far this franchise has fallen. Their games are unplayable when they work and there are cheaters in 9 out of 10 lobbies. The UI is overloaded with garbage and it is made so that if you want to enjoy the full experience of the game on a level playing field you need to spend 10x the cost of the game through the life cycle of the game to stay competitive or you have to just cheat like everyone else. They do not support their old titles. That being said you can spend $1000 on battle passes and bundles from the shop and still have an unplayable game in 2 years. This isn't new, they have been putting out uninspired garbage since Black Ops 4. I was globally ranked in the top 5,000 out of 50,000,000 playing only hardcore and snipers only on BO Cold war. Now the game wont load into lobbies and the support team wont help fix anything because the game is too old. I have 50,000+ hours played on COD titles over the years and I can honestly say that there is no hope of this franchise ever being for gamers again. They only care about bringing in as much money as they can without spending a single dime on creating anything new and enjoyable to play. So much potential wasted on developers who insist on repolishing the same turd and bedazzling it with ""options"" and better graphics as if that's what it needed. I keep buying these games in hopes of them finally making something good again and I am disappointed every time. For those nerdy enough to understand, I am playing on a PC with a 5090, more ram and drive storage than I'll ever need and with a hardline CAT6 with 5gig speeds. This game still finds a way to run terribly if at all. Please for the love of God fix your games and stop overcomplicating everything.",False,1,0,0.523809552192687988,0,True,False,False,1790019132
1938090,235250848,french,"trop de joeurs font de multiple accrobassi sa ressemble plus a un jeux de guerre
",True,1,0,0.523809552192687988,0,True,False,False,1789375302
1938090,234967666,german,Reine katastrophe das game und besonders das Matchmaking... 40€ im  Sale noch viel zu viel gewesen.,False,2,0,0.523809552192687988,0,True,False,False,1789081829
1938090,234811526,english,"The amount of hoops you have to jump through, updating and changing BIOS set ups to appease the anticheat just to load into lobbies full of cheaters is actually crazy. its not worth the time or effort",False,2,0,0.523809552192687988,0,True,False,False,1788917126
1938090,234768393,english,Games crash even on my specs btw. Should be standalone games instead of a cod launcher. Game prices are too high. SBMM is poor. Zombies is very good. Very annoying bios/secure boot stuff neededing to be messed with to even play bo7.,False,1,1,0.523809552192687988,1,True,False,False,1788870746
1938090,234363781,english,"Call of Duty Launcher is the real final boss. I just wanted to play a game, not download 200GB, install 5 updates, restart twice, and launch a launcher inside another launcher.",False,1,0,0.523809552192687988,0,True,False,False,1788428336
1938090,234116670,portuguese,"jogo cheio de fescuragem para poder jogar agora nos q temos placas de video antigas nao jogamos mais 
",False,1,0,0.523809552192687988,0,True,False,False,1788126138
1938090,233729129,english,"I don't understand, why does it make me download 120 gb just to have it tell me that I still have to download and install anything to play in this?  I don't need it to play MW1 or 2 or 3 or any of the other games or their multiplayer or anything.",False,2,0,0.523809552192687988,0,True,False,False,1787734662
1938090,233680453,german,"Moin moin meine verehrte Damen und Herren des spaßigen gamings, wenn sie darüber nachdenken sich dieses Spiel herunter zu laden, da es ja kostenlos ist und vielleicht in 2026 ein optimiertes Spiel ist, liegen sie falsch ,das wäre ja aber auch zu schön gewesen.
Stattdessen ist das Spiel geprägt von schwitzigen discord mods die nichts anders spielen und dich dazu auch noch beleidigen, dazu kommen noch die wundervollen Server, jedes zweite game Standbild und lags bei denen du einfach gerne deinen Monitor einschlagen möchtest, hol dir das Game.

",False,2,0,0.523809552192687988,0,True,True,False,1787677193
1938090,233492292,koreana,펌웨어 업데이트 하라고 오류 떠서 펌웨어 업데이트 했는데 계속 펌웨어 업데이트 하라고 뜨고 게임사 의 문의 했지만 답은 없고 멀티 은 안되고 그냥 환불 하러 갑니다,False,1,0,0.523809552192687988,0,True,False,False,1787471835
1938090,235715866,english,"Here is your excuse to uninstall the game, and save hours of your time as well as hundreds of gigabytes of space on your hard drive. 

By monitoring dynamic link library (DLL) files, investigators found that while older titles like Black Ops 1 only triggered standard system files, newer games like Modern Warfare 3 accessed camera-related files such as nvc 64.dll. The video connects this discovery to specific Activision patents outlining 2D-to-3D facial tracking and engagement-driven microtransactions that analyze player psychology, focus, and camera data. Furthermore, it highlights a patent regarding simulations continuing to run using spare player device capacity after a game is closed, suggesting these background processes could train AI on human behavior. Finally, the creator notes that competing titles like XDefiant do not trigger similar camera files, questioning the necessity of these background processes.

TL;DR
The game accesses webcam-related files and utilizes background processes linked to Activision patents for real-time facial tracking, psychological engagement-driven microtransactions, and AI training.",False,1,0,0.52173912525177002,0,True,False,False,1789932904
1938090,235620944,english,"Call of Duty is the fast food of the games market. Artificial, un-healthy and expensive.",False,1,1,0.52173912525177002,0,True,False,False,1789834232
1938090,233723121,schinese,草泥马吹牙科两枪死大机枪直接给老子吓得不敢打开游戏，纯纯m属性大爆发的人才愿意去玩这垃圾到令人发指的第五赛季,False,1,0,0.52173912525177002,0,True,False,False,1787725584
1938090,233644612,english,Skill-Based Damage: Skill-based damage (SBD) is a video game mechanic that dynamically adjusts a player's weapon damage output or time-to-kill based on their skill level.,False,1,0,0.52173912525177002,0,True,False,False,1787635021
1938090,234660241,english,"♥♥♥♥ ass ♥♥♥♥♥♥♥ launcher bro made by ♥♥♥♥♥♥ ♥♥♥♥ because i have no ♥♥♥♥♥♥♥ cod game installed on this ♥♥♥♥♥♥♥ piece of ♥♥♥♥♥♥♥ ♥♥♥♥♥♥♥ launcher and its still ♥♥♥♥♥♥♥ 11 gigs. i dont ♥♥♥♥♥♥♥ have ♥♥♥♥ ops 7 installed because every ♥♥♥♥♥♥♥ ♥♥♥♥♥♥♥ black ops isnt worth installing because treyarch hasnt made a game that wasnt ♥♥♥♥♥♥♥ since bo3, warzone is by ♥♥♥♥♥♥♥ for ♥♥♥♥♥♥♥, and modern warfare 4 isnt out yet, so i have nothing on this launcher and its somehow 11 ♥♥♥♥♥♥♥ gigs, so when modern warfare 4 DOES come out, 11 gigs of space go to ♥♥♥♥♥♥♥ nothing. ♥♥♥♥ that and ♥♥♥♥ activision, and ♥♥♥♥ treyarch for making bad games, treyarch has ruined call of duty and they should never be allowed to dev another game again, let sledgehammer and IW make every ♥♥♥♥♥♥♥ cod from now on because treyarch ♥♥♥♥♥♥♥ will complain about the stupidest ♥♥♥♥ in the world on games that arent black ops and then make our games ♥♥♥♥ just like black ops because they whine so much and just want every ♥♥♥♥♥♥♥ cod to be ♥♥♥♥♥♥ black ops. i want my ♥♥♥♥♥♥♥ hours counted for modern warfare 4 and i want to get achievements for modern warfare 4, i dont want hours on this gay ♥♥♥♥♥♥♥ launcher, i want my hours and achievements counted ONLY FOR MODERN WARFARE 4 and not this ♥♥♥♥♥♥ ♥♥♥♥♥♥♥ ♥♥♥♥♥♥ launcher",False,1,0,0.520547926425933838,3,True,False,False,1788736973
1938090,234084865,english,"Call of Duty remains the industry benchmark for fast-paced, arcade-style first-person shooters, offering unmatched gunplay, fluid movement mechanics, and polished cinematic campaigns. The multiplayer experience is consistently engaging, supported by robust weapon customization and a steady flow of seasonal content, while modes like *Warzone* deliver high-intensity battle royale action.

However, the franchise has notable drawbacks. The annual release cycle often leads to iterative rather than truly innovative updates, occasional map design inconsistencies, and aggressive monetization strategies through battle passes and cosmetic microtransactions. Large file sizes and occasional balancing issues can also detract from the overall experience.

Overall, *Call of Duty* is a top-tier choice for players seeking crisp gun mechanics and thrilling, quick-match multiplayer, even if the yearly formula occasionally feels routine.",True,1,0,0.516778528690338135,1,True,False,False,1788101589
1938090,233599741,schinese,贱种游戏，休闲重生改的你妈全是玩家，刷你妈比的迷彩,False,1,0,0.516129076480865479,0,True,False,False,1787585358
1938090,233523530,schinese,想你了牢t 虽然你们发疯了忘情了赛半自动三连发四连发的轮椅，虽然你们塞命中胸口一枪死的半自动，虽然你们做双持全自动野狗喷子，虽然你们塞20米踉跄死的双连发喷子，但是我还是想要你们的全向移动和登墙跳，还有不瞎眼的敌我识别和是正常人的跑射延迟和配件各项属性的可视化数据,True,3,1,0.515681445598602295,0,True,False,False,1787501232
1938090,234091118,english,"-cant play the game due to ""bios firmware update required""
- update bios to most recent version
-""bios firmware update required""

go ♥♥♥♥ yourself, not replacing an already 300 dollar motherboard because your company is lazy and stupid
",False,2,0,0.511111080646514893,0,True,False,False,1788106158
1938090,234837371,schinese,每次都启动不起来，垃圾优化，隔三差五就运行不了，屎一样的优化,False,1,0,0.509803950786590576,0,True,False,False,1788957937
1938090,234131621,english,"I have never had a more soul crushing experience in my entire 23 years of life. If I could have one message for Treyarch, it would be cash out and close your studios. You are uninspired hogwashes of developers and bring shame to you, your families, and your lineage. You deserve all of the hate you receive and shouldn't be surprised by any of these reviews. You know how terrible you are. Your use of AI, your lack of imagination, and pure laziness bring shame to all other game developers. This is why AAA games are dying. It is because of you. 

With absolute hatred,
Vessel",False,1,0,0.507462680339813232,0,True,False,False,1788142444
1938090,235747919,english,"Get rid of CODHq it is the biggest piece of ♥♥♥♥♥♥♥♥. Might be the most bloated garbage ass launcher on PC gaming, just make it a separate application",False,1,0,0.507042229175567627,0,True,False,False,1789977487
1938090,233926185,schinese,我草泥马吹牙科，什么叫总部下载了120多个G反手下载文件缺失，你妈的一个重生岛全是轮椅，要不改名叫轮椅地带吧，服务器跟吹牙科全家一样，要不你还是把16，19战区回归吧，起码都比这狗屎强,False,1,0,0.505208373069763184,0,True,False,False,1787943757
1938090,234809735,english,bought for bo6 and tried to play bo7 zombies but apparently i have to play geek squad just to play the damn game. what a joke,False,1,0,0.504950463771820068,0,True,False,False,1788914770
1938090,234263850,english,"Man! So I played the beta and I am just not impressed at all. I will say this is better than BO7 (that was TRASH) but it is all the same thing all over again. Played 4 games of MP, got bored. Played resurgence, got bored. Then they added casuals.....was that supposed to help?? I am hoping that its last saving grace is DMZ but it would have to blow me away. 

After playing COD since the beginning, I think I am officially done, it is time to move on. Companies should be looking for what is new and fresh. Not take the same game every year and slap some colors and skins on it and call it new. 

Sad day but all good things come to an end I guess.",False,1,0,0.504587173461914062,0,True,False,False,1788298330
1938090,235453624,schinese,狗屎BIOS认证，已经是最新的了还是过不了就只能玩一个模式，自定义都开不了，你反外挂反了个屁，在战区只能玩休闲生存还要跟挂队斗智斗勇,False,1,0,0.504533708095550537,0,True,False,False,1789637693
1938090,234850668,english,"Dont buy this game. Shotguns are absolutely busted, there’s zero fun to be had, and matches feel such a slog to play.",False,1,0,0.502341926097869873,0,True,False,False,1788970573
1938090,233944839,english,had to delete EVERY game in my library for this ONE game if you have small storage i do NOT recommend.,False,1,0,0.501488089561462402,0,True,False,False,1787961332
1938090,233812302,english,I hope All activision gay developers get what they deserved this game is sucks there is no point to turn on tpm or ♥♥♥♥ everyone is cheating atm,False,1,0,0.501488089561462402,0,True,False,False,1787828744
1938090,235816321,english,"The game is really fun, but I keep getting hit with constant network errors. My internet connection is working perfectly fine with everything else, so it seems to be an issue on the game's end. Is anyone else experiencing this or know a fix?",True,0,0,0.5,0,True,False,False,1790063760
1938090,235803922,english,"nah its just mw4 the prequel. I only got this game for my brother who really wanted me to run the game with him. if up to me, i would have skipped this release.",False,0,0,0.5,0,True,False,False,1790043038
1938090,235771653,schinese,"垃圾服务器，登录问题太多，闪退
",False,0,0,0.5,0,True,False,False,1790006837
1938090,235768297,english,I definitely recommend this if you want a fast paced first person shooter and a fun game to play with friends,True,0,0,0.5,0,True,False,False,1790003880
1938090,235766583,english,Yes it is nice to run around and shoot stuff if you can actually get into the thing you paid for but the grief of installing this huge game then needing another account then needing to link accounts then your computer does not match their ♥♥♥♥ now you gotta get new bios updates sure sucks the fun out of it and struggling to log in for whatever reason is simply not on.,False,0,0,0.5,0,True,False,False,1790002374
1938090,235740834,brazilian,"Esse jogo e a empresa se tornaram uma vergonha para o fps, lobbys cheio de hacks impossível de jogar, infelizmente são todos os jogos da franquia, não conseguem fazer um anti-cheat que funcione, de 10 partidas 11 cai com xitados.",False,0,0,0.5,0,True,False,False,1789964222
1938090,235737185,english,"great game graphics are crazy
",True,0,0,0.5,0,True,False,False,1789958557
1938090,235724290,brazilian,cara eu literalmennte addoro esse game o problema e que devido tantos hacker eu nao posso mais jogar pq preciso atualizar minha bios do pc e quem sabe atualizar bios e meio perigoso pq qualquer intterferencia vc da perca total na sua placa mae e isso me desanimou legal de jogar no pc pq unico game que eu gosto de jogar com a galera era uum wwwarzone e agora nao posso mais jogar,False,0,0,0.5,0,True,False,False,1789941250
1938090,235713179,english,"the worst experience i have ever had with a video game. It requires a BIOS update? Even after i did that it still didnt work. 5 hours of ""playtime"" yet about 4 and a half hours of that was spent in the menu trying to figure stuff out. Waste of time, money, and 300gb of space.",False,0,0,0.5,0,True,False,False,1789930592
1938090,235705660,english,great gameplay mechanics and movement how ever the (SBMM) skill based matchmaking its cranked to the freaking max. I would recommend not buying the game unless you want to play like your life depends on the out come of the match every single game.. I would recommend refund the game,False,0,0,0.5,0,True,False,False,1789924312
1938090,235688890,german,"Wer es mag grundlos von menschen aller welt so dermaßen in den arsch gefickt zu werden,dass du nie wieder laufen kannst weil diese dreckigen hurensöhne deren fg42 in deinen anus reinschieben und mit den nutten cluster granaten deinen schließmuskel zum implodieren bringen sollte dieses Spiel unbedingt spielen.Warscheinlicht gibt es keinen schnelleren weg,depressionen zu bekommen und drogenabhängig zu werden als dieses von 14 jährigen hyperaktiven adhs buben versäuchte drecks spiel.
10/10 würde nochmal kaufen",True,0,0,0.5,0,True,False,False,1789910820
1938090,235686579,brazilian,"jogo mal otimizado , fora os hacks nas partidas e muito mais kkk",False,0,0,0.5,0,True,False,False,1789908699
1938090,235681679,english,"This game needs to seriously nerf aim assist and address the issue with cheaters. Decent MnK players doesn't stand a chance against a burger that plugs a controller and feel like a pro because the aim assist does 90% of the job by aiming for you or a sweaty guy that uses meta guns and laser you across the map just for a tik tok clip. 
Call of Duty is not what it used to be anymore and it doesn't require any skill at all.",False,0,0,0.5,0,True,False,False,1789903592
1938090,235662624,german,"findest kein game wenn du gut bist,,, sbmm und soo.. drecks game",False,0,0,0.5,0,True,False,False,1789878612
1938090,235654266,english,i bought for zombies was trash gameplay is a buggy slog og cods are better the only thing that was semi decent is cursed dont bother gameplay looks alot more fun than the game,False,0,0,0.5,0,True,False,False,1789867207
1938090,235641872,italian,"Mappe troppo piccole, non c'è strategia è un continuo muori e ammazza, il fuoco amico ti uccide ugualmente, sono a livello 22 e nelle lobby mi scontro contro giocatori di livello 500,800, non c'è storia, come giocare contro cheater senza cheat .",False,0,0,0.5,0,True,False,False,1789852825
1938090,235613290,brazilian,"modo historia e bom porem o jogo esta mal otimizado no pc. se usar em 1080 ou 1440 tanto faz continua serrilhado ..uma merda nos detalhes gráficos. instalei um mod reshad para tentar corrigir a falha e adivinha fui banido...kkkk parece piada mais sim aconteceu.. entrei em contato com a activion explicando o ocorrido. a resposta foi.. vc violou a politica e as regras do jogo sua conta vai continuar banida.... total descaso com cliente, fosse algo que desse vantagem ou prejudicasse desrespeitasse os demais jogadores. estaria totalmente de acordo. mais uma tentativa de melhorar gráficos coisa que eles deveriam lançar um patch de correção e  não o fazem... actvision deveria era sentir vergonha nao desmerecendo os jogos indie. com certeza tem muitos com melhor qualidade ate em resolução. menor..fica aqui um alerta talvez se usar uma rtx 5090 que frame gen e dlss5. vai ser banido tbm por que ricochet anticheat vai entender que vc esta trapasseando..brincadeira um negocio desses.. fica o alerta e usem por conta e risco.. da minha conta estou tentando remover os títulos da distribuidora permanentemente. abraço",False,0,0,0.5,0,True,False,False,1789827824
1938090,235612284,schinese,cod22的僵尸模式的狩猎真低能，就不能设置个独自撤离点吗？打到80多波有一个队友不送我们也没法结束游戏打的特别累特别疲惫，一把打了2个多小时最后无奈直接退了啥也没得到（我也不知道有没有奖励退的时候提示是没有奖励，退出来了时没有个往常一样有等级提升获得的奖励直接就退出到界面了），2个多小时白打了，这个模式第一次玩确实挺爽纯肉鸽，但是持续游玩难免会感到无聊，自己独自玩的话还好但是匹配队友玩的话就会有很多不确定因素，我也是因为这次活动迷彩要求狩猎模使用冲锋枪才打的怕打不过才匹配的队友，我要是早知道是这样的就自己一个人开了,False,0,0,0.5,0,True,False,False,1789826935
1938090,235601600,schinese,玩个战役，还要搞什么大厅，也不能暂停，我第一次见玩战役会被踢出来，真傻逼设计,False,0,0,0.5,0,True,False,False,1789816402
1938090,235598247,schinese,剧情真垃圾，直接没有玩。明明有3个队友，进游戏只有我一个，玩个鸡毛，打几下就死了。,False,0,0,0.5,0,True,False,False,1789812501
1938090,235572639,english,loved my 7 hours of game time until a random perm ban 0 support or reason for the issue as well,False,0,0,0.5,0,True,False,False,1789777966
1938090,235547215,english,"Away from the golden ages thats for sure. I do actually enjoy the ZOMBIES. Giving it a bad review because it took literally 5 hours of debugging before I could even launch the game. Activision support said go ♥♥♥♥ yourself, literally. I was told they may or MAY NOT look into my crash logs, they never did. Was a broken TEMP path I managed to realize way late. Anyway, go play BO3 customs!",False,0,0,0.5,0,True,False,False,1789751506
1938090,235541463,german,"Diese Spiel ist so ein unoptimierter Haufen Scheiße... komme teilweise nur 20 fps, mit meinem Setup. Dabei spielt es auch keine Rolle ob ich die Grafikeinstellungen auf Holzklasse oder Extrem belasse. Das Game hängt einfach nur. Ich mag nicht den allerbesten PC haben, aber ich meine doch, dass mein verlinktes Setup scheiß CoD packen sollte... bin froh, dass ich es im Sale geholt habe und nicht für Vollpreis. Zombiemodus kann auf jeden Fall was (Wenn das Game nicht hängt) Multiplayer ist der wenigste Spaß in CoD für mich seit Jahren...",False,0,0,0.5,0,True,False,False,1789746274
1938090,235521123,english,"Bo7 is a good solid game build by industry professionals. 

Activision, Treyarch, infinity ward are all companies that are very much capitalistic. Revenue pushes are everywhere in this game. If you are someone with good impulse control, then the game mechanics, game design and practically everything is solid. 

People whining on social media about CoD has become its own market/profitable eco-system. Most that complain online are clout chasing or making money from that content. I say, try a newer CoD out for yourself. Try your best to ignore some random dudes on the internet. And give it an honest go. I enjoy Bo7, especially Endgame.

Endgame is the most underrated game mode of any CoD I've played.",True,0,0,0.5,0,True,False,False,1789722440
1938090,235518422,english,"Absolute worst game you could possibly play. Cheaters everywhere (wall hacks, auto-aim, etc.) Way too many skins. Game takes up too much space. Crashes all the time at the worst times possible. Glitches and bugs takes months to fix. Only reason i play it is ""for the bois.""",False,0,0,0.5,0,True,False,False,1789717860
1938090,235506466,schinese,"免费周后又重新补的，21这个剧情可以说虎头蛇尾后期纯白开水，本以为最后一关会有极限救援，结果直升机上就结束了，中间的幻觉部分本来两句话或者一页文本就能说清楚的东西搞得又臭又长，硬是占了一章半快两个小时内容，严重影响叙事节奏。
细节方面剧情需要不过多计较，但还是得吐槽下最抽象的万神殿，明知道哈罗已经暴露被俘，随时可能招供袭击计划的情况下，不换人指挥提前发动袭击，还耗费兵力在毛子眼皮底下跟主角团抢人，就为了救哈罗出来等她点头再启动计划？只能说这种破烂部门被CIA裁撤是有原因的。
战斗方面爆炸特效相当廉价，友方NPC蠢得一批，第四章本来消音射手一路点名无双，摧毁最后一辆导弹车时候想尝试下潜行，解决外圈守卫正要上高地呢回头一看几个NPC队友大摇大摆从敌方脸上走过来找我，结果双方脸贴脸当对方空气是真蚌埠住了",False,0,0,0.5,0,True,False,False,1789697749
1938090,235496828,spanish,"me ha gustado la mejora de gráficos pero lo que me disgusta del juego es que no puedo hablar con mis amigos apesar que los escucho y yo tengo un buen micro y una buena interfaz lo otro deberian de poner a la gente con sus niveles equitativos porque esta un pelin dificil ganar una sola partida por ejemplo yo soy nivel 35 y me ponen con gente de prestigio maestro o niveles 1000
",True,0,0,0.5,0,True,False,False,1789684166
1938090,235493207,german,"Meiner Meinung nach das beste Spiel, das man mit Freunden spielen kann",True,0,0,0.5,0,True,True,False,1789679891
1938090,235481437,spanish,"es el mejor juego cod que he jugado hata ahora con diferencia lo unico no meter mapas basura por lo demas perfecto
",True,0,0,0.5,0,True,False,False,1789668244
1938090,235477391,english,"Mostly play Warzone, it's Call of Duty, exactly what you are expecting",True,0,0,0.5,0,True,False,False,1789664497
1938090,235476524,german,"größtes drecks game, ich sollte ein update von 76 gb machen und ich durfte danach das game neu installieren da es probleme gab, also meine empfehlung haltet euch fern von dem scheiß",False,0,0,0.5,0,True,False,False,1789663718
1938090,235473535,latam,es un asco esos mapas nuevos adañaron el juego con solo rebirt islat era sufisiente,True,0,0,0.5,0,True,False,False,1789660927
1938090,235449793,english,"I really regret wasting my time on this piece of trash; the game is absolutely terrible—or rather, the series has been awful for years now. The gameplay and weapons are completely unbalanced, which is disastrous for a game with such a fast pace. On top of that, the constant paid content and ""pay-to-win"" mechanics mean that on day one, people can buy bizarre bundles to get the best—and flashiest—weapons; they then gun you down while seemingly flying right in front of you (which is actually possible in this version thanks to the new gear). Poor decisions have driven away the entire player base. Honestly, I suggest you play something else instead of getting killed by an anime girl who takes you out with three shots from a thousand meters away.",False,0,0,0.5,0,True,False,False,1789631055
1938090,235445137,latam,El juego no te eja jugar por atestacion y ni siquiera te ayudan a arreglarlo ni siquiera sacan un parche para su comunidad llevo meses sin jugarlo,False,0,0,0.5,0,True,False,False,1789622631
1938090,235409818,german,"Ich bin nur ein Spiellaie, aber ich finde das Spiel, da ich es nicht zwischenspeichern kann, völlig uninteressant und kann nur empfehlen, wenn es denn für jemanden interessant ist, es in der Rabatt-Zeit zu erwerben. Es hat CoD komplett vernichtet. Ich bin absolut enttäuscht. 
Ich könnte weinen um meine 40Euro. Die hätte ich an anderer Stelle sicher besser angelegt. 
H.K.",False,0,0,0.5,1,True,False,False,1789578969
1938090,235405097,schinese,"最终任务给我恶心坏了 高压长波次任务连个具体时间和难度都不标清楚 我以为是个稍微长一点的任务 结果最后刷了个血贼厚的霸王龙 我拿个冲锋枪刮了半天后被它杀了 几乎强制要求组队 引导也是依托 
多人模式高压 亚服的轮椅外挂横行 欧服延迟高 我一个1.3kd的人把把匹配上1000级三排老登 拿把榴弹ak装唐把kd减低后我才感受到一点唐唐对决的快乐
合作战役无聊 我看不懂卖的情怀 但是听说黑色行动12的重置版卖的又贵又好 我很怀疑是用这一代的战役来卖情怀刺激重制版的消费
僵尸模式风景很好看 剧情看不懂 希望以后可以搞一个类似鬼泣5的前作剧情回顾

我190买的 算是买了四个游戏 但是除了僵尸模式有点好看以外 其它都很差 我算是运营的中期入的坑 前期的好我都没见到 中期天天出轮椅来刺激组合包的消费 之后根据社区骂的狠不狠来做补丁削弱 后期为了给新作让路更是脸都不要了",False,0,0,0.5,0,True,False,False,1789574604
1938090,235402582,latam,"Hasta ahora todo bien y entretenido, probé la beta de MW4, espero que con este cambio de movimiento todo mejore.",True,0,0,0.5,0,True,False,False,1789572249
1938090,235372445,english,"COD is dying,they don't want to fix everything and making wrose.

That's it,i prefer COD just dead",False,0,0,0.5,0,True,False,False,1789529260
1938090,235370913,english,"When I press play, it says starting and after it says starting it says stop. But the game doesn't open up and after like a minute, the game stops. Does anyone know how to fix this?",True,0,0,0.5,0,True,False,False,1789526995
1938090,235369293,brazilian,"injogavel... nn vou me dar o trabalho de atualizar a merda da bios nem fodendo, espero que eles resolvam isso pq eu só queria jogar um pouco de warzone dps de ficar meses sem jogar. Melhorem.",False,0,0,0.5,0,True,False,False,1789524664
1938090,235346338,english,after almost 20 years of not playing video games i am captivated on how awesome this game is and its fast movement and graphics. i cant wait to play MW4,True,0,0,0.5,0,True,False,False,1789495843
1938090,235338407,schinese,sb动视，cod22之前的版本都没什么问题，唯独要这个sb战区要bios更新，我™更新到最新依旧有弹窗，这傻逼游戏没有差评如潮祖坟都冒青烟了,False,0,0,0.5,0,True,False,False,1789488385
1938090,235327408,english,"worst game ever madew cant even play it basically told me to ♥♥♥♥ off because my pc is too old keeps compplainjing abnout bios but i have secure boot no and everything i need game sucks should b e banned in all countires
and for anyone who is a cry babis and need to call me out its called having an opinion go cry about it",False,0,0,0.5,0,True,False,False,1789476699
1938090,235306056,english,Call of duty launcher just ruins the whole experience... I hate this stupid launcher. It never downloads updates so i have to constantly sit waiting to install updates that hang and I have to reinstall the game for.,False,0,0,0.5,0,True,False,False,1789440600
1938090,235302674,english,Great game. Really nice zombies play. Awesome new mods for weapons.,True,0,0,0.5,0,True,False,False,1789435226
1938090,235302285,english,Just stated the game an got put in limited matchmaking when I hadn't done anything but play the game normally.,False,0,0,0.5,0,True,False,False,1789434664
1938090,235275446,english,"First of all, this game does not warrant being a quarter of a Terabyte. Secondly, the optimization with the UI is an absolute nightmare, multiple restarts for small updates, shader caches, and now my computer is not set up for SecureBoot so i can't play with my friends? My question is why is this game the only game in my entire library I've ever ran into this problem? I really used to love the COD franchise but I feel like they have run this game into the absolute dirt and I don't purchase them anymore. I shouldn't need to be changing fundamental parts of my computer to play a game, and if you design your game that way, maybe you should question why your game requires it.",False,0,0,0.5,0,True,False,False,1789404396
1938090,235274197,schinese,最终任务和僵尸模式挺好玩的，而且量大管饱，起码比多人模式好玩，我猜就这两个PVP模式，每个几百小时很难完全通关。总之，在现在打折的情况下，强烈建议入手金库版，保肝护肝，而且皮肤和黑金迷彩非常帅。,True,0,0,0.5,0,True,False,False,1789403171
1938090,235264178,schinese,又是那个垃圾制作组做的转生清零 我他妈都打完了专升到二级又要重新打 用你妈的无配件枪跟你妈的一堆手柄和挂壁的变态配件枪打 觉得自己弄的转生是不是老有特色了傻逼,False,0,0,0.5,0,True,False,False,1789393447
1063730,233241742,english,"If companies can terminate a game at anytime, then I should be allowed a refund at anytime.
",False,302,3,0.910018265247344971,0,True,False,False,1787197983
1063730,233710337,spanish,"Si las empresas pueden cancelar un juego en cualquier momento, entonces debería tener derecho a un reembolso en cualquier momento.,,",False,81,1,0.882405638694763184,0,True,False,False,1787707255
1063730,233408356,english,"If companies can terminate a game at anytime, then I should be allowed a refund at anytime",False,237,3,0.86550372838973999,0,True,False,False,1787388754
1063730,234331130,french,"Si les entreprises peuvent mettre fin à un jeu à tout moment, alors je devrais pouvoir obtenir un remboursement à tout moment.
",False,29,1,0.754915595054626465,0,True,False,False,1788383240
1063730,233314185,german,"If companies can terminate a game at anytime, then I should be allowed a refund at anytime.",False,35,0,0.745316684246063232,0,True,False,False,1787282088
1063730,233570079,english,"If companies can terminate a game at anytime, then I should be allowed a refund at anytime.
",False,105,1,0.741298019886016846,0,True,False,False,1787548975
1063730,234151634,spanish,"If companies can terminate a game at anytime, then I should be allowed a refund at anytime.

REST IN PEACE",False,22,0,0.70558631420135498,0,True,False,False,1788171970
1063730,234107594,polish,"If companies can terminate a game at anytime, then I should be allowed a refund at anytime.",False,13,0,0.682182967662811279,0,True,False,False,1788118679
1063730,233500109,french,"if companies can terminate a game at anytime, then I should be allowed a refund at anytime",False,12,1,0.676670610904693604,0,True,False,False,1787480751
1063730,234096648,english,"If companies can terminate a game at anytime, then I should be allowed a refund at anytime",True,21,1,0.673934340476989746,0,True,False,False,1788110323
1063730,234326901,turkish,"Bu oyuna senelerimi verdim. Binlerce saat emek harcadım, karakterimi geliştirdim, mesleklerimi kastım ve klanımla dünyalar kadar anı biriktirdim. Şimdi Amazon Games hiçbir mantıklı açıklama yapmadan sunucuları kapatacağını ve oyunun fişini çekeceğini söylüyor. Biz parasını ve en önemlisi yıllarını vermiş oyuncuların emekleri bir çırpıda çöpe atılıyor. Bu yapılan hem büyük bir haksızlık hem de oyuncu topluluğuna karşı yapılmış bir saygısızlıktır. Parayı alıp sunucuyu kapatmak bu kadar kolay olmamalı. Kesinlikle tavsiye etmiyorum, hakkımı helal etmiyorum",False,10,0,0.638735115528106689,0,True,False,False,1788379015
1063730,235113688,english,"If companies can terminate a game at anytime, then I should be allowed a refund at anytime.
",False,12,0,0.635451793670654297,0,True,False,False,1789232108
1063730,235091015,english,"If companies can terminate a game at anytime, then I should be allowed a refund at anytime.",False,12,0,0.628898441791534424,0,True,False,False,1789213591
1063730,234881152,brazilian,"If companies can terminate a game at anytime, then I should be allowed a refund at anytime.",False,10,1,0.628708481788635254,0,True,False,False,1789000825
1063730,233283511,spanish,"Ojalá les salga alambre de espino como pelo a todos los putos calvos que decidieron hacer basura de móvil con IA y matar este juego.

5 putas estrellas para esos hijos de puta.",True,8,1,0.599910497665405273,0,True,False,False,1787248213
1063730,234377219,english,"# New World — A Great MMO That Never Got the Chance It Deserved

I started playing **New World** about a month or two after launch, so I was there during those early days when the game was far from perfect. There were bugs everywhere, the game had plenty of negative reviews, and some of the issues were genuinely frustrating. I still remember the Trading Post constantly going down in the beginning — something that could make simple buying and selling feel like a chore.

But despite all of that, I genuinely enjoyed this game.

Over time, Amazon did make the game more stable, and underneath all the problems was something that I honestly believe was special: **one of the best MMO experiences I have ever had.**

For me, the MMO aspect of New World was incredible.

Running dungeons with other players, organising server-wide chest runs, meeting up at arranged times for raids and expeditions, working together with guild members, and simply talking to people from all over the world — those are the things I will remember.

It wasn't just about getting better gear.

It was about the people you met along the way.

I have spoken to players from all over the world through this game. People who started as complete strangers would end up running content together regularly, helping each other, crafting for each other and just having a great time. Those experiences created memories, and that is something a lot of games fail to achieve.

I was mostly a PvE player myself. I spent a huge amount of time working towards having the gear and builds needed for the different dungeons and mutations. I enjoyed playing both DPS and tank, and there was something extremely satisfying about being able to jump into different mutations and know that you had put the work in to be properly prepared.

The progression systems were another part of New World that I really enjoyed.

The trade skills, crafting, buying and selling items, and working your way towards those higher milestones gave you plenty of things to work towards outside of combat. I remember how satisfying it was reaching Grandmaster and earning the title after putting so much time into those skills.

And crafting for guild mates when you had all of your crafting buffs active?

That was genuinely fun.

It made the game feel like a community rather than just a collection of individual players.

The mounts were also a great addition, although I do think they arrived far too late. Having them earlier would have made travelling around Aeternum much more enjoyable, but when they finally arrived, they were a welcome addition.

I also think the PvE and PvP balance was actually in a pretty good place overall. There was room for improvement, of course, but the game had a good foundation.

Personally, I would have loved to see something similar to a **Dark Zone-style area** added — somewhere where PvP was always enabled and everyone knew exactly what they were walking into. A high-risk, high-reward area where you could lose something by pushing your luck. Something like that could have added a completely different level of tension and excitement to the world.

And then there is the biggest problem New World had.

**The bugs.**

I genuinely believe this is what destroyed the game's potential.

New World had an incredible foundation, but when a game launches with serious bugs, exploits and game-breaking problems, players lose confidence. Once the player base starts leaving, it becomes incredibly difficult to recover, especially for an MMO that depends on having a healthy population.

You can have a fantastic world.

You can have great combat.

You can have enjoyable PvE and PvP.

You can have crafting, trading, progression, guilds and an amazing community.

But if players constantly encounter bugs that break the game, eventually they stop coming back.

That is the lesson I hope is taken from New World.

Because honestly, **I would love to see this game come back someday.**

Not necessarily exactly as it was, but something built from the same foundation — taking everything that worked and fixing everything that didn't.

If there ever is a remake, reboot or spiritual successor, I would also love to see Amazon take inspiration from long-running MMOs such as RuneScape when it comes to the way players interact with the wider game world.

I don't think players should necessarily be locked into a single server forever. A more global Trading Post would be fantastic, and having more globally connected instances and activities could help keep the world populated and make it easier for players to find groups.

The MMO should feel like one massive community rather than dozens of separate communities that happen to exist beside each other.

I was playing New World heavily right up until the console launch, and seeing the game eventually reach the point where it is now — with its closure coming in 2027 — is genuinely heartbreaking.

It's strange to think that a game can occupy so much of your time, introduce you to people from all over the world, give you goals to work towards and create memories that stay with you, only for it eventually to disappear.

**New World wasn't a perfect game. Far from it.**

But I don't think it deserved to be remembered simply as a failed MMO.

I remember the dungeon runs.

I remember the chest runs.

I remember organising groups.

I remember crafting gear for guild mates.

I remember grinding skills and finally hitting those big milestones.

I remember the people.

And most importantly, I remember having fun.

That is what I will take away from New World.

There was a genuinely great MMO buried inside this game, and I still believe that.

If Amazon ever decides to take everything they learned from New World and build another MMO from that foundation — **please, for the love of everything, launch it properly and don't let the bugs destroy it.**

Fix the technical problems. Listen to the community. Keep the fantastic combat and progression. Keep the social aspects. Keep the feeling of working together with hundreds of other players.

Give it the time it needs.

Because I would absolutely play it again.

**Thank you, New World, for the memories.**

It is genuinely sad to see you go.
",True,10,0,0.61712038516998291,0,True,False,False,1788444861
1063730,235090363,german,"Wenn Unternehmen ein Spiel jederzeit beenden können, dann sollte uns auch jederzeit eine Rückerstattung zustehen.",False,9,0,0.613130152225494385,0,True,False,False,1789212959
1063730,233691692,brazilian,"Este jogo foi simplesmente incrível, não é a toa que grande parte das pessoas que realmente jogaram o jogo possuem mais de mil horas de jogo ( alguns até com mais de 10 mil horas). 
Nunca vi uma comunidade tão unida em um jogo como este, seja em ajudar um desconhecido a derrotar um mob para coletar um item ou completar uma missão, jogar as longas rotas de baús que facilmente juntavam centenas de jogadores ao mesmo tempo que as vezes até derrubava o servidor, ou então simplesmente se juntando em uma cidade para tocar musica e ficar atoa simplesmente para matar tempo... e éramos felizes.

Infelizmente, a Amazon acabou matando esse jogo pouco a pouco, a expansão que prometia trazer muito do que os jogadores pediam a muito tempo foi a causa da sua ruína, pois não só custava um absurdo, como mudou toda a forma como o jogo funcionava, lesando e muito aqueles que não compraram o conteúdo.
Creio que não exista nenhum jogo atualmente que passe a mesma experiência que New World proporcionou. No fundo sinto esperança que alguém algum dia consiga reproduzir essa sensação novamente, mas até lá...

Obrigado New World pelas 1.500 horas que passei em Aeternum, muitos momentos bons e principalmente, as amizades que fiz ao longo do caminho.

Até mais!
",True,6,0,0.610389649868011475,0,True,False,False,1787687239
1063730,234258427,english,"If companies can terminate a game at anytime, then I should be allowed a refund at anytime.",False,41,1,0.6051483154296875,0,True,False,False,1788292875
1063730,233237645,english,"I will miss this game so much. This was the game that I played mostly during Covid. Got soft locked due to needing other players, but this games has not been matched in sound design and playability since its release. I will be sad to see it go. Hate to see it shut down like this, would prefer if it just went into development purgatory and didn't get updates but the servers were still up. We will miss New World.",True,8,0,0.604545474052429199,1,True,False,False,1787191792
1063730,234334437,english,"If companies can terminate a game at anytime, then I should be allowed a refund at anytime.",False,17,0,0.594505131244659424,0,True,False,False,1788386760
1063730,234329062,russian,"Игра прекрасна, была. Пока не объявили о закрытии...  Выпустили такой прекрасный патч и... получите святую гранату блин( Очень надеюсь на то, что кто-то выкупит данный проект и продолжит его поддержку и развитие. В этой игре каждый мог найти свой путь и наслаждаться им. очень надеюсь на перезапуск под крылом адекватных разрабов и издателей.",True,5,0,0.589114189147949219,0,True,False,False,1788381039
1063730,235039974,english,"the Company terminate the game after promise to improve it for many years to come.
Either allow refund for this game, or open soruce it / private single player mode!. In what world we pay for game that get closed after few years?. i supported this game from early close beta days, if the Company can't hendle it, sell it, open source it or at least let players who pay to play, keep play it!. 

again, open source it! or let player refund the game!.
let players run their own private servers, let them keep play, mod it, and bring it up what it can be.
no new content is not the issue. lock players out of the game is!.",False,6,0,0.588207781314849854,0,True,False,False,1789158148
1063730,234999361,english,"If companies can terminate a game at anytime, then I should be allowed a refund at anytime",False,5,0,0.567430019378662109,0,True,False,False,1789122500
1063730,234141822,english,"If companies can terminate a game at any time, I should be able to get a refund at any time.",False,10,0,0.566006720066070557,0,True,False,False,1788157541
1063730,235132258,english,"If companies can terminate a game at anytime, then I should be allowed a refund at anytime.",False,10,0,0.565398633480072021,0,True,False,False,1789246204
1063730,233209531,english,"If companies can terminate a game at anytime, then I should be allowed a refund at anytime.",False,8,0,0.56322401762008667,0,True,False,False,1787160019
1063730,233232059,english,"If companies can terminate a game at anytime, then I should be allowed a refund at anytime.",False,9,0,0.563117146492004395,0,True,False,False,1787184219
1063730,233314197,english,"If companies can terminate a game at anytime, then I should be allowed a refund at anytime.",False,9,0,0.562442660331726074,0,True,False,False,1787282100
1063730,234968468,brazilian,"If companies can terminate a game at anytime, then I should be allowed a refund at anytime.",False,3,0,0.56204378604888916,0,True,False,False,1789082711
1063730,233683294,english,"New World – A Surprisingly Life-Changing MMO

Despite the wave of negative reviews, my 1,800 hours in New World tell a different story: this game is absolutely worth it. Beyond the crafting, combat, and exploration, it gave me something far more valuable—I met the love of my life here. My future husband, the man of my dreams and the future father of my children, was someone I crossed paths with in this world. Along the way, I’ve also made countless friends who’ve made the journey unforgettable.

Now, I’m counting down to my New World wedding before the servers shut down (LOL). If you’re on the fence, grab this game before it’s too late. You never know—you might just meet your own love of your life too. LOLLLLOLLLL",True,7,1,0.557788968086242676,0,True,False,False,1787679661
1063730,235241588,english,"Amazon didn't think it'd be wise to spend $300 million a year to operate the game, and made Rings of Power fan fiction with a $1 billion budget instead",False,3,0,0.555634558200836182,0,True,False,False,1789359478
1063730,234945829,english,"If companies can terminate a game at anytime, then I should be allowed a refund at anytime.",False,6,0,0.554585158824920654,0,True,False,False,1789067978
1063730,233974865,english,"If companies can terminate a game at anytime, then I should be allowed a refund at anytime.",False,4,0,0.553512275218963623,0,True,False,False,1787997558
1063730,233382358,english,"If companies can terminate a game at anytime, then I should be allowed a refund at anytime.",False,7,1,0.55313575267791748,0,True,False,False,1787356331
1063730,235067205,english,"If companies can terminate a game at anytime, then I should be allowed a refund at anytime.",False,7,0,0.552756428718566895,0,True,False,False,1789186337
1063730,233289233,english,"If companies can terminate a game at anytime, then I should be allowed a refund at anytime.",False,7,0,0.552590250968933105,0,True,False,False,1787253431
1063730,235353469,english,"If companies can terminate a game at anytime, then I should be allowed a refund at anytime.",False,3,0,0.552390635013580322,0,True,False,False,1789502886
1063730,233506351,english,"If companies can terminate a game at anytime, then I should be allowed a refund at anytime.",False,8,0,0.550452470779418945,0,True,False,False,1787487148
1063730,233631802,english,"If companies can terminate a game at anytime, then I should be allowed a refund at anytime.
",False,8,0,0.549439489841461182,0,True,False,False,1787617018
1063730,233596396,english,"If companies can terminate a game at anytime, then I should be allowed a refund at anytime.",False,6,0,0.547900974750518799,0,True,False,False,1787582389
1063730,233807044,english,"If companies can terminate a game at anytime, then I should be allowed a refund at anytime",False,4,0,0.547611534595489502,0,True,False,False,1787822186
1063730,235344166,french,"Si les entreprises peuvent mettre fin à un jeu à tout moment, alors je devrais pouvoir obtenir un remboursement à tout moment.",False,2,0,0.547325074672698975,0,True,False,False,1789493794
1063730,234638265,french,"If companies can terminate a game at anytime, then I should be allowed a refund at anytime.
",False,2,0,0.545454561710357666,0,True,False,False,1788716053
1063730,233554065,english,"If companies can terminate a game at anytime, then I should be allowed a refund at anytime.",False,2,0,0.545454561710357666,0,True,False,False,1787527706
1063730,235489279,german,"If companies can terminate a game at anytime, then I should be allowed a refund at anytime.",False,2,0,0.54356849193572998,0,True,False,False,1789675708
1063730,235071866,brazilian,"Total falta de respeito com quem comprou o game, eu mesmo comprei na pré venda. Pra do nada lançarem uma dlc lixo que tirou conteúdo do game base pra virar algo obrigatório vc comprar pra voltar a fazer as masmorras mutadas e pra pode subir o nivels dos equipamentos. Bom que o jogo vai de F bando de bandidos safados.",False,3,0,0.54356849193572998,0,True,False,False,1789192092
1063730,233208906,english,"If companies can terminate a game at anytime, then I should be allowed a refund at anytime.",False,6,0,0.543275415897369385,0,True,False,False,1787159418
1063730,233546340,english,"If companies can terminate a game at anytime, then I should be allowed a refund at anytime.",False,2,0,0.542119204998016357,0,True,False,False,1787519820
1063730,234707493,english,"If companies can terminate a game at anytime, then I should be allowed a refund at anytime.",False,5,0,0.54163670539855957,0,True,False,False,1788798237
1063730,233725277,spanish,Me dio muchas horas de diversion de verdad valdria lapena que alguien le diera cariño a este juego tenia mucho que ofrecer sus sistemas  progreciones y contenido me dieron horas de diversion porfavor salvenlo,True,3,0,0.559647679328918457,0,True,False,False,1787728999
1063730,233858386,english,"If companies can terminate a game at anytime, then I should be allowed a refund at anytime.
",False,6,0,0.541224777698516846,0,True,False,False,1787869490
1063730,235129323,english,"If companies can terminate a game at anytime, then I should be allowed a refund at anytime.",False,6,0,0.541011273860931396,0,True,False,False,1789243649
1063730,233480209,english,"if companies can terminate a game at anytime, then I should be allowed a refund at anytime",False,6,0,0.538303673267364502,0,True,False,False,1787456543
1063730,234564295,english,"If companies can terminate a game at anytime, then I should be allowed a refund at anytime.",False,9,0,0.538154721260070801,0,True,False,False,1788640802
1063730,235318042,english,"If companies can terminate a game at anytime, then I should be allowed a refund at anytime",False,2,0,0.538113653659820557,0,True,False,False,1789462944
1063730,235153378,english,"If companies can terminate a game at anytime, then I should be allowed a refund at anytime.",False,11,0,0.537913680076599121,0,True,False,False,1789269015
1063730,234322237,english,"If companies can terminate a game at anytime, then I should be allowed a refund at anytime.
",False,7,0,0.537515044212341309,0,True,False,False,1788374290
1063730,233677453,english,"If companies can terminate a game at anytime, then I should be allowed a refund at anytime.",False,5,0,0.537450969219207764,0,True,False,False,1787674525
1063730,234407946,english,"If companies can terminate a game at anytime, then I should be allowed a refund at anytime.",False,5,0,0.537435710430145264,0,True,False,False,1788473608
1063730,234407841,english,"If companies can terminate a game at anytime, then I should be allowed a refund at anytime.",False,4,0,0.537435710430145264,0,True,False,False,1788473504
1063730,234666898,english,"If companies can terminate a game at anytime, then I should be allowed a refund at anytime.",False,6,0,0.536680757999420166,0,True,False,False,1788745768
1063730,234533862,english,Bezos has enough money to keep the servers running and a small team to update the game. Feel like you have a responsibly to either keep the servers up or open source the game so those of us who purchased it can keep playing it in some capacity.,False,3,0,0.53608250617980957,0,True,False,False,1788616603
1063730,233379332,english,"If companies can terminate a game at anytime, then I should be allowed a refund at anytime.",False,4,1,0.535714268684387207,0,True,False,False,1787352896
1063730,234404839,english,"If companies can terminate a game at anytime, then I should be allowed a refund at anytime.
",False,3,0,0.535482347011566162,0,True,False,False,1788470441
1063730,235234726,english,"If companies can terminate a game at anytime, then I should be allowed a refund at anytime.",False,3,1,0.534970223903656006,0,True,False,False,1789349374
1063730,235385163,german,"GER: Wenn Unternehmen ein Spiel jederzeit beenden können, dann sollte mir auch jederzeit eine Rückerstattung gewährt werden können.

ENG: If companies can terminate a game at anytime, then I should be allowed a refund at anytime.",False,2,0,0.534908950328826904,2,True,False,False,1789550777
1063730,234258261,english,"If companies can terminate a game at anytime, then I should be allowed a refund at anytime.",False,6,0,0.534880340099334717,0,True,False,False,1788292731
1063730,234764205,spanish,"If companies can terminate a game at anytime, then I should be allowed a refund at anytime.",False,2,0,0.534794270992279053,0,True,False,False,1788865086
1063730,235422016,english,"If companies can terminate a game at anytime, then I should be allowed a refund at anytime.",False,5,0,0.534462690353393555,0,True,False,False,1789590773
1063730,234672149,english,"If companies can terminate a game at anytime, then I should be allowed a refund at anytime.",False,6,0,0.534262716770172119,0,True,False,False,1788752839
1063730,233942589,english,"If companies can terminate a game at anytime, then I should be allowed a refund at anytime.",False,4,0,0.533188939094543457,0,True,False,False,1787958986
1063730,233932530,english,"If companies can terminate a game at anytime, then I should be allowed a refund at anytime.",False,4,0,0.533188939094543457,0,True,False,False,1787949395
1063730,234019110,english,"If companies can terminate a game at anytime, then I should be allowed a refund at anytime.
",False,4,0,0.532776415348052979,0,True,False,False,1788034598
1063730,234318042,spanish,"Agree...If companies can terminate a game at anytime, then I should be allowed a refund at anytime...",False,3,0,0.532645463943481445,0,True,False,False,1788370035
1063730,233995365,english,"If companies can terminate a game at anytime, then I should be allowed a refund at anytime.",False,4,0,0.532645463943481445,0,True,False,False,1788016139
1063730,233819804,english,"If companies can terminate a game at anytime, then I should be allowed a refund at anytime",False,5,0,0.532131373882293701,0,True,False,False,1787836330
1063730,234080520,english,"If companies can terminate a game at anytime, then I should be allowed a refund at anytime.
",False,3,0,0.531914889812469482,0,True,False,False,1788098276
1063730,234708249,english,"If companies can terminate a game at anytime, then I should be allowed a refund at anytime.",False,4,0,0.531893014907836914,1,True,False,False,1788798795
1063730,234686531,english,"If companies can terminate a game at anytime, then I should be allowed a refund at anytime.

(My favourite game cancelled)",False,5,0,0.531893014907836914,0,True,False,False,1788775704
1063730,233911358,brazilian,"Quando joguei o beta do new world, a sensação que tive foi a mesma de jogar Ragnarok Online em 2006, um mundo completamente desconhecido, imersivo e fascinante. 

Lembro perfeitamente do dia que estava fazendo coleta na fazenda proxima de Guardaventos, ja era umas 04h da manhã e encontrei um amigo de infância do meu bairro que eu não conversava há anos, reconheci pelo nick na hora, perguntei o nome pelo chat de voz e realmente era ele, ficamos farmando e conversando por horas depois disso, nos atualizando da vida um do outro. 

Naquela época (pandemia) não importava a hora, se você fizesse login ia encontrar o servidor lotado de gente. A sensação de explorar um mundo completamente novo com outras pessoas tão empolgadas quanto você era muito boa, me senti vivendo o Sword Art Online! As reuniões no discord para organizar como explorar os mapas dos niveis 50+, as primeiras guerras, as primeiras incursões, a valorização das lifeskills, simplesmente qualquer atividade que você se dedicasse a fazer te valorizava.

O que posso dizer é que eu realmente vivi esse jogo e aproveitei cada segundo o máximo que pude, tenho infinitas lembranças que vou guardar com muito carinho. 

Por conta disso, a revolta é tamanha com a Amazon Games por simplesmente resolver matar um game que estava dando certo e tinha uma comunidade estável, foram inumeras decisões erradas em sequencia, demoraram corrigir bugs, facilitaram muito o leveling e o farm, demoraram balancear coisas e atrasaram demais entregar conteúdo, mas quando estava dando certo e estabilizando... resolveram matar o jogo.

Canalhas.

Espero que tentem se redimir lançando algo à altura dessa experiência nos próximos anos.",True,2,0,0.531645596027374268,0,True,False,False,1787931448
1063730,234067547,english,"If companies can terminate a game at anytime, then I should be allowed a refund at anytime.",False,3,0,0.531193673610687256,0,True,False,False,1788086686
1063730,233205834,english,"For any future games, good or not. If they take down the game without making it playable solo offline, this is the last game from amazon studio that I will have ever bought, no more of that BS! Every studios that treats they're clients like this needs to go bankrupt.",False,4,0,0.53108447790145874,0,True,False,False,1787156608
1063730,234765800,english,"If companies can terminate a game at anytime, then I should be allowed a refund at anytime.",False,4,0,0.529411792755126953,0,True,False,False,1788867344
1063730,233513164,english,"If companies can terminate a game at anytime, then I should be allowed a refund at anytime.",False,6,0,0.529291927814483643,0,True,False,False,1787493333
1063730,233709577,english,"If companies can terminate a game at anytime, then I should be allowed a refund at anytime.",False,3,0,0.528653442859649658,0,True,False,False,1787706352
1063730,234860500,english,"If companies can terminate a game at anytime, then I should be allowed a refund at anytime.
I loved this game, yet corporate greed wins again.",False,3,0,0.527559041976928711,0,True,False,False,1788979720
1063730,234884434,english,"If companies can terminate a game at anytime, then I should be allowed a refund at anytime",False,2,0,0.526399314403533936,0,True,False,False,1789005418
1063730,235488528,english,"If companies can terminate a game at anytime, then I should be allowed a refund at anytime.",True,3,0,0.526077091693878174,0,True,False,False,1789674936
1063730,234116050,english,"If companies can terminate a game at anytime, then I should be allowed a refund at anytime.",False,2,0,0.525316417217254639,0,True,False,False,1788125583
1063730,234293832,english,"If companies can terminate a game at anytime, then I should be allowed a refund at anytime.",False,4,0,0.525258660316467285,0,True,False,False,1788342632
1063730,235127903,english,"If companies can terminate a game at anytime, then I should be allowed a refund at anytime.",False,4,0,0.525139689445495605,0,True,False,False,1789242512
1063730,234280883,english,"If companies can terminate a game at anytime, then I should be allowed a refund at anytime.
",False,4,0,0.524680078029632568,0,True,False,False,1788320672
1063730,234886915,english,"If companies can terminate a game at anytime, then I should be allowed a refund at anytime.
",False,2,0,0.524667620658874512,0,True,False,False,1789008980
1063730,235055242,english,"If companies can terminate a game at anytime, then I should be allowed a refund at anytime.",False,7,0,0.524616539478302002,0,True,False,False,1789172687
1063730,234983765,english,"If companies can terminate a game at anytime, then I should be allowed a refund at anytime.",False,3,0,0.524415075778961182,0,True,False,False,1789101083
1063730,234979537,english,"If companies can terminate a game at anytime, then I should be allowed a refund at anytime",False,3,0,0.524415075778961182,0,True,False,False,1789095784
1063730,233239242,english,"If companies can terminate a game at anytime, tragic how a good game dies",False,7,1,0.524102449417114258,0,True,False,False,1787194154
1063730,235517538,english,"What a waste. Imagine creating one of the best MMOs completely unique to the genre, only to shut it down entirely rather than trying alterative ways to keep it going.",False,1,0,0.523809552192687988,0,True,False,False,1789716311
1063730,235494195,english,"If companies can terminate a game at anytime, then I should be allowed a refund at anytime.",False,1,0,0.523809552192687988,0,True,False,False,1789680924
2358720,234464579,english,"When I finished Black Myth: Wukong, I just sat on the main menu for a while. I knew the game was over, but for some reason, I didn't feel like closing it right away. It was a strange feeling, like something I'd spent so much time working toward had suddenly come to an end.

When I first started playing, the visuals and combat were what impressed me the most. The world looks absolutely beautiful, and the enemy designs are on another level. Some of the bosses drove me completely crazy, but finally beating them made all the frustration worth it. 

The more I played, the more I realized that these weren't the only things I loved about the game.

There was something about this world that kept making me want to explore. Sometimes I'd completely ignore the objective and just walk around, taking in the scenery. I'd stop in the mountains, in front of an old temple, or next to a quiet river just to listen to the music for a while.

Even the little moments somehow stayed with me. A character you only meet for a short time, a place you find by taking a different path, or a story you weren't expecting to come across... Somehow, those moments can stick in your head for much longer than you'd expect.

And the bosses...

I died to some of them more times than I'd like to admit. After a few attempts, I'd honestly start thinking, ""How the hell am I supposed to beat this bosses?"" Then I'd try again, learn their moves, die again, and go right back in. :D

But when I finally won, it genuinely felt like I had earned it.

The game only gives you a victory message on the screen, but you know how many times you had to fail before getting there. I think that's one of the biggest things Wukong made me feel: every defeat meant I had learned something new.

There were plenty of moments when I wanted to give up, but somehow I always ended up trying one more time. And when that ""one more try"" finally worked, it felt like much more than simply making progress in a game.

When I finished Wukong, I wasn't just left with a beautiful game. I was left with bosses I'll remember, places I enjoyed exploring, music that stuck with me, and all those moments where I kept trying until I finally got it right. 

Even though the game is over now, there are still times when I want to go back and spend a little more time in that world.

Maybe that's one of the best things a game can leave you with. Not just the memory of finishing it, but the feeling that, for a while, you were actually part of that world.

“Isn't all life a one-way trip? Once you embark on the journey, there's no turning back.”

— Old Monkey",True,789,4,0.827848374843597412,78,True,False,False,1788542904
2358720,233678520,brazilian,"Pra começar, pra você de fato entender a história do jogo, você PRECISA conhecer o conto Chinês: A Jornada Pro Oeste, é essencial, Wukong é um jogo Chinês e eles presumem que você saiba, sinceramente? Recomendo, tem vídeos no Youtube explicando o necessário...

Você começa jogando com o Rei dos macacos, Wukong, e acaba jogando de fato com um tal de ""Predestinado"", um macaco mudo e sem personalidade (o último jogo que esse tipo de mecânica realmente deu certo é Skyrim ahahhaha), na minha opinião, UM GRANDE ERRO! Poderiam ter de fato fazer um personagem em cima dele, afinal o jogo é uma continuação fictícia pra esse conto...

Combate desse jogo é bem interessante, dinâmico e divertido, de início é bem difícil, mas depois que você upar e pegar as manhas, acaba que se torna um desafio justo... Porém tem problemas, como a questão de barreiras invisíveis do nada, no meio do combate, que atrapalham e muito e claro, queda de FPS, o jogo é beeem mal otimizado...

Questão de inimigos e cenários, os bosses são bem únicos e diferentes de lutar, acertaram em cheio nesse ponto, cada um tem uma Lore própria e cada um deles são realmente únicos, o que da vontade de lutar com todos, o cenários são bons também, são 6 mapas totalmentes novos e distintos, porém o que quebra é que muitas vezes eles acabam sendo meio repetitivos e confusos, oq dificulta e muito a exploração, fazendo que seja quase que 100% necessário você usar de guias do Youtube pra platinar, e os inimigos comuns do jogo são extremamente repetitivos, você só vai matar eles pra pegar uns espíritos e upar de nível (essencial nesse jogo)

Ah, e tem essa questão, se você quiser de fato conhecer o final verdadeiro do jogo, você precisa ver guias do Youtube com os caras te ensinando, pq você n vai achar todas as áreas secretas sozinho e muito menos vai conseguir fazer ações muito específicas pra habilitar esse final (que sinceramente, é um bom final)

Enfim, recomendo o jogo, desde que você esteja disposto a conhecer esse conto antes...

História 08/10

Jogabilidade 09/10

Bosses 10/10

Gráficos 08/10

Trilha sonora 08/10",True,30,1,0.774061024188995361,17,True,False,False,1787675503
2358720,235705072,schinese,"小时候，我以为孙悟空是个英雄。
他敢闹天宫，敢骂玉帝，敢拿金箍棒捅破天。他甚至不怕死，因为阎王的生死簿在他眼里不过是一本可以随便涂改的作业本。
长大以后，我才明白，这个故事最荒诞的地方，不是猴子会说话，而是一个敢于反抗天庭的猴子，最后竟然成了天庭的优秀员工。
五百年的思想改造，十四年的基层历练，八十一场绩效考核，一张西天颁发的编制证书。曾经那个喊着皇帝轮流做的齐天大圣，终于意识到，皇帝是不可能轮流做的，最多轮流做皇帝的保安。
如来对此很满意。
毕竟，能把造反派培养成劳动模范，才是一个成熟管理体系的最高成就。
不过，这只猴子后来似乎又想明白了什么。
于是，我花了两百多块钱，替他重新想了一遍。

游戏开始，我是一只没有名字的猴子。
我对此非常满意。
没有名字，就不用填写家庭住址、毕业院校和五年职业规划。没有学历，就不必担心天庭招聘时要求硕士起步。没有父母，就没人问我什么时候考上弼马温。
一位老猴子告诉我，只要集齐大圣的六根，就能找回曾经的齐天大圣。
我觉得他说得很有道理。
现实中，一个人只要失去了脊梁，通常就能得到很多东西；而在游戏里，一只猴子必须找回六根，才能重新拥有自己。
这说明游戏制作组对现实的理解相当深刻。
我欣然上路。
没走多远，就遇到一个大头和尚。
他什么也没说，只是走过来把我拍死了。
我觉得这位和尚很有修养。
现实中的某些人，在打死你之前，还要先告诉你这是为了你好。他至少省略了谈话环节。
死了几次以后，我终于打败了他。
游戏告诉我，我获得了他的精魄。
我这才发现，原来一个人的思想和精神是可以在死后被提取、储存、装备和使用的。
这项技术如果能推广到现实，一定会大幅度提高劳动生产率。
领导再也不用担心员工辞职了。

黄风岭有很多老鼠。
它们有的吃人，有的念经，有的当官，有的当了官以后开始念经。
我一开始分不清它们。
后来发现根本没有必要。
反正都会打我。
一只老虎挡在路上，我跟它打了很久。
它出招很快，攻击很凶，动作相当流畅。我死了十几次，逐渐摸清了它的规律。
我发现，老虎之所以厉害，并不是因为它有多聪明，而是因为它的每一次攻击都能造成伤害。
相比之下，现实中的许多老虎甚至不必亲自动手。
它们只需要坐在那里，告诉下面的狼，下个月必须抓到一百只羊。
狼会去找狐狸。
狐狸会去找兔子。
最后，羊死了，兔子加班了，狼完成了指标，狐狸获得了先进工作者称号。
老虎在年终总结上写道：
本年度生态环境持续向好。
我觉得游戏里的老虎还是太善良了。
它至少愿意和我单挑。

一路上，我遇到许多妖怪。
有些妖怪原本是人，有些原本是神，有些原本是畜生。
它们在人间受尽折磨，修炼几百年，终于获得了吃人的资格。
我突然明白，妖怪的奋斗目标和某些人的奋斗目标其实没什么区别。
当年自己被吃的时候，天天喊着反抗。
如今轮到自己吃人了，便觉得这是自然规律。
我杀掉一个妖怪，掉了几百点灵蕴。
我杀掉另一个妖怪，又掉了几百点灵蕴。
游戏鼓励我不断杀戮，因为只要杀得足够多，我就能升级，学会新技能，获得更强的力量。
我觉得这套机制非常符合现实。
只不过现实里杀人越货不叫升级，叫资源整合。
游戏里的妖怪会直接告诉我，它要吃了我。
这一点很不真实。
现实中的妖怪通常会告诉你，它想培养你。

我很喜欢游戏里的土地庙。
每当我死得遍体鳞伤，都可以回到庙前，烧上一炷香，重新站起来。
只要香火还在，就永远有机会重来。
当然，代价是周围被我辛辛苦苦打死的小妖，也会重新复活。
我对此颇有感触。
这个世界有时候就是这样。
你费尽千辛万苦，解决了十几个问题，终于来到一个可以喘口气的地方。
休息一晚，第二天上班。
发现十几个问题又回来了。
土地公公坐在那里，面带微笑。
他说，这是天地运行的规律。
我问他，为什么大妖怪死了不会复活，小妖怪却能无限返工？
他说，大妖怪已经完成了历史使命。
小妖怪还需要继续发光发热。
我觉得天庭的人力资源部门一定很喜欢这个设计。

游戏里有一种法术叫定身术。
它可以让敌人暂时停下来。
这是我最喜欢的技能。
小时候，我希望自己拥有七十二变，可以变成鸟、变成鱼、变成任何东西。
长大以后，我发现七十二变没有那么实用。
变成鸟，要担心被猎人打下来。
变成鱼，要担心被渔夫捞上去。
变成人，还要担心房租、工作和信用卡账单。
还是定身术好。
它至少能让我在敌人无休止的攻击中，获得几秒钟喘息的机会。
可惜现实里没有定身术。
现实里的敌人会一边攻击你，一边要求你保持积极心态。
甚至连你的喘息时间，也要被统计进生产效率。
游戏中的定身术有冷却时间。
现实中的压迫没有。

我后来发现，游戏里有很多空气墙。
远远望去，一片大好河山，青山绿水，古刹残垣，仿佛整个世界都在等待我去探索。
可当我兴冲冲地走过去，却被一堵看不见的墙挡住了。
墙没有形状，没有颜色，没有声音。
它只负责告诉我：
此路不通。
我觉得这是整个游戏最富有现实主义精神的设计。
小时候，大人告诉我，世界是广阔的，只要肯努力，哪里都可以去。
长大以后，我才知道，世界确实很广阔。
但大多数地方都有空气墙。
有的叫门槛，有的叫背景，有的叫关系，有的叫资格审查。
最精妙的空气墙，是让你以为面前根本没有墙。
你撞了几十次，鼻青脸肿，终于开始怀疑自己的能力。
墙却毫发无损。
当然，从游戏设计的角度讲，这些空气墙确实有些恼人。部分场景看起来可以探索，实际上却不能通行，地图引导也不够清晰。有时候我并不是败给了妖怪，而是败给了不知道该往哪里走。
但在我第十次试图翻过一块明明只有膝盖高的石头时，我突然释怀了。
这只猴子当年能一个筋斗翻十万八千里。
现在连一块石头都翻不过去。
可见，编制确实能改变一个人。

有人说，《黑神话：悟空》是一款动作游戏。
我不同意。
它分明是一款心理咨询模拟器。
当我第十次被同一个 Boss 打死，我开始怀疑自己的操作。
第二十次，我开始怀疑自己的智商。
第三十次，我开始怀疑自己为什么要花钱买游戏。
第四十次，我终于打赢了。
我兴奋得站了起来，甚至想给自己鼓掌。
这时，我突然意识到一件事。
我刚刚花了两个小时，克服了一项本来根本不存在的困难。
而且，我还为此付了钱。
制作组把我反复殴打，再给我一点胜利的甜头，我便感激涕零，恨不得再买一份送给朋友。
这套奖励机制简直精妙绝伦。
如果资本家能把它应用到工厂里，工人们每完成一个月的工作，不但不要工资，还会主动购买 DLC，请求老板增加劳动强度。
当然，我依然喜欢它的战斗。
棍法的打击感、招式之间的衔接、法术和变身的搭配，都让我觉得自己确实是在操纵一只有本事的猴子，而不是一根装了发动机的晾衣杆。
那些优秀的 Boss 战尤其令人着迷。
最好的敌人会用一次又一次的失败，逼你理解它的节奏。等你终于看穿它的动作、抓住破绽，打出最后一棍时，胜利带来的快感很难被其他东西替代。
只是偶尔，镜头和判定也会加入敌人的阵营。
这让我对公平竞争有了更深刻的理解。

随着旅途深入，我逐渐发现，这个世界里最值得警惕的，并不是妖怪。
妖怪至少知道自己是妖怪。
真正令人难受的，是那些一本正经谈论慈悲的神佛。
有的妖怪作恶多端，却有来历、有背景、有主人。
有的妖怪只是想活下去，却必须死。
我不禁想起小时候看《西游记》，总觉得孙悟空有些奇怪。
遇到没背景的妖怪，他一棒子打死。
遇到有背景的妖怪，打到一半，总会有个神仙急匆匆赶来。
“大圣，棍下留情！”
然后解释，这是我的坐骑，那是我的童子，这个是我养的宠物，那个是我不小心弄丢的法宝。
孙悟空只好收起金箍棒。
我小时候不理解。
为什么神仙养的妖怪，吃了那么多人，却只要被领回家就没事了？
后来才知道，原来妖怪也分编制内和编制外。
编制外的妖怪叫为祸人间。
编制内的妖怪叫下基层锻炼。
这款游戏最令我喜欢的一点，就是它没有把漫天神佛简单画成慈眉善目的正义化身，也没有把所有妖怪都画成生来该死的恶物。
善恶没有那么整齐。
有时候，一身妖气的东西尚有几分人性，满嘴慈悲的东西却连一丝怜悯也没有。
我越来越觉得，孙悟空当年大闹天宫，或许并不是因为他不懂规矩。
恰恰是因为他太懂了。

当然，游戏并不完美。
有些地图绕得让人怀疑土地公公收了房地产开发商的钱；有些支线藏得太深，错过以后只能翻攻略；有些剧情需要对《西游记》及相关传说有一定了解，否则很容易看得云里雾里。
我也不认为困难本身就等于伟大。
一个 Boss 把玩家打死一百次，并不会自动成为优秀的 Boss。
优秀的战斗应该让人觉得，下一次我能赢。
而不是下一次我能换个游戏。
至于那些精美的场景、古建筑、塑像、壁画和音乐，我反而不想使用什么宏大词汇来夸赞。
它们不需要靠口号证明价值。
当我站在那些残破的寺庙里，听着风声，看着曾经受人膜拜的神佛只剩下斑驳的面孔时，我忽然觉得，游戏里的废墟比许多崭新的宫殿更有生命力。
宫殿喜欢告诉人们，它的主人有多伟大。
废墟只会告诉人们：
主人已经没了。
这一点令我非常欣慰。

我想，这个游戏最有意思的地方，在于它并没有让我扮演孙悟空。
它让我扮演一只想找回孙悟空的猴子。
这两者区别很大。
如果让我直接扮演孙悟空，我只需要战胜敌人。
但让我扮演一只寻找孙悟空的猴子，我便不得不思考一个问题：
我究竟在寻找什么？
是一根能打死所有妖怪的棍子？
是一副刀枪不入的身体？
是齐天大圣的名号？
还是那个曾经敢把金箍棒指向天空的自己？
小时候，我觉得孙悟空最厉害的地方，是他一个筋斗能翻十万八千里。
现在，我觉得他最厉害的地方，是有人告诉他天最大，他偏要拿棍子量一量。
他后来成了佛。
世人都说，这是修成正果。
可我始终想不明白。
一只自由自在的猴子，为什么非得变成一尊供人烧香的佛，才算有了出息？
花果山上，一只猴子摘了个桃子，吃得高高兴兴。
灵山上，一尊佛得到了永恒的供奉，却连挠痒痒都不方便。
究竟谁修成了正果？
我不知道。
但我知道，如果有一天，我成为了齐天大圣，我绝对不会接受斗战胜佛的封号。
不是因为我不喜欢佛。
而是因为我讨厌所有需要别人批准的自由。

所以，我给《黑神话：悟空》好评。
不是因为它出自哪里，不是因为它承载了多少人的期待，也不是因为我必须为某种文化符号鼓掌。
而是因为它确实给了我出色的战斗、令人难忘的美术和音乐，以及一个让我在关掉游戏以后，仍然愿意琢磨的故事。
它让我在屏幕前死了无数次，也让我想起小时候，那个曾经相信一只猴子真能打上凌霄宝殿的自己。
我不知道那只猴子最终有没有找回自由。
至少，我在游戏里还有一个权利。
当神佛喋喋不休的时候，我可以按下跳过。
当妖怪试图吃我的时候，我可以举起棍子。
当整个世界都告诉我应该认命的时候，我还可以点击重新挑战。
现实中，这三个功能都需要解锁。
尤其是最后一个。
最后，感谢游戏科学。
我已经花了几十个小时，打败了无数妖魔鬼怪，经历了数不清的磨难，终于明白了一个道理：
孙悟空被压在五行山下五百年，根本不是因为他打不过如来。
而是因为他始终没有找到存档点。
希望下一部作品能让他找到。
否则，齐天大圣历经千辛万苦，好不容易打碎了头上的金箍，刚想仰天大笑，天上便传来一个声音：
“恭喜您成功通关试用期。请购买季票，解锁真正的自由。”
我低头看了一眼 Steam 账户。
然后默默掏出了钱包。
原来这一路上，最听话的猴子是我。",True,32,7,0.805604636669158936,1,True,False,False,1789923878
2358720,235695786,turkish,"!!! IMPORTANT: BEFORE PLAYING THIS GAME, LEARN AT LEAST THE BASICS OF SUN WUKONG AND JOURNEY TO THE WEST !!!

I genuinely think people should know this before starting the game. If you know absolutely nothing about Sun Wukong or Journey to the West, there is a good chance you will spend a large part of the game wondering what the hell is going on.

I got almost halfway through the game without fully understanding the story. Who are these characters? Why am I fighting them? What happened in the past? Why are certain characters so important? The game explains a lot of this as if the player is already supposed to know the answers.

Eventually, I literally had to stop playing and research Sun Wukong and Journey to the West online. Only then did many parts of the game start making sense. Black Myth: Wukong isn't simply retelling Wukong's original journey from the beginning; much of its story takes place after the events associated with Journey to the West.

The problem is that the game doesn't do a particularly good job of explaining this to newcomers. It feels like the developers designed the story assuming everyone already knows Chinese mythology, Journey to the West, and Sun Wukong's story. If I have to leave the game and research the source material just to properly understand what the game is trying to tell me, I consider that a serious storytelling problem.

My other major problem is the length.

THIS GAME IS WAY LONGER THAN IT NEEDS TO BE.

And the lack of gameplay variety makes that problem even worse. You basically use the same main weapon, the staff, throughout the entire game. Yes, there are different stances, abilities, spells, and transformations, but for me, none of that replaces the variety that completely different weapon types could have provided.

For a game this long, I would have loved to use different weapon classes. After dozens of hours using the same fundamental combat system, encounters inevitably start feeling similar. The game is already long, and because the core combat doesn't evolve enough, it feels even longer than it actually is.

But one of my biggest problems with the entire game is easily the level design.

Some areas LOOK like you should be able to explore them. There is a perfectly normal-looking path in front of you. No cliff, no wall, no closed gate, no logical environmental reason why you shouldn't be able to continue.

You walk forward.

INVISIBLE WALL.

They literally put invisible walls in the middle of paths that visually look completely accessible.

Even worse, the environment constantly gives you the impression that certain places are explorable. You see a path, naturally follow it because you expect to discover something, and sometimes there is absolutely NOTHING at the end.

No item.

No enemy.

No secret.

No lore.

No reward.

Nothing.

Some areas even look like they should become accessible through a quest or lead somewhere important, but you walk toward them and once again hit an invisible wall.

This completely damages the feeling of exploration. Eventually, instead of thinking, ""I wonder what's over there?"" you start thinking, ""There's probably another invisible wall.""

Good level design should visually communicate where the player can and cannot go. If you don't want me going somewhere, put a cliff there. Put a locked gate there. Put rocks there. Put a collapsed building there. Give me ANY environmental reason why I can't continue.

Don't show me a perfectly walkable path and then put an invisible wall in the middle of it.

That's just bad level design.

The dead-end paths make this even more frustrating. The game presents these large environments and side paths as if exploration matters, but sometimes you spend time exploring only to receive absolutely nothing for it. At that point, exploration stops feeling rewarding and starts feeling like wasted time.

And then I learned something AFTER FINISHING THE GAME that annoyed me even more:

THERE ARE TWO DIFFERENT ENDINGS.

I followed the main path, finished the game normally, and naturally assumed that the ending I got was the actual conclusion.

Then I discovered there was another ending that required additional content.

Why?

If the other ending provides a more meaningful conclusion to the story, why doesn't simply following the main story naturally lead toward it? Why should I defeat the final boss, finish the game, and then have to search ""Black Myth: Wukong true ending"" online afterward?

I have nothing against secret or alternative endings. They can be great. But hiding a more meaningful conclusion behind content that players can easily miss just feels unnecessary.

Visually, Black Myth: Wukong is incredible. Some of the boss designs are excellent, the animations are impressive, and the combat can be genuinely fun, especially during the earlier parts of the game.

But great graphics don't erase these problems.

I had to research outside the game to properly understand the story. The game is unnecessarily long. Having essentially one main weapon means the combat doesn't have enough variety to carry that length. The level design constantly gives misleading visual information about where you can explore. There are invisible walls in the middle of completely normal-looking paths. Some paths lead nowhere and reward you with absolutely nothing. And after finishing the game, you can discover that there was another, more meaningful ending you didn't even know existed.

Black Myth: Wukong, for me, is a game with some fantastic ideas and incredible presentation that becomes unnecessarily exhausting because of its design decisions.

And I'll say it again:

!!! BEFORE PLAYING THIS GAME, LEARN AT LEAST THE BASICS OF JOURNEY TO THE WEST AND SUN WUKONG !!!

Otherwise, you might end up like me halfway through the game, searching the internet and asking yourself:

""What the hell am I playing, who are these people, and what is even happening?""
",True,26,0,0.675542533397674561,14,True,False,False,1789916552
2358720,234137225,tchinese,"把電腦升級成5070就是為了玩這款，前年就想玩了 但苦於沒時間
今年比較有點空，趁著特價時買下來放著
最近開始玩，越玩越多驚喜
除了畫面很頂以外，劇情有好多小彩蛋跟巧思
隱藏寶物跟隱藏BOSS有夠多，現在只玩完第二章
超多事情想跟朋友分享，大推~",True,11,0,0.642857134342193604,0,True,False,False,1788150011
2358720,235637588,english,"Spent way too many hours in this game and I can say one thing it's a total pain in the ass but impossible to put down. Visually it's pure nextgen every screenshot looks like art. But the combat is the real deal. After dying 30 times when you finally learn the boss timings and hit that perfect dodge freeze and stance switch  you feel like a god. Painful, hard, but absolute peak!!!))))",True,8,1,0.640522897243499756,2,True,False,False,1789848773
2358720,233962946,schinese,"《黑神话：悟空》是一款让我感触很深的游戏，谁的童年没有做大圣的梦想呢?一命通过简单boss的窃喜，被困难boss打破防后查攻略一遍一遍试的坚持，宏大场景下的震撼，以及对下一章未知内容的期待。。。
  我最喜欢的便是每打通一个章节后的背景故事和动画，动画大多数只有寥寥几句言语，更多的是让玩家自己体会，我通过一次次的boss仿佛就是为了此刻静下心来体会这些百变的人生。
  希望制作组可以再推进一下游戏内容，现在的黑猴就像是一个半成品。
  不管怎样，瑕不掩瑜，黑猴还是一款非常不错的游戏。
  感谢黑猴陪我度过2026年的暑假。",True,11,2,0.622226119041442871,0,True,False,False,1787982990
2358720,234046906,english,"10 hours in and already loving it.

I’ve played around 10 hours so far and beaten roughly 9-10 bosses. Some fights definitely feel a little unfair at times, especially when you’re getting destroyed over and over again, but that’s also what makes finally beating them so satisfying.

The combat feels great, the bosses are challenging, and every victory actually feels earned rather than handed to you. There are definitely moments where I question my life choices, but when you finally figure out the boss and take it down… that feeling is worth it.

Really enjoying the game so far. Definitely recommend it if you like challenging boss fights  worth it bro you can buy (:",True,12,1,0.6192893385887146,0,True,False,False,1788063141
2358720,235623174,ukrainian,"[h1]Велика подорож на Захід: від пекельної задухи до тріумфу царя мавп 🐒[/h1]
[hr][/hr]

Навколо гри було стільки хайпу та розкішних трейлерів, що мимоволі чекався черговий мильний міхур від маркетологів. Але Game Science дійсно влетіли на ринок із двох ніг. Спочатку гра зустрічає доволі суворо і навіть [i]відверто душно[/i]: таймінги незвичні, вороги знімають пів смужки здоров'я за пару стусанів, а орієнтуватися без карти в перших розділах — це той ще квест на виживання. 

Втім, варто перетерпіти стартові години, підглянути пару тямущих гайдів щодо маневрування та звикнути до ритму — і проєкт розкривається на повну. Це не чистий [i]соулслайк від Міядзакі[/i] (душі при смерті не втрачаються, дякувати богам), а скоріше [b]God of War на максимальній складності[/b]: швидкі комбо, розгалужені гілки прокачки, магія, крафт броні та шалений акцент на видовищних дуелях.

[quote]«[b]Порада новачкам:[/b] не соромтеся дивитися гайди на старті. Особливо коли треба освоїти місцевий кострубатий [i]подвійний стрибок[/i] — він реалізований специфічно, але стає єдиним порятунком від клятих лучників на дахах, які розстрілюють з усіх боків і палять нерви швидше за босів.»[/quote]

[h2]Невидимі стіни та привіт із 2004 року 🧱[/h2]
Візуально гра на Unreal Engine 5 виглядає як дорогий некстген, але її левел-дизайн періодично викликає нервовий тік:
[list]
[*]Картинка малює глибокий ліс чи величні скелі, проте крок убік — і ти б'єшся лобом у чергову [u]невидиму стіну[/u], довшу за Велику китайську;
[*]Дослідження часто зводиться до тикання носом у кожен кущ: [i]«сюди не можна, на цей камінець заввишки 20 см мавпа не застрибне, а он той скриню взагалі пропускаєш, бо подумав, що там глухий кут»[/i];
[*]Квести поцуплені у FromSoftware у найгіршому прояві: без журналу, з неочевидним шансом дропу предметів і ризиком намертво завалити сайд-лінію, просто перейшовши в наступну главу.
[/list]

[h2]Трагічний лор, східна міфологія та музичний екстаз 📜[/h2]
Якщо ви не читали першоджерело XVI століття, сюжет спочатку здасться набором дивних образів. Але якщо вникнути, історія Сунь Укуна та Обраного виявляється не дитячою казкою, а глибокою й трагічною драмою:
[list]
[*]Шалено шкода нашого супутника [b]Чжу Бацзє (кабанчика)[/b] 🐗 — доля обійшлася з ним вкрай жорстоко, і за його буркотінням ховається щемлива драма втраченого кохання;
[*]П'ята глава буквально розриває [i]сімейною трагедією Царя Демонів-Биків[/i] 🐂, який розривається між обов'язком врятувати давнього друга та захистом дружини, поки рідний син намагається встромити йому ніж у спину;
[*]Саундтрек — чистий геній композитора: в драматичних моментах пробирає до мурах;
[*]Фінальні анімаційні ролики після кожного розділу виконані в абсолютно різних стилях — від традиційного живопису до лялькової анімації та аніме.
[/list]

[h2]Парад босів: від естетики кунг-фу до вирваного волосся ⚡[/h2]
Боси тут ідуть цілим конвеєром, і вони [u]дійсно різні[/u]. Від дуелей формату «людського зросту», де кожен рух нагадує вивірений танець бойових мистецтв, до комічно-зухвалих тварюк, які [strike]безсоромно випивають твою лікувальну флягу[/strike], поки ти намагаєшся перевести подих. Проте з велетенськими монстрами є проблеми: камера часто «йде за хлібом», таргет злітає, а удари палицею проходять крізь криві хітбокси без реєстрації шкоди.

Механіка перетворень розкривається ближче до середини гри, коли починаєш активно комбінувати здібності:
[list]
[*][b]Кам'яна Мавпа[/b] 🪨 — абсолютна [i]імба[/i], що дозволяє вбирати найважчі атаки ворога й безкарно ламати йому хребет;
[*][b]Знерухомлення[/b] 🛑 — дарує рятівне вікно для повної важкої серії або спокійного хілу;
[*][b]Скам'яніння[/b] 🛡️ — слугує ідеальним залізним парі;
[*][b]Клони та невидимість[/b] 👥 — дозволяють миттєво зняти фокус із героя й рознести ворога натовпом;
[*][i]Вогняне кільце[/i] 🔥 — максимально вузька навичка, яка згодилася рівно [strike]один раз[/strike] для побічного квесту із замерзлим дідом.
[/list]

[h2]Справжній фінал і таємниця Ерлана ⚔️[/h2]
Важливе застереження перед закінченням проходження:
[spoiler]Звичайна кінцівка розчаровує, бо знову замикає героя у вічне коло покарання. Після титрів у жодному разі [b]не тисніть «Нова гра+»[/b]! Натискайте «Продовжити подорож», повертайтеся до 3-ї глави у Велику пагоду (якщо зачистили секретні локації попередніх розділів). Там на вас чекає секретний бос — [b]Ерлан Шень[/b], той самий триокий суперник з прологу. Бій з ним — найкраще, що є в грі за епіком. Лише здолавши його та повторно перемігши фінального боса, ви відкриєте справжній фінальний мультфільм, від якого перехоплює дух.[/spoiler]

[hr][/hr]
[b]Підсумок:[/b] Колоритний, видовищний і технічно вражаючий дебют китайського геймдеву у вищій лізі. Гра місцями злить невидимими стінами та різкими стрибками складності, але дарує тонни адреналіну від перемог. Сюжетна лінія повністю закрита, лишилося тільки допилососити кілька ачівок до омріяних [b]100%[/b] у бібліотеці[cite: 1]!

[b]Оцінка:[/b] 9 розбитих об каміння посохів із 10 🥢",True,7,0,0.609901547431945801,2,True,False,False,1789836170
2358720,234111311,schinese,发售2年了还有那么多bug，也不修一修，说真的真掉价，还有也不知怎么掉帧那么严重，很不稳定，一放大头有一半机会会卡顿。有时候卡的剧情前边都不知道在讲什么.,False,12,1,0.606704294681549072,0,True,False,False,1788121570
2358720,233714573,schinese,"世人都晓神仙好，
惟有功名忘不了。
古今将相在何方？
荒冢一堆草没了。
你，
也想当神仙？",True,11,0,0.60566556453704834,0,True,False,False,1787712691
2358720,234196774,russian,"Не большой фанат соулслайков, если честно, но этот проект почему-то мне прямо зашел. Красивая графика, символизм на каждом шагу, а ролики в конце глав особенно прекрасны :) Оптимизация неплохая, боевка довольно приятная и прекрасно осваиваемая. В целом, я очень рад, что прикоснулся к этой игре :D",True,5,0,0.602649033069610596,0,True,False,False,1788215658
2358720,234177134,japanese,"[h1] 凄まじい力作で大作だが、戦闘完成度の部分で色々思う所はある [/h1]

「ボスラッシュ」との評価の通り、最初から最後まで密度の濃いゲームだった。
感心したことに、ボス戦において「またコレかよ！」と感じることはほとんど無く、常に全く新しいボスと闘っている感覚だった。再戦系は心象的に全体の１％も感じず（大蛙とか岩塊みたいな妖怪くらい？）、「使い回しは無い」と言いきってしまっても良いくらいだ。
約100分の1でしかないボスにおいても、凝った魅せる技とモーションが満載で、戦闘前の演出も手抜きがない、「まだ引き出しがあるのか！」と最後まで驚きっぱなしであった。
私は「西遊記」をほとんど知らないのだが、チョイ役で出てきたアイツやアイツも、きっと多くの人に知られているキャラなのだろうと予想できる。それらをこの高品質で制作されれば、そりゃ特に国内からは絶賛しかないよなと納得だ。そして日本人でもわかる、楽して儲けようとか、アイデア流用して大きな規模で作ってやろうとか、そういうゲームではない。製作者の[b] 「凄いゲームを作るんだ！私たちが考える最高の西遊記ゲームを創造するんだ！」 [/b]という高い志を感じた。

 ただここまで大絶賛しておいて何だが、戦闘バランスはすこし納得のいかないものだった。
特に「主人公の怯み」と「敵のスーパーアーマー」にはウンザリさせられた。主人公の攻撃はいわゆるコンボで、5段目が強いのだが、4段目がとにかく貧弱である。例えば筋骨隆々の虎が咆哮しながら突進してきたら「これは怯まない！」と納得できる、スーパーアーマーはゲームバランス的に有っても良いのだ。だが主人公のコンボ4段目はそこらの雑魚すら全く怯ませられない。小柄な弓兵もポコポコ殴られながら平気で矢をつがえ撃ってくるし、裸の虫ですら主人公の4段目など意に介せず斬ってくる。[strike] 綿棒でも振っているのか？ [/strike]主人公の猿は重装備しているくせに、布の服を着た半分くらいの大きさの蝙蝠と正面からぶつかると、なんと主人公のほうが一方的に吹っ飛ぶ。虚弱体質なのである。
猿であり立派な脚の指をしているくせに、蝙蝠にチョンち小突かれ梁からヌルりと落下していく様を見た時は失笑してしまった。その猿の足指は地面をしっかり掴むためのものではないのか？
「敵の攻撃」と「攻撃の前隙後隙」のバランスも悪かった。特に終盤5章あたりから凄まじく、広範囲の大技に対して後隙は一瞬などということもザラで、なんなら無敵の突進技に繋げてくることすらあり、それに対してこちらは相手に大きなリスクを付けることができないという場面が多発する。つまりこちら側にはジャンケンの「グー」と「チョキ」しかなく、相手は「グー」「チョキ」「パー」を満遍なく連発してくるようなものだ。良くて「あいこ」、ひたすら躱して耐えて一発小突くという、非常に繊細な戦闘をする主人公なのである。

こう書くと良くない印象を与えてしまうかもしれないので明確にしておくが、
個人的にはトータルで見ると余裕のプラスであり、不満を感じながらも夢中になれるくらい楽しいゲーム体験ができた。
しっかりオススメできる。
しかし正直、戦闘バランスに関する低評価レビューの内容にも、「全くその通りだ」と同意してしまう。
少し腰を据えてやらなくてはいけないゲームだ。",True,8,0,0.600502848625183105,0,True,False,False,1788197703
2358720,233915685,spanish,"Black Myth: Wukong me pareció una auténtica locura de principio a fin. Es uno de esos juegos que te dejan con la sensación de estar viviendo una aventura épica constantemente. Lo que más me impresionó fue lo fiel que se siente a la historia y la mitología de Viaje al Oeste, logrando adaptar ese mundo de una forma espectacular sin perder su propia identidad.

Visualmente es impresionante. Los gráficos están entre los mejores que vi en un videojuego, con escenarios enormes, detalles por todos lados y una dirección artística que hace que cada zona tenga personalidad propia. Muchas veces me encontré frenando simplemente para admirar el paisaje.

Otro de los puntos fuertes es la enorme variedad de enemigos y jefes. Prácticamente siempre aparece algo nuevo que obliga a cambiar la estrategia. Los combates contra los bosses son increíbles, tanto por su diseño como por la espectacularidad de las peleas. Hay enfrentamientos que realmente se sienten memorables y dignos de una gran leyenda.

También me encantó el estilo de juego. El combate es ágil, desafiante y muy satisfactorio. Cada transformación, habilidad y mejora aporta nuevas formas de jugar, haciendo que la experiencia se mantenga fresca durante toda la aventura.

Si tuviera que mencionar algo que no me gustó tanto, sería la sección de la Pagoda y algunas partes de las cárceles. Fueron las únicas zonas que sentí un poco más pesadas o frustrantes en comparación con el resto del juego. Sin embargo, son una pequeña parte dentro de una experiencia que me pareció extraordinaria.

En general, Black Myth: Wukong superó mis expectativas. Su combinación de gráficos impresionantes, adaptación fiel de la mitología, gran variedad de enemigos y jefes, y un sistema de combate excelente lo convierten en uno de los mejores juegos que jugué. Para mí, es una obra espectacular que demuestra lo que puede lograrse cuando se combina pasión, ambición y un diseño de altísimo nivel.

Estoy con muchas ansias de jugar al zhong kui , es una de las pocos estudios de juego que me logro ser uno de sus fanaticos y admirar tanto el trabajo con el unico juego que publicaron.


10/10

",True,5,0,0.59706956148147583,1,True,False,False,1787935019
2358720,233619479,turkish,"Maymun savaşmak
Maymun ölmek
Yeni maymun yola çıkmak
Maymun güçlenmek
Maymun çok güçlü olmak
Maymun yeni tanrı olmak
Maymun artık muz yemek 
Maymun mutlu 
Maymun Huzurlu
Maymun bu işi biliyor.",True,9,8,0.596535921096801758,0,True,False,False,1787603326
2358720,234770172,russian,лучшая игра именно китайская плюсом посмотрев все фильмы про вуконга приятно играть за него хотя в игре это не он,True,5,0,0.591439664363861084,0,True,False,False,1788872872
2358720,235350273,danish,"After completing the main game I went into NG+, completed everything, and then whent into NG++ just because i didnt want it to end!  Go get your hands on this -soon to be- classic!
9/10",True,5,0,0.591114223003387451,1,True,False,False,1789499682
2358720,234304173,koreana,"전반적으로 재미있지만 ㅈ같은 점이 몇 개 있다. 
다회차를 하라는 의미로 만든 건지 모르겠지만 딱히 퀘스트 네비나 가이드도 없는 주제에 루트 잘못 타면 못 깨는 퀘스트가 한 두 개가 아니다. 그거 말고는 다 괜찮은 듯.
",True,4,0,0.583333313465118408,0,True,False,False,1788356371
2358720,235692300,russian,"Великолепная игра и достойный представитель жанра souls-like.
Графическая составляющая, дизайн, музыка, анимационные вставки, отзывчивость управления - здесь всё на очень высоком и качественном уровне.

Если вы фанат комплексных, сложных игр, которые не ""играют сами в себя"", то берите смело - точно не разочаруетесь.",True,3,0,0.563492059707641602,0,True,False,False,1789913721
2358720,233623441,english,"I'll say this; after 55.2 hours and completely walking through the majority of the game including both secret endings: Black Myth Wukong will be a forever game, I return to one day~ in the search of a legendary story. sure it has, its issues but do not let that fool you; If your PC meets the specs you'll be able to run the game at a impressive performance. I hope I can help sway some late yet hesitant people.",True,6,0,0.5579567551612854,0,True,False,False,1787607338
2358720,235429151,russian,"Black Myth: Wukong - если проходить игру с китайской озвучкой, то игра очень хорошо передаст всю свою атмосферу. Можно будет погрузиться в китайскую мифологию. В этой игры мы будем играть за обезьяну, которой необходимо собрать разбросанные по разным биомам реликвии, чтобы освободить царя обезьян.

Основное оружие - это посох, которым мы всю игру будем лупить обитателей местной флоры и фауны. Когда нам будет этого мало или мы будем не справляться с врагами, то в нашем арсенале имеются различные заклинания, облегчающие сражение с боссами или обычными рядовыми врагами. Заклинаний достаточно много, от заклинаний заставляющих застыть на месте врагов или призвать фантомов для помощи в бою, до заклинаний позволяющих превратиться в ранее поверженного нами босса и уже в его обличие сражаться какое то время с врагом.

Стоит отметить что боевка выглядит задорной и динамичной. Боссов достаточно много, они сделаны хорошо, выглядят классно, анимация атак шикарная. За счет отсутствия штрафа за смерть, возможности перераспределять в любой момент навыки и обширного выбора заклинаний, большой сложности боссы не будут представлять, разве что только в самом начале, пока идет привыкание к боевой системе.

Все локации в игре выглядят прекрасно, очень эффектно сделаны задние планы. Единственное, что портит погружение, это эффект фокусировки, который нельзя отключить, из-за которого в заставках размывается задний фон, акцентируя внимание на переднем плане, что имея такие красивые декорации, портит погружение. Ну и невидимые стены, когда кажется что тут какое то ответвление и впереди будет секрет, а тут всего навсего невидимая стена. Но в целом каждая локация уникальна и не похожа на предыдущую.

Как итог - красивая игра с интересной боевкой, позволяющая погрузиться в китайскую мифологию!",True,3,0,0.553277909755706787,0,True,False,False,1789599200
2358720,234335248,english,"This game absolutely deserved to be Game of the Year in 2024, and I honestly don’t understand how Astro Bot was considered to be a better game. My personal pick would still be Metaphor: ReFantazio, but I can definitely see Black Myth: Wukong being the more popular choice.

The combat is incredibly fun and engaging, and the game never felt particularly difficult to me, so getting through the main story was a breeze. The world is also beautiful and there’s a lot to explore.

My biggest complaints are the amount of missable content and the fact that you’ll probably want to keep a text guide open if you’re going for everything. The narrative can also be difficult to follow if you’re not familiar with Journey to the West, so I’d recommend reading up on the story beforehand. A few achievements also require some RNG-heavy grinding, which I’m not a fan of.

Despite those issues, I had a great time with it. Very good game and absolutely worth playing, especially on sale.",True,10,0,0.552325725555419922,0,True,False,False,1788387735
2358720,234802964,russian,"Потрясающая игра, от которой не оторваться! 🐒🔥
Оправдала все ожидания на 100%!
⚔️ Разнообразие боевки: Огромный выбор техник, заклинаний, стоек и трансформаций - каждый бой уникален!
👹 Куча боссов: Их здесь очень много, и каждый поражает дизайном, уникальными фазами и мувсетом.
🏯 Красивейшие локации: Визуал просто невероятный - от бамбуковых лесов до древних храмов, скриншоты хочется делать каждые пять минут.
Динамично, безумно красиво и очень интересно.
10/10, однозначно брать! 🏆⭐️",True,7,0,0.550031483173370361,0,True,False,False,1788905782
2358720,235373590,brazilian,"Black Myth: Wukong foi um jogo do caralho, muito divertido, cenários de meditação muito bonitos, as histórias no final de cada capítulo eram lindas e me davam mais vontade de jogar.

Cada boss de Black Myth conseguia ser único, tanto em aparência quanto em estilo de combate. Minha única reclamação sobre o game é que EU achei ele muito fácil. O jogo te dá muitos ""counters"" para certos bosses, e isso acaba facilitando muito o jogo e tira um pouco da dificuldade, não só na parte do boss, mas na caminhada inteira.

 9/10 !!!
Rei Macaco!!!",True,2,0,0.545454561710357666,0,True,False,False,1789530974
2358720,235107518,koreana,"재밌다

내용은 서유기 이후의 내용이고 서유기를 안다면 반가운 인물이 몇몇 나온다
스토리가 서유기 내용이 아니긴하나 몇몇은 서유기에 나오는 내용을 알아야 이해가 되는
내용이 좀 있기때문에 이 점은 좀 아쉽다 그래도 구글에 스토리 해석 치면 다나온다

소울류는 아니다 기본틀은 같으나 이 게임은 스킬을 넣어서 난이도를 낮췄다
엘든링 환불때린 내가 가장오래 걸린 보스가 4시간선이다 하지만 절대적으로 쉬운건아니다

진행 방식은 그냥 직선 형태의 보스러시다 보스잡고 조금 걷고 보스잡고의 반복이다
복잡한거 싫고 도전하는걸 좋아하면 재밌게 할수있는 형식의 게임이다
처음엔 맵을 방황할수 있지만 출시때는 없던 지도가 추가되어 그나마 나아졌다

모든 컨텐츠를 즐기려면 다회차가 필수인데 5회차를 해도 빌드가 다양하기에 매번 재밌게
플레이 할수있었다

충분히 정가 할만하고 그렇지 않으면 할인 할때 반드시 사자 이 게임 할인을 진짜 안한다",True,2,0,0.545454561710357666,0,True,False,False,1789227434
2358720,234243664,brazilian,"[h1][b]Uma Jornada Épica, mas com Tropeços Técnicos[/b][/h1]

[b]Black Myth: Wukong[/b] é, sem dúvida, um dos títulos mais visualmente impressionantes e ambiciosos dos últimos anos. Baseado no clássico romance chinês [b]""Jornada ao Oeste""[/b], o jogo explora os acontecimentos logo após o término da obra original. Há inúmeras referências ao conto lendário que são citadas ou retratadas ao longo da aventura, desempenhando um papel de extrema importância para a história do game.

Na introdução, você assume o controle do próprio [b]Sun Wukong[/b] — o Grande Sábio ""imortal"", esbanjando poder e personalidade. Porém, essa experiência dura pouco. O verdadeiro protagonista que você guiará nessa jornada é um macaco genérico (ou melhor, aquele a quem chamam de [b]""O Predestinado""[/b]): um personagem mudo, sem expressões ou personalidade, que aparentemente tem apenas um objetivo: MATAR! 

Brincadeiras à parte, sua missão principal é reunir as relíquias deixadas por Sun Wukong para ressuscitá-lo ou trazê-lo de volta — ao menos segundo o velho macaco da abertura (o que se revela uma enorme mentira no final!).

Com forte inspiração na fórmula Soulslike, o game entrega confrontos memoráveis e um combate extremamente dinâmico. No entanto, a experiência é prejudicada por tropeços no design dos cenários e por problemas de otimização.


[h1][b]Combate e Jogabilidade[/b][/h1]
Black Myth: Wukong foca de forma implacável na esquiva perfeita e no ritmo da ação. A progressão se assemelha muito a um ""Boss Rush"", intercalado por breves áreas de exploração entre as batalhas principais. Durante os confrontos, a fluidez das esquivas e o peso do impacto dos golpes são extremamente satisfatórios.

O sistema de combate com o bastão brilha através das diferentes posturas (Esmagamento, Pilar e Ofensiva), garantindo uma flexibilidade tática excelente. Aliado a isso, o uso das magias — como paralisar inimigos, criar clones e assumir transformações — adiciona uma camada estratégica essencial que quebra qualquer risco de monotonia.


[h1][b]Direção de Arte e Gráficos[/b][/h1]
Construído na Unreal Engine 5, o jogo é um espetáculo absoluto. Os detalhes nos modelos dos chefes, a iluminação e a densidade dos ambientes são de cair o queixo, e o design das criaturas místicas inspiradas na mitologia chinesa é impecável.

Porém, algo que incomoda bastante é que o título, apesar de lindo, sofre com paredes invisíveis constantes. É muito frustrante tentar explorar um cenário que parece aberto apenas para esbarrar no ""ar"", o que prejudica demais a imersão e a navegação.


[h1][b]Desempenho e Otimização[/b][/h1]
Infelizmente, a ambição gráfica cobra um preço alto, afetando até mesmo sistemas mais robustos. No meu caso, utilizando um hardware mais antigo (uma GTX 1070), o jogo apresentou alguns problemas de stuttering (engasgos), especialmente durante transições de áreas ou quando muitos efeitos de partículas apareciam na tela simultaneamente.

Apesar disso, a experiência foi perfeitamente jogável e divertida para mim, rodando na qualidade gráfica média e mantendo uma média de 60 FPS em 1440p. Contudo, é inegável que o título exige o uso pesado de tecnologias de upscaling (DLSS/FSR/XeSS) para manter uma taxa de quadros aceitável.


[h1][b]Chefes e Inimigos[/b][/h1]
O grande destaque do jogo fica para as dezenas de chefes — tanto principais quanto opcionais — e para a enorme variedade de inimigos, cada um com mecânicas únicas e fases distintas. A curva de dificuldade é justa, porém exige reflexos rápidos e um bom gerenciamento de mana e estamina.


[h1][b]Platina e os 100%[/b][/h1]
Para quem busca a platina, será necessário terminar o jogo duas vezes (ou quase). No entanto, não é nada muito complicado, já que o New Game Plus (NG+) fica bem mais simples se você tiver feito tudo o que podia na primeira jornada — especialmente o final bom (ou verdadeiro).

O jogo possui dois finais. Optei por não fazer o final ruim (ou falso) porque o verdadeiro é bem mais condizente com a história e com o plano de Sun Wukong. Como mencionei no início desta análise, a narrativa do velho macaco sobre juntar as seis relíquias para ressuscitar Wukong era uma mentira; tudo não passou de um plano do ""Grande Sábio"" para finalmente se ""libertar"".

Já para quem quer fazer 100% do jogo (coletando todas as armas, armaduras, itens, etc.), acredito que será necessário jogar cerca de quatro vezes, além de investir algum tempo no farm de recursos.

[hr][/hr]
O jogo vale a pena? Sim, especialmente para fãs de ação rápida e mitologia rica. Embora peque ao nos entregar o controle de um protagonista genérico e sem personalidade, Black Myth: Wukong é um verdadeiro triunfo artístico, com um sistema de combate viciante e chefes memoráveis.

Se a desenvolvedora corrigir os problemas de otimização no futuro e você conseguir relevar o design restritivo de exploração, a jornada do Predestinado é uma experiência que merece ser vivida.

Comprei o jogo em uma promoção e considero o preço justo em relação ao conteúdo oferecido.

[b]Nota final[/b]: 8.5/10",True,2,0,0.545454561710357666,0,True,False,False,1788279282
2358720,233749582,schinese,非常优秀的故事叙事与画质表现，有时真的沉浸在黑神话的风景之中，基本上走到哪里就拍到哪里，总会出现让人眼前一亮的景色。总体打下来，跟很多boss都是最后拼的弹尽粮绝取胜，开头不死个几次真的摸不透。这些都是游戏的魅力所在，值得推荐！,True,2,0,0.545454561710357666,0,True,False,False,1787756765
2358720,233691631,russian,"Первая моя игра в подобном жанре. Было несколько трудновато в первое прохождение, но оно того стоило. Игра красива, персонажи и мир внешне любопытны, интересно было их рассматривать, так как с темой мифов Китая еще не пересекалась. Рекомендую.",True,2,0,0.545454561710357666,0,True,False,False,1787687190
2358720,233676090,spanish,Como jugador de elden ring este juego en sus primeras horas no represento ningun desafio que ya no hayamos visto en una escala mucho menor que los primeros jefes del mismo. Aun asi cambiar la forma de atacar es refrescante y un buen descanso de la monotoneidad del elden que se agradece. Me esperaba un desafio mas grande...,True,2,0,0.545454561710357666,0,True,False,False,1787673276
2358720,233585419,japanese,"　すべてのボスを倒した時点でのレビューです。難易度は一部ボスを除き法術を使えば容易に倒せるようなものが多いです。しかし、章の最後に戦うようなボスは歯ごたえがあります。ラスボスや裏ボスに関しては2～3時間程度詰まったのですがかなり素敵なボスであると感じました。良ボスなのでぜひ最後までプレイしてほしい。ジャストアクションが多く爽快で楽しくプレイできました。
",True,3,0,0.545454561710357666,0,True,False,False,1787571321
2358720,233740261,french,"Black Myth Wukong : voici un titre ou quand tu adhères, tu n’arrives plus à t’en décoller. 

L’attente fut longue avant qu’une promo intéressante tombe, mais cela m’a permis de prendre mon mal en patience et de pouvoir savourer le jeu comme on reçoit un cadeau de Noël tant attendu. 
Je savais que j’allais accrocher, ce qui me faisait peur c’est d’invertir de l’argent dans un jeu que potentiellement j’allais arrêter à cause de la difficulté. 

Alors oui, ce jeu est exigeant, il y a du « die and retry » sur quelques boss. Mais, si l’on est bien préparé, que l’on explore bien les recoins, que l’on s’équipe des bons équipements (esprits inclus) et des bons sorts (ceux qui correspondent à notre propre gameplay, il n’y a pas de bon ou mauvais sorts) il est faisable. J’ai déjà bien entamé le chapitre 6, la fin approche petit à petit et déjà je sais que la sensation que ce jeu me procure va me manquer : un investissement personnel dans le LORE et dans la difficulté que peu de jeux savent procurer (suivants les goûts de chacun bien sûr, mais je sais que tout joueur l’a déjà vécu). 

Ma petite conclusion :

Black Myth Wukong est un jeu bien huilé avec une DA de qualité et une histoire racontée telle une suite de fables au fur et à mesure des chapitres. Ce titre tiré de « la pérégrination vers l’Ouest » offre un récit mature dont le joueur saura apprécier son Lore en lisant entre les lignes et en savourant les fins de chapitres. Tous les PNJs sont importants (à dénicher) car ils sont les clés pour la compréhension de l’histoire et apportent ainsi de la profondeur au récit. 

Petite pensée aussi aux arachnophobes (dixit le chapitre 4). Pour information, sur le site Nexus mods, vous pouvez trouver un mod permettant de transformer les araignées en pièces dorées. Si vous voulez jouer sans mod, ce jeu n’est pas pour vous. 
",True,5,0,0.541616439819335938,2,True,False,False,1787748111
2358720,235679712,english,"After two playthroughs with two different endings, I can honestly say that I’m absolutely satisfied with my purchase. 10/10. I’m still surprised that this game didn’t win Game of the Year in 2024.

Let’s start with the positives.

The world is huge and incredibly detailed. There are massive locations, tons of secrets, and a lot of different quests. There is so much to discover that even just walking around and exploring never gets boring.

The bosses are another big highlight. They all have amazing designs, and overall, I think the difficulty is really well done. Some bosses can definitely give you a hard time, but beating them feels very rewarding. The boss that took me the most attempts was Yellow Loong — around 40 attempts.

https://steamcommunity.com/sharedfiles/filedetails/?id=3794782417

I also want to give a special mention to what I consider one of the best parts of the entire game: the cinematics after completing each chapter.

https://steamcommunity.com/sharedfiles/filedetails/?id=3804960394

Oh my god, these are some of the best ways I’ve ever seen a game explain its lore. The art style and animation are absolutely beautiful, and I genuinely couldn’t take my eyes off the screen. Huge respect to the developers for this.

As for the negatives, although I wouldn’t really call this a major flaw compared to everything else the game does so well, the invisible walls can sometimes be annoying. At the same time, they can actually be helpful because they keep you from getting lost or accidentally falling off the map. Still, I would have liked to have a little more freedom while exploring.

Overall, Black Myth: Wukong is an amazing game, and I 100% recommend buying it. After two playthroughs, I can confidently say that it was absolutely worth it.

10/10. Highly recommended.",True,4,0,0.583333313465118408,0,True,False,False,1789901464
2358720,234142842,english,"What? By Chapter 3 the quality drops insanely off the cliff. Prior chapters were surprisingly fun and came with a promising game total. Not even a hint of the terribleness to come. Sure it wasn’t anything special or masterful even at the beginning chapters but it held my attention greatly. It wasn’t those moments that wanted the player to die and waste time over and over again. Its difficulty felt controlled and managed. Not “insert shameless marketing of ‘prepare to die’ and that being strictly the core design philosophy instead realizing what made the older games great”.

At Chapter 3, you get terrible levels that are just empty and huge with like 4 enemy types that all take the average enemy health pool of Chapter 2 and multiply it by eleven or maybe even more. Of course most of them need only hit you 3 times for you to die while you hit them a thousand. Just picture the weak Undead Hollow of Dark Souls 1 and have it so you have to whale at it 16 times, yeah even those types of enemies get an insane health boost; a complete, blatant waste of time. And you fight probably like a hundred of them by that chapter’s end. Ctr+C and Ctrl+V all throughout, whether by enemies who are made of material much harder than diamonds or the environments which are wide, long and stupidly empty. It’s another sprinting simulator once you reach that chapter (I genuinely don’t get how this became a thing in the 8th gen era of Souls-likes). And the emptiness of those environments are to the absolute uncontrolled, unrestrained maximum lunacy that would make Dark Souls 3 blush (again, I don’t get how this became a thing in the 8th gen era of Souls-likes). It’s a shame, I was really enjoying it up until that awful chapter. Now I truly hope for this genre to die.


+ It barely recovers much from Chapter 4 and onwards. Although it doesn't get anywhere near as bad as Chapter 3, it still has those bad moments sprinkled throughout. Enemies just become more durable. Certain spells become so ridiculously useless like Immobilize or Pluck of Many, with Immobilize just having bosses break through it instantly, as soon as you cast it— doesn't matter if you max them out completely they become useless. All bosses end up feeling the same to point where even the devs started noticing and so some select few of them get ""super armor"", which just equals to hitting them even more than most; a very consistent philosophy of this game. You're supposed to be an extremely powerful being but it feels no different from the beginning of the game where you're getting on by to the journey of being powerful. It's just higher stat numbers but guess what? Enemies also get higher stat numbers so those stat numbers cancel out the growth. The Souls-like inspirations and direction ruined this game's potential. That genre—trend had no business to be a part of this game. The story as incoherent and what little there was, there was some actual good moments that surprised me, especially around Chapter 4 and onwards. I especially did like the final rowing scene where Bajie (loved this dude) sticks up for his lifelong friend who had left him. English dub was really good. Chapter 3 soured me so much but even then the game has problems. I wish they would just patch that chapter out of the game, honestly. But the Souls-like, ""bash your head against the wall for the next hour until finally you beat the boss"" will always be a major flaw for it being so unfitting. It should have been a slow, gradual build to a power fantasy experience but it never truly reached that.",False,3,0,0.533303022384643555,0,True,False,False,1788159147
2358720,234977718,english,"Finished it and the combat is what makes this game special. Every fight feels amazing, and the boss designs are some of the best I've ever seen — each one unique in look and playstyle. Animation quality is top notch, and it's not overly hard, so it's more approachable than your typical Soulslike.

Best part of the whole game though? The chapter endings. That painted-art animation with the narrator's voice over it is pure art, genuinely one of the most memorable things in the game.

On the downside, world design is weak — lots of invisible walls and unclear paths that make exploring more frustrating than fun. Story also assumes you already know Journey to the West, so if you haven't read it, you'll miss a lot. No Arabic support either.

Recommended — incredible combat, bosses, and chapter cinematics, held back by messy world design and a story that needs prior knowledge to fully click.",True,2,1,0.528301894664764404,0,True,False,False,1789093546
2358720,234864702,english,"What an incredible game.
I have rarely been so completely hyped; I didn’t expect to love this 2024 gem quite so much.

An epic journey rooted in Chinese mythology, based on the tales of [i]Journey to the West|[/i]. You play as the ""Destined One,"" facing powerful foes throughout a quest to uncover the truth behind your own glorious legend. It is a vast world rich in themes, featuring deep, captivating storytelling and a cast of diverse, colorful characters.

The challenge is steep yet incredibly addictive; the game rewards mastery of its mechanics and respects the player's time by skillfully balancing difficulty—avoiding both hand-holding and overwhelming frustration. It is tough, but immensely satisfying at every step, offering a genuine sense of progression.

Amazing visuals, especially if you have the god PC specs.

Looking forward to Zhong Kui, thanks Game Science !",True,1,0,0.525862038135528564,0,True,False,False,1788983065
2358720,233703008,french,"I just finished Black Myth Wukong and I have to say, this game is truly excellent. Everything about it feels polished and carefully crafted.",True,2,0,0.524940609931945801,0,True,False,False,1787697968
2358720,234426863,english,"I finally beat it.

Honestly, I don't even know where to start with this game.

When I first saw Black Myth: Wukong was coming out, it hit me with a kind of nostalgia that I wasn't expecting. I grew up watching Journey to the West on TV when I was a kid. I loved Sun Wukong, I loved the story, and that whole world became something very familiar to me growing up.

So when I saw this game for the first time, I already knew I had to play it.

And because Buddhism has been a part of how I see life, there was something about the themes and stories in this game that connected with me on a deeper level. There were moments where I wasn't just thinking, ""This is a cool game."" It felt familiar somehow. Like I was seeing a story I grew up with through a completely different lens.

I remember when the game came out. I was still a student and I didn't have a job. My only laptop was an old one with an Intel Core i5, 8GB RAM and a 1TB HDD.

And no graphics card. 💀

I loved story games, but that laptop could barely handle anything. I'd play whatever I could on the lowest settings while watching the game turn into a slideshow whenever things got a little too intense.

Then Black Myth: Wukong came out.

And I remember thinking:

""I don't care. Somehow, I'm going to play this.""

Except... I couldn't afford it.

So what did I do?

I watched the entire game on YouTube.

For two days.

I literally watched the whole thing like it was a two-day movie. 😂

It obviously wasn't the same as playing it myself, but at the time, that was the closest I could get. I just wanted to experience the story that badly.

Then last year, things finally started changing for me. I moved abroad, started working while continuing my studies, and eventually managed to buy myself a proper gaming laptop.

I remember checking it on PCGameBenchmark.

My old laptop was something like 10%.

This one?

97%.

I was like:

""YESSSSSSSSS. FINALLYYYYYYYY!!!"" 😂

I've never owned a console either. Growing up, I was always the kid sitting next to my friends while they played on theirs. I'd watch them play for hours, and sometimes they'd give me the controller so I could have a turn.

At home, my parents didn't really like me playing games, so I never got a console of my own. Even when I managed to play something, I'd  have to hide it so I wouldn't get caught.

But I had Steam.

And while I was still using that old laptop, I wishlisted Black Myth: Wukong.

With one thought:

""One day, I'm going to play this.""

And then, earlier this year, the game went on sale in February.

And my birthday happened to be that same week.

At that point I was like:

""Alright. Say no more. The universe is literally telling me to buy this."" 😂

So I bought it on my birthday.

And when I finally launched the game and started playing it myself, I had the exact same excitement I had when I was watching that YouTube gameplay two years earlier.

Except this time, I wasn't watching someone else play.

I was finally playing it.

And now...

I beat it.

There are games you play because they're fun.

There are games you play because they're beautiful.

And then there are games that somehow become connected to your life.

Black Myth: Wukong is one of those games for me.

It's connected to my childhood. To Journey to the West. To sitting beside my friends watching them play games I couldn't own. To playing games on a laptop that could barely run them. To watching this exact game on YouTube because I couldn't afford it. To wishlisting it and telling myself that one day I'd play it.

And then finally getting the chance to.

That's probably why finishing this game feels different.

So to everyone who worked on Black Myth: Wukong — the developers, artists, writers, musicians, voice actors, animators, and everyone else involved:

Thank you.

You didn't just make a game that I enjoyed.

You made something that I had been waiting years to experience.

And I'm definitely not leaving it here. I'm going to start another playthrough because there's still so much I want to see and experience.

But for now...

I BEAT THE GAME!!!!! 🐒🔥

My favourite game.

100% recommend it to anyone who loves story-driven games.

What an experience.",True,2,0,0.524815201759338379,0,True,False,False,1788500355
2358720,234420655,english,"The whole journey, the lore, the graphics, the art style, everything about this game kept me hooked from one of the best intro in gaming history, I strongly recommend it to anyone looking for a challenge and super fun gameplay.",True,2,0,0.524815201759338379,0,True,False,False,1788490587
2358720,234414617,english,"I have never been able to get into Souls Like games. I've attempted pretty much all of them, but i always hit a boss and get frustrated and never touch the game again. However, this game i was obsessed from start to finish. There was a few bosses i absolutely struggled with especially the chapter 3 secret and the final fight and somehow after many attempts i finally won. 

I don't really fool with NG+ but i find myself wanting another game of this caliber. I just don't know what that would be. Can't wait for Zhong Kui!!",True,2,0,0.524815201759338379,0,True,False,False,1788482243
2358720,235764971,russian,"Как первая рпг в самый раз, очень понравилось играть. Можно назвать симулятором уклонений, но какая рпг без них обойдётся, да и сами уклонения сопровождаются приятным звуком, так что только в плюс. Сюжетно не то чтобы высший класс, но мне опять же понравилось. Графон сладость и приятность, на 5060, все высокие, трассировка низкая, генерация х4, длсс на 25 единиц, в 2к разрешении 120 кадров в среднем, не особо пониманию про какие размыливания пишут когда упоминают dlss, мне всё понравилось, прекрасная картинка была. Как первая рпг 10/10",True,1,0,0.523809552192687988,0,True,False,False,1790000933
2358720,235725941,english,"Excellent game. It requires you to learn the proper mechanics to beat some boss fights, but once you get the hang of it, the gameplay is simply amazing. Boss fights are great and there is a lot of variety. The game also lets you build your character however you like, so you can experiment with different playstyles. 

I give it a 10/10",True,1,0,0.523809552192687988,0,True,False,False,1789943181
2358720,235675002,schinese,国产游戏里程碑一样的作品，谁又能理解80后能玩上国产3A大作的心情？,True,1,0,0.523809552192687988,0,True,False,False,1789895778
2358720,235664525,english,"Black Myth: Wukong 

---{ Graphics }---
☐ My GPU has entered meditation mode
☐ Looks like a PS2 game… if the PS2 had divine powers
☐ Pretty good
☐ I stopped fighting bosses and started taking screenshots
☑ My graphics card smells like burning incense and despair

---{ Gameplay }---
☐ I pressed buttons and somehow survived
☐ Mostly dodge, bonk, repeat
☐ Simple enough to learn, satisfying enough to keep playing
☐ My controller now has trust issues
☑ Panic-strafing, aggressively mashing dodge, and praying to Sun Wukong

---{ Audio }---
☐ My speakers remain emotionally stable
☐ Pretty decent
☐ The music hits harder than some bosses
☐ My headphones have achieved enlightenment
☑ Traditional Chinese instruments playing serenely while I scream in rage

---{ Audience }---
☐ Monkeys
☐ Kids
☐ Teens
☑ Anyone who has ever said 'one more attempt'
☑ Masochists with a passion for 16th-century classical Chinese literature

---{ PC Requirements }---
☐ My calculator is not invited
☐ Potato PC users: proceed with caution
☐ Decent gaming PC
☐ Your GPU will be doing some actual work
☐ Requires a GPU powered directly by the Jade Emperor's personal power grid

---{ Game Size }---
☐ Reasonable
☐ Bring some storage
☐ My SSD has entered the meditation phase
☑ The Destined One needs his own storage realm
☐ I deleted my entire family photo album to make room for high-poly fur

---{ Difficulty }---
☐ Even the bosses are being polite
☐ Easy… until the boss looks at you
☐ Learn the patterns and bonk responsibly
☑ Sun Wukong himself would probably dodge this attack
☐ ""It's not a Souls-like,"" they lied, as the giant baby crushed my spine

---{ Grind }---
☐ Minimal suffering required
☐ Some farming if you want to optimize
☐ Optional grinding
☑ Farm until your character becomes a part-time employee
☐ I have eradicated an entire ecosystem of spirits just to gain +2 Defense

---{ Story }---
☐ What story? I was busy getting punched
☐ There's lore. A LOT of lore
☐ The Journey to the West said: 'You thought this was going to be simple?'
☐ I came for the monkey and stayed for the mythology
☑ I need a PhD in Chinese mythology just to understand why this bear is mad at me

---{ Game Time }---
☐ Blink and it's over
☐ Short but satisfying
☐ Long enough to question my life choices
☐ I have aged several years during this journey
☑ 10 hours of exploration, 40 hours of stuck on the same three bosses

---{ Price }---
☐ Free? Even better
☐ Wait for a sale
☑ Worth the money
☐ My wallet took damage, but the Destined One took more
☐ Cheaper than anger management therapy, but far less effective

---{ Bugs }---
☑ Did the Destined One cause that?
☐ A few little yaoguai
☐ Occasionally annoying
☐ The bugs have achieved enlightenment and cannot be defeated
☐ I clip through the floor, but honestly, it's safer down there anyway

---{ Overall }---
☐ 2/10 — I saw a staff
☐ 5/10 — Perfectly average monkey business
☐ 8/10 — Wukong approved
☐ 10/10 — I have become the monkey
☑ 11/10 — Turned into a cicada, flew past my problems, immediately died anyway

I’ve been obsessed with Sun Wukong since I was a kid, so buying this game was an absolute no-brainer. What I didn't expect was that this absolute masterpiece would hijack my life and force me to beat it SEVEN TIMES. Seven. My family missed me, my sleep schedule disintegrated, but my monkey soul was restored.

Stop overthinking it and just buy the game. You’re getting pure, unadulterated gameplay with zero paywall ♥♥♥♥♥♥♥♥, zero microtransaction nonsense—just raw, glorious combat. Put on the crown, grab the staff, and go be the Monkey King. 10/10, would get beat up by celestial beings for another 7 playthroughs.",True,1,1,0.523809552192687988,0,True,False,False,1789881231
2358720,235658092,english,"This game is absolutely amazing everything about this is game is so dope the combat, the graphics(omg the graphics is chefs kiss one of the most visually appealing games I've ever laid eyes on) the story, and bosses. my primary monitor is an aw3425dw it an ultrawide OLED screen so this game on this screen is like a gift from heaven lol. I'm currently on chapter 5 and i cant say enough the combat and the bosses are so sick some of the bosses are really difficult(scorpion lord dude beat my ass like 40 times),character development is really cool too wide variety of stuff in the skill tree for combat i believe there is 3-4 stances and a bunch of ways to mix up combos really cool stuff...  yeah if your thinking about scooping this game might as well do it especially if its on sale.... the only thing i would admit that i don't like is the invisible walls other than that for me this game is a solid 10",True,1,0,0.523809552192687988,0,True,False,False,1789872346
2358720,235609359,english,"Black Myth: Wukong is the most amazing game I've ever played. I only intended to give it a quick try and didn't expect it to be this good. I really enjoyed Chapters 1 and 2, and I've completely fallen in love with the combat system and boss fights. Truly a masterpiece! Of course, I'll be waiting for the new DLC for additional content.",True,1,0,0.523809552192687988,0,True,False,False,1789824387
2358720,235601245,koreana,내가 몬스터헌터 월드부터 와일즈까지 다 깨봤는데 초반 이상한 뱀 보스가 걍 아본 보스만큼 어려움. 물론 잡으면 성취감 있겠지만 나처럼 스트레스 받는거 싫어하면 하지마셈,False,1,0,0.523809552192687988,0,True,False,False,1789815975
2358720,235488893,english,Solid game and beautiful graphics. For people that want soulslike with cool combos and spells,True,1,0,0.523809552192687988,0,True,False,False,1789675332
2358720,235386381,schinese,第三关就是纯粹恶心人来的，不否认这个游戏的优秀画质画面，但那就是来恶心人的,False,1,1,0.523809552192687988,0,True,False,False,1789552781
2358720,235332319,english,"Zero regrets. Outstanding visuals, insane boss fights, and peak combat. Absolutely worth every second!",True,1,0,0.523809552192687988,0,True,False,False,1789481956
2358720,235225517,brazilian,"China number One! 
Sinceramente que jogo incrível, valeu a pena cada centavo. A jogabilidade é boa, história, personagens, gráficos, ambientação é tudo muito bom mas tem problemas sim. A introdução desse jogo é absolute obra prima! Simplesmente incrível!
Capítulo 1 é legal bem divertido e ele tem alguns chefes tutoriais bons e que mostram que esse jogo não vai ser extamente um passeio no parque mas depois que vc pega jeito com as magias e mecânicas o jogo fica bem mais justo.
Capítulo 2 é incrível e possui um dos melhores chefes do jogo quem dera boa parte dos chefes fossem bons igual ele, o chefe final do capítulo eu apanhei pra ele igual o Invencível apanhou pro Ominiman.
Capítulo 3 tem uma parte bem chatinha no começo mas ainda sim é o meu favorito do jogo inteiro. Mas aqui aparece alguns probleminhas que é no caso em alguns lugares não existe mais a parede invisível e o macaco morre ao chegar na beirada de precipícios ou levar porrada de alguém, nas partes anteriores ou tinha parede invisível e macaco ficava equilibrando pra não cair no caso ele chega na beira do penhasco e volta pra trás quando sabe que é um lugar perigoso. Nessa parte isso some e mais algumas mais pra frente também acontece isso.
Capítulo 4 eu torci o nariz no começo mas foi um dos melhores capítulos, e possui uns chefes bem embaçados porem bons.
Capítulo 5 é bom tem chefes maneiros mas infelizmente achei ele muito linear e rápido e comparado ao 4 ele é uma piada, tanto que quando derrotei o chefe do capítulo eu pensei ""como assim já acabou?"". Porem as lutas desse capítulo são sensacionais principalmente a do chefe final dessa parte. 
Capítulo 6 acredito que aqui é onde fica os problemas desse jogo, provavelmente a idéia era que o jogo teria vários capitulos e seria muito maior mas o tempo de desenvolvimento era pouco e tiveram que acelerar a entrega e então ruxaram. Então é um capítulo que a gente espera muito no começo e ele hypa a gente mas ele não entrega tanta coisa ao menos no início, porém tem uma coisa legal nele sim e indo para a etapa final é absolute obra prima e tem o chefe mais difícil do jogo mas infelizmente ele é opcional e tem que fazer coisas específicas para enfrentalo e é perigoso a pessoa perder ele e ir direto para o último. O último chefe é bem difícil mas se você tiver persistência dá para passar e é absolute cinema a luta final. 
Se tivesse que dar uma nota seria 9/10. É um jogo que realmente vale a pena ele mistura um pouco de mecânicas de souls like mas não é tão punitivo quanto um, fora que entrega um combate rápido e fluído. Mesmo ele sendo bem linear explore bastante os cenários vale a pena e pode perder coisas pq infelizmente esse jogo tem bosses que vc só enfrenta se fizer algo específico então algum tipo de guia ou algo do tipo ajuda bastante. Talvez pessoas que estejam calejadas com soulslike tipo Darksouls, Sekiro e Nioh  se saiam melhor nesse jogo e não passem tanta dificuldade igual eu passei, afinal esse jogo é estranho ele é difícil mas não é soulslike. kkkk
E sim China number one 
Acredito e espero que o Black Myth Zhong Kui seja tão bom e melhor que esse!",True,1,0,0.523809552192687988,0,True,False,False,1789338469
2358720,235183225,russian,"Что то среднее между солслайком и хакен слеш.  Есть аналог костров, наказание за смерть отсутствует, боссы потные. 
Из плюсов:
-классная боевка
-красивая картинка
-интересные  боссы 
Минусы:
-оптимизация",True,1,0,0.523809552192687988,0,True,False,False,1789303185
2358720,235113659,english,"""10/10 perfect game. Easily the best game i have ever played. The story is amazing, the combat is incredibly satisfying, and the graphics are just insane literally a ♥♥♥♥♥♥♥ good game. It's a little bit challenging at times, but not overwhelmingly hard. Just an absolute masterpiece.""",True,1,0,0.523809552192687988,0,True,False,False,1789232084
2358720,235112343,schinese,瑕不掩瑜，画面，动画，演出，游戏性都太好了，除了第六章的优化问题和地形空气墙的设计之外没什么缺点了，长的地方太长了以至于短的地方完全可以忽略,True,1,0,0.523809552192687988,0,True,False,False,1789231087
2358720,234966675,german,"Absolutes Meisterwerk! 🔥

Black Myth: Wukong hat mich komplett begeistert. Die Kämpfe, die Bosse, die Grafik und die Atmosphäre sind einfach überragend. Selten hat mich ein Spiel so gefesselt und motiviert, jeden Karte zu erkunden.

Für mich ganz klar eine **10/10 und absolute Kaufempfehlung! 🐒🔥**
",True,1,0,0.523809552192687988,0,True,False,False,1789080806
2358720,234915908,schinese,作为第一款国产3A同时也是我第一款玩的游戏 给我的感觉真的和其他游戏不一样 别的游戏玩累了就会来玩一遍第一二章  识破和完美闪避用的真的爽 动作系统没有特别丰富 希望下一步的钟馗可以更进一步 非常值得玩的一款游戏 对新手也很友好,True,1,0,0.523809552192687988,0,True,False,False,1789051631
2358720,234832493,koreana,"검은 신화 오공 

장점 :

검은 신화 오공은 중국 4대 기서 중 서유기를 모티프로 한 손오공 게임이다. 
작성 기준 무려 3천만 장 이상 판매 게임.
소울 라이크 게임이지만 그렇게 어렵지는 않다. 다만 리듬 게임 같은 엇박 타이밍과 공격 모션의 딜레이 때문에 선 입력에 따른 직관적이지 못한 답답함은 있었다. 다행히 사망 시 패널티 가 없어 마음 편하게 도전하는 재미가 있다.

3가지 봉술 자세를 가지고 바꾸는 재미와 내가 원하는 부분을 선택해서 키워가는 재미가 있다. 물론 초기화도 가능해서 스킬과 장비를 이것저것 조합하는 재미가 상당하다. 능력치를 최대까지 찍으려면 3회차 이상해야 하는데 다양한 조합으로 다회차 도전 재미를 느낄 수 있다. 

아주 아름다운 풍경과 불교의 사찰 등의 배경 그래픽, 장비 그래픽이 굉장히 섬세하고 돋보인다. 자세히 보게 되는 즐거움이 있다.

그리고 또 다른 장점은 매우 다양한 보스와 적 캐릭터가 많다는 점이다. 
일반적인 게임의 경우 색깔 놀이나 돌려 막기 적이 많은데, 이 게임은 특색 있는 많은 적을 만날 수 있고 서유기처럼 여행하던 중 새로운 적을 만나는 느낌이 들어서 더 좋았다. 매번 새로운 적 패턴과 페이즈, 각각 공략하는 재미가 있어 개인적으로 가장 만족한 부분이었다. 
강력하게 추천하는 게임.

단점 :

서유기 스토리와 고유명사 때문에 배경지식이 없다면 스토리상 이해하기 어려운 부분이 있다. 
게임 하기 전에 서유기를 읽고 나면 더 좋을 것 같다. 

개인적으로 가장 큰 문제점은 투명 벽이라고 생각한다. 갈 수 있는 부분과 갈 수 없는 부분이 너무 애매하고 갈 수 없는 곳을 보이지 않는 벽으로 막아 놓은 맵 구성은 정말 아쉽다.
배경의 모든 곳을 갈 수 있는 레데리2 오픈 월드가 새삼 얼마나 대단한지 알 정도이다.",True,1,0,0.523809552192687988,0,True,False,False,1788951573
2358720,234625552,koreana,"뒤늦게 플레이해 봄

초울트라 슈퍼 갓갓갓 겜

소울류를 떠나서 퀘스트 짜임새 라든지 맵탐험하는 재미가 엄청나다.

각종 편의가 넘치는 스킬트리구성도 좋음

중국게임 대단하네

",True,1,0,0.523809552192687988,0,True,False,False,1788706086
2358720,234440230,russian,"Хорошая игра, не без проблем конечно, как и во всех сосаликах. У игры прикольный визуал, хороший графен, и клевая боевка.
А вот лор, сори конечно я ♥♥♥♥♥ не понял че происходило, а главе в 5 уже было вообще все равно че происходит хотелось только палкой отпиздить всех боссов.
Ну и у данной игры как и у игр от Бабадзаки присутствуют одни и те же проблемы. Камера смотрит ♥♥♥ пойми куда на боссах, хилки эта бибизяна не пьет когда нажимаешь кнопку, враги и боссы некоторые бьют пустоту, но задевают гг, ну и классическое ""ну я же жал"", - классека.
Я бы оценил игру на 8 из 10, думаю эти минус 2 балла как раз за лор и персонажей, да и диалоги в целом.",True,1,0,0.523809552192687988,0,True,False,False,1788520356
2358720,234310595,polish,"Black Myth: Wukong jest rewelacyjną grą, choć nie jest wolna od wad. Stawia ona nacisk na ekspresję gracza przez walkę w trakcie epickiej, hermetycznej i enigmatycznej wędrówki głównego bohatera na zachód. Wzorowa prawa audiowizualna zanurza gracza w chińskim folklorze, co dla mnie, jako wschodnioeuropejskiego ignoranta, nie zawsze było czytelne i zrozumiałe, ale w ogóle mi to nie przeszkadzało, będąc tak oczarowanym tą grą. W kwestii błędów, jeśli jest się w stanie zbagatelizować bezczelne niewidzialne ściany, ""dziwny"" i męczący - a w opinii niektórych tragiczny - level design ( sam do końca nie wiem, jak się czuję z tym, co mi zrobiły niektóre poziomy w Wukongu ), to czeka nas naprawdę wspaniałe doświadczenie. Na pewno pierwszych dwóch rozdziałów. Reszta gry może aż tak nie lśnić, a szczególnie rozdział szósty, który w porównaniu z resztą wydawał się zaskakująco pusty i niedoszlifowany. Może nie było czasu, może zabrakło hajsu, a może to tylko moja opinia. Strukturalnie Wukong przypomina Sekiro, ale z bardziej przyjaznymi graczowi mechanikami. Nie jesteśmy w żaden sposób karani za śmierć, respec słusznej wielkości i pociesznych drzewek umiejętności jest dostępny zawsze i za darmo przy kapliczkach, tak, aby można było sobie okładać kijem multum oryginalnych bossów jak nam się widzi. Mając to wszystko na uwadze, pozytywy i negatywy, wystawiam grze 9,5 na 10 bananów, ale takich dużych i dojrzałych. Reject humanity, embrace the monke.",True,1,0,0.523809552192687988,0,True,False,False,1788362704
2358720,234306911,spanish,"TREMEMDO JUEGO
Ambientes hermosos, variedad de mecánicas para el combate, super divertido con una dificultad mas que aceptable y que ofrece gran reto al jugarlo.
Lleno de lore, historias de todo tipo, honestamente los chinos se la sacaron completamente con este juego, el platino es muy accesible y relativamente sencillo de conseguir.
Completamente recomendada esta joya del gaming.",True,1,0,0.523809552192687988,0,True,False,False,1788359174
2358720,234299337,schinese,游戏前几章玩着真的很爽，画面、打斗都很有味道。可惜五六章做的有点潦草，剧情收尾比较仓促。不过总体来说瑕不掩瑜，算是国产 3A 一个很好的开端，值得玩一玩。,True,1,0,0.523809552192687988,0,True,False,False,1788350715
2358720,234089057,tchinese,"看到中文圈的遊戲廠商能出這麼一款遊戲實屬驚訝
第一次玩遊戲聽到中文配音不覺得違和
雖然遊戲劇情不能跟以前看過的西遊記來作參考，但內容改的真的很不錯
每章結束還有動畫可以看，真的有感受到製作組的用心
最有印象的BOSS排序有小黃龍、楊戩、大頭，當初打了超久
打過之後超有成就感
很期待下部鍾馗出了之後能超越悟空。",True,1,0,0.523809552192687988,0,True,False,False,1788104702
2358720,234041839,schinese,"《黑神话：悟空》给我的感觉，不只是“国产3A终于来了”这么简单，而是真正让我久违地找回了第一次接触大型单机游戏时，那种愿意停下来认真看风景、听对白、研究敌人、反复挑战Boss的感觉。
最让我印象深刻的，是它对中国传统文化的表达。无论是建筑、塑像、妖怪设计，还是音乐、台词和各种细节，都有一种非常熟悉却又充满想象力的味道。它没有简单地把《西游记》重新讲一遍，而是借着我们熟悉的人物和世界观，重新塑造了一个更加苍凉、神秘甚至有些残酷的西游世界。
战斗方面也很有自己的特色。棍法、法术、变身和各种技能组合起来以后，可玩性很高。很多Boss第一次打会觉得压迫感十足，但逐渐摸清招式、调整打法，最后成功击败它们的时候，那种成就感非常强。尤其是一些重要Boss，无论演出、音乐还是招式设计，都属于真正能让人记住的水平。
当然，游戏也不是没有缺点。部分地图的引导比较弱，有些地方容易迷路，空气墙偶尔也会影响探索体验，个别战斗和镜头表现还有提升空间。但这些问题并没有掩盖它整体的完成度。
对我来说，《黑神话：悟空》最难得的地方，是它终于让我看到，中国自己的神话、审美和文化，也完全可以被做成一款具有世界级表现力的大型单机游戏。
它不完美，但足够优秀，也足够特别。
如果你喜欢动作游戏，喜欢西游文化，或者只是想体验一款真正具有中国特色的大型单机作品，我认为它值得一玩。
大圣的故事我们从小听到大，而这一次，终于轮到我们自己拿起金箍棒，走一遍属于自己的西游路。",True,1,0,0.523809552192687988,0,True,False,False,1788057170
2358720,233911839,english,"It's a different form of fighting, Elden Ring is the most RPG game I've played with a bit of DS. But it has been super fun and challenging.",True,1,0,0.523809552192687988,0,True,False,False,1787931820
2358720,233907882,tchinese,完全符合期待，單機可以在遊戲中練等級，畫質遊戲動畫跟戰鬥，配合劇情，會讓人想熬夜繼續打下去,True,1,0,0.523809552192687988,0,True,False,False,1787928423
2358720,233860908,brazilian,"Queria bater a cabeça e esquecer que joguei esse jogo, só para ter a sensação de jogá-lo pela primeira vez novamente

TE AMO WUKONG TE AMO",True,1,0,0.523809552192687988,0,True,False,False,1787872148
2358720,233853084,english,"I had a great time playing this game, with absolutely no performance issues, which is unfortunately rare with most games these days. I highly recommend it, and I’m looking forward to the next game from this studio, which has truly earned my respect.

Best regards.

",True,1,0,0.523809552192687988,0,True,False,False,1787864571
2358720,233841291,schinese,国产游戏里程碑式的佳作！国风满满，东方美学，配乐，美术，画面，章节动画都很顶级，内容也很丰富！发售当天连玩六天通关！现在打开听到熟悉的音乐还是很感动~适合摸清机制，研究打法的玩家，动作游戏新手也可以玩。即使放在今天也是瑕不掩瑜的优秀作品，希望国产游戏越来越好！！,True,1,0,0.523809552192687988,0,True,False,False,1787854165
2358720,233711952,schinese,"网上很多人都喷不好，世人醉你独醒？显得自己更牛？？？当然也有可能游戏都没买跟风喷。。。
我的评价是或许比不上世界级顶尖水平，但是第一梯队绝对没问题，而且还是咱们的中国元素，剧情也是重新编排的全新故事，绝对值回票价。
游戏难度也刚刚好，没魂类难，但也不会太简单。",True,1,0,0.523809552192687988,0,True,False,False,1787709275
2358720,233583719,schinese,打折入的，虽然地图引导做的不好，但地图美术真不错，支持一下国产大作,True,1,0,0.523809552192687988,0,True,False,False,1787569252
2358720,233556549,english,"jogo realmente incrivel, apenas umas coisa ruins que você se perde muito facil  nos mapas e o pior e que o jog e mau otimizado. mas fora isso e nota 8.",True,2,0,0.523809552192687988,0,True,False,False,1787530613
2358720,233516050,brazilian,"Se eu dissese o que é Black Myth: Wukong diria que ...... “ Cada batalha não é apenas contra monstros, mas contra os limites da própria alma — porque o verdadeiro poder de Sun Wukong não está na força, mas na capacidade de se transformar e desafiar os céus.”  não sou como o Sun, sou um corpo sem alma.",True,1,0,0.523809552192687988,0,True,False,False,1787495709
2358720,233498618,schinese,"通关黑猴一周目了，非常开心。从刚打开游戏时被精湛的美术所震撼，到后来逐渐沉浸于与boss的打斗和剧情的引人入胜，从鏖战一下午的白衣秀士到后面的虎先锋，在一次又一次尝试中逐渐领悟魂游的乐趣，从黑风山的层峦幽静到黄风岭的激扬秦腔，故事娓娓道来，天命人也在旅途中不断坚强意志。章末动画意蕴深长，从金池金海已干的执念，到灵山变人为鼠的“耳听怒”，黄眉与金蝉子的人性之辨，极致打斗后的掩卷沉思可以说节奏把握的相当好。
再到后面的小西天，小雷音寺苦苦寻觅而不得。小黄龙，毒敌大王，晦月魔君，土地，红孩儿，法术流和禁字诀各立功劳。白衣秀士，虎先锋，猪八戒，小黄龙，毒敌大王，二郎显圣真君，遇到难得的对手时一定是正面对抗，酣畅淋漓击败对手，成就感满满。
不过最后集齐六根后大圣残躯依然烟消云散，有一种天命人被老猴子、被灵山和天庭摆布之感，取经的意义与后来的反抗又似乎被游科在刻意消解其意义，这一章《未竟》倒是把反抗意识表达的很隐晦，感觉没有小章节探讨人性那么一针见血。
总而言之，还是很爱这款游戏！难度适中，美术效果很夯！",True,1,0,0.523809552192687988,0,True,False,False,1787479185
2358720,233498064,english,"[h3]🐒 Black Myth: Wukong[/h3]

Black Myth: Wukong looks absolutely fantastic and has a really distinctive atmosphere thanks to its Chinese mythology-inspired world. The boss designs, environments, animations, and combat effects are some of the best things about the game. The story is also interesting, especially if you're familiar with elements from Journey to the West.

The combat is generally very enjoyable, and the boss fights are definitely a highlight. However, some parts of the exploration and progression didn't feel as smooth as I would have liked, and the difficulty can feel a little uneven at times.

Still, there's a lot to like here. The visuals, atmosphere, boss fights, and unique world make it well worth experiencing. It may not be perfect, but it definitely has its own identity and manages to leave an impression.

[h3]⭐ Overall Score: 7.7/10
🐒 ""The journey begins."" 🐒[/h3]",True,3,0,0.523809552192687988,0,True,False,False,1787478575
2358720,233834976,schinese,"真是tm的弱智，巨tm多的空气墙，好几次打boss的时候明明tm的都近身了的打却tm的没反应，好几次明明可以打得过的就是因为这sb空气墙去nm的，恶心死人，打黄风大圣的时候给我打笑了，boss躲在空气墙里面我打个鸡毛啊，你们到底有没有玩过的啊哈？？cnm就是个垃圾气死人打有打不到垃圾一个

游玩地图的时候又巨多空气墙，你们自己玩的时候不tm地感到恶心吗。

抛开上面的不谈，游戏还是中规中矩的，就是多空气墙，我真的很无语cnm",False,8,5,0.523647964000701904,0,True,False,False,1787849138
2358720,235042717,english,"Overall, the game is not worth the price.

Progression feels cosmetic: You are more powerful as you progress. Just enough so every location is the same difficulty. I don't see how this makes me feel like I'm becoming the legendary Monkey King.

Attacking: Have fun spamming the same light attack for hours

Bosses: Some are done well, but a lot of it is chasing and spamming against sponges. Chapter 6 is its own essay on poor boss and level design.

I am very disappointed after waiting to get this on sale. 20 dollars it what I would value this game at.
",False,3,1,0.52173912525177002,0,True,False,False,1789160501
2358720,234911877,schinese,好玩，算上IP加成已经比法环好玩了。法环比老魂好玩很大一部分原因就是因为风景好看不压抑了，黑神话虽然还是黑暗奇幻，但风景更是赏心悦目。配乐也很不错，尤其是黄风岭的陕北说书，非常带感。二周目也是全新体验，既能体验大杀四方为一周目报仇雪恨的快感，又能不受死亡和探图的影响，流畅的看一遍剧情。游戏确实也存在一些缺陷，地图设计问题（大量影响探索欲望的空气墙和纯恶心人的独木桥），各种BUG（闪退，黑屏闪烁，雪地显示错误），CG里经常出现穿模。但总体来讲还是非常值得一玩。,True,1,0,0.52173912525177002,0,True,False,False,1789047877
2358720,234696666,schinese,推荐此游戏，弘扬中国传统文化,True,1,0,0.52173912525177002,0,True,False,False,1788788691
2358720,233987153,english,"playing wukong feels ok but bosses do not. they attack attack attack then freeze for 3 seconds, feels unnatural. most of the timings of attacks are literallty unpredictable, you just need to know. and I ended up with a bad ending because I didnt defeat a boss I hadn't even seen? yea ok",False,2,0,0.52173912525177002,3,True,False,False,1788009602
2358720,233870906,schinese,"24年9月11日，通关一周目，到现在已经五周目了，为了玩黑猴买了人生第一个手柄，先买的游戏后买的手柄，手柄还送了黑猴的本体，我说我已经买过游戏了，店铺直接给我转了268元人民币。
《黑神话：悟空》是我的第一个国产单机游戏，第一个用手柄玩的游戏，第一个动作游戏 ，第一个类魂游戏，一周目的时候我还打的很慢，三周目才学会识破，到现在我觉得我已经算得上是这个游戏的熟练玩家了。我遵循我的内心，对这个游戏的评价是：我真的很喜欢玩这个游戏！打开的时候和游玩的过程，我都是开心的！真的是开心的！
我用黑猴入门了这一类游戏，后来我又玩了剑星，也已经全成就通关了，现在我在玩只狼，刚打过了苇名弦一郎，因为黑猴买了一个手柄，又带着黑猴里学会的操作和手柄走进了其他游戏，我还会时不时地回来和这几个难缠的BOSS再过过招，就像以后我会做更多不一样的事情，走进不一样的生活，我还会时不时地再想起来24年的8月20号，我兴奋地搓着手手打开《黑神话：悟空》的那一天吧。
而且，音乐太顶了！！！！！！吹爆《黑神话：悟空》的小曲！！！",True,1,0,0.52173912525177002,0,True,False,False,1787884045
2358720,233622093,english,"Amazing story and game play.  Plays like a dark souls game, but less demanding.  Characters are original and interesting with great backstory and connectivity.  An absolute must buy.",True,2,0,0.52173912525177002,0,True,False,False,1787605896
2358720,233596922,schinese,"玩了二周目也是达成100%全收集，算是功德圆满了。
先说下游戏的优点，BOOS演出和游戏配乐真不错，在一些地图画面上设计真不错，一些小细节上看的出认真打磨了，前四章地图做的挺完善的，反而后面两张地图做的有点赶工了，有点空洞。尤其火焰山地图流程有点短，地图设计上也没前几章精细，虽然说花果山地图也比较空洞，但最后和大圣比试的BOOS战，演出音乐都拉满了，算是圆了小时候的大圣梦。
 其次缺点也很明显，无处不在的空气墙有时真的有点恶心，卡你视角和卡你走位，还有就是浮屠界这张地图，不知道为何这里反而没有空气墙，前期我玩到这，死的最多就是这张地图，一些角落的小怪阴你一手，把你打落悬崖，在加上一些独木桥上还安排一些弓箭手的小怪把你打下去，在加上第二层没有土地庙，死了就得从第一层复活点复活，经历了这些后很难不让人红温。
最后我想对游科说的是
一世名锁不住他
一道箍困不住他
但愿你们，不会辜负他。
也是期待游科的下一部作品。
",True,3,0,0.52173912525177002,0,True,False,False,1787582899
2358720,234780000,english,"8.5/10

Stunning graphics, gd gameplay, easy combat, solid story.

Blossom? Definitely.
GOAT? Maybe.",True,4,0,0.521604955196380615,0,True,False,False,1788882774
2358720,234179687,english,"BMW is an absolute beast of a game.

The boss fights are easily the highlight. Some of them completely destroyed me at first, but once you learn their patterns and stop panic-dodging everything, the combat becomes incredibly satisfying. Challenging without feeling unfair.
The visuals are phenomenal. The environments, enemy designs, animations and boss fights are genuinely incredible.
I also didn't expect to get this invested in the story and Chinese mythology. The animated stories at the end of each chapter especially caught me off guard — some of them are genuinely beautiful, dark and memorable.
I'm having an absolute blast.
If you like challenging action games, great boss fights and mythology, this is an easy recommendation",True,2,0,0.520337998867034912,0,True,False,False,1788200098
2358720,235283341,russian,"Было круто классно разносить за макакича всяких божественных очередняр. Ожидал чего-то вроде Sekiro, но оказалось, что можно тока уклоняться и боссов траить не надо (за исключением всего двоих, да и то завязанных на скрытых локах). Первые пару часов беготни по локам чет с игры плевался, но потом проникся и втянулся. Махать палкой, выписывая нереальные пируэты да еще и с кучей всяких приколюх типа обездвиживания, ухода в инвиз, превращения во всяких жестких типочков с уникальными мувсетами и способностями, призыв пацанов, с которомы настреливать по лицу боссам одно удовольствие.
Дико кайфанул с песенок гитариста без головы во втором акте :)

Из минусов отмечу какие то свистопляски с оптимизацией - помоему первая игра на моей памяти, где пришлось терпеть dlss на качество и относительно мыльные текстуры, так еще и в отдельных локах или боссфайтах фпс вообще слетал до 30-40 кадров (привет огромному увальню из финального акта).",True,1,0,0.519999980926513672,0,True,False,False,1789411922
2358720,233483158,english,"It is quite hard and I'm taking my sweet time to finish it, but it is really cool and it gets easier once you start clearing the map, gearing up and leveling up.

Performance-wise, I'm playing at 4K, maxed out settings, but with DLSS set to ultra performance (preset M). It actually looks great on my monitor (Odyssey G8 32"" OLED 4K) and, since I'm not using frame generation, this removes the micro stuttering and text/grass artifacts, while keeping the FPS at 80+ Turning FG on bumps the FPS to around 100-120, depending on the scene, but adds stuttering and horrible artifacts whenever you move the camera too quickly, as well as adding input lag quite a bit.",True,1,0,0.519999980926513672,0,True,False,False,1787460193
2358720,234684447,schinese,"声明：本评测涉及动作系统分析，不适合轻度动作游戏玩家或是首次接触动作游戏的玩家
这个游戏的评分必须分为两个维度讨论
如果轻度游玩一周目8.0/10分
如果深入研究动作系统4.0/10分
禁隐身禁分身一周目打完的感受是游戏的动作系统和boss设计非常差，在这之后又正常玩了一遍一周目，就算把官方提供的所有轮椅手段都用上也不能让游戏的战斗体验有所改善。
boss一言不合就是疯狗飞天遁地长连段，其中夹杂大量出手前摇不明显或极具欺骗性（又或是完全没有出手前摇）的快慢刀，变速刀，抽帧刀，这样的设计压根就没给你时间去目押躲避攻击。想象一下有人拿棒球棍打你，棒球棍高高举起晃了晃在一瞬间砸到你脑壳上，棒球棍没有一个由慢到快的加速过程，而是在一瞬间由0加速至非常快的速度。这样的设计贯穿黑猴全流程，最后在杨戬和王灵官等后期boss（包括大圣）集大成。
强推背板才能够运用的切手技系统，释放切手技需要先垫刀且切手技不能取消轻击，这个不能取消的设定非常致命。为什么说非常致命，因为boss招式设计问题（上面一段已经说了），无法确定什么时候会挨打，切手技也就无法运用。投技出手不明显也是一个问题，投技可以被识破但还是会被抓住，意义不明的设计。
以上两个问题结合已经注定黑猴的战斗体验会很差，想要和boss正常交互只有背板，而背板应该作为玩家在动作游戏中对敌的最终手段。游科很显然发现了这个问题（也可能没有，游科缺少专门的战斗策划），为了保证一般玩家也能通关游戏，在游戏中设计了大量强大到只能用限制蓝量来平衡强度的赖皮技能，于是造就了割裂的战斗系统。一般玩家正常通关用技能把boss一通暴打轻松过关毫无交互。当他们想要深入研究动作系统时就会发现问题。",False,5,0,0.519923985004425049,0,True,False,False,1788772363
2358720,234213635,english,"One of the best games I've played in recent years. It's a shame it didn't win the Game of the Year in 2024 but it's fine considering majority of people are having a good time with this game. 

This game respects your time. The more you play, the better you get. It's hard like really really hard at some point but learning patterns, having patience are traits to games like this. Honestly, I didn't bother at all with all these challenges because the game was meant to be hard from the start.

Wukong starts of pretty strong. The storyline is told by different chapters and each chapters unfold makes a lot of sense till the end. Also, each of the chapters has its own secrets to discover and at the end, it retold back the story with a beautiful animation.

The world is perfectly crafted. It's beautiful and has a lof of things to discover. The characters are also memorable and playing the game in Chinese definitely makes a 10 times better. It felt like watching a Chinese opera.

In the end, it was good experience from start till the end. Thank you Game Science for this peak. Can't wait for Zhong Kui to drop!",True,1,0,0.519230782985687256,0,True,False,False,1788240909
2358720,233999939,schinese,动作剧情还有细节都是非常好的一个游戏，剧情cg非常有深度，唯一让我不爽的一个点就是第三章的那个塔，太阴间了，要是其他玩家不这么认为的话，那我纯属菜逼😭，因为在那里已经摔死很多次了，太恶心玩家了,True,1,1,0.519230782985687256,0,True,False,False,1788019587
2358720,235121876,tchinese,整體來說難度非常簡單，即使完全不點棍法也能輕鬆過關，本來想給個長評把優缺點都點出來，缺點部分可能還比較多，但二郎神跟大聖殘軀的設計在魂遊裡是數一數二優秀的，是我理想中的近乎完美的好BOSS。,True,1,0,0.517241418361663818,0,True,False,False,1789238411
2358720,234043591,english,"It's a gorgeous game with cool lore and amazing boss and environment designs, but honestly, it feels like it has a huge identity crisis. It’s trying to be a mix of God of War and a Soulslike, but does both poorly.

You don't get the storytelling or character depth of GoW. The protagonist is silent, and side characters dip in and out so fast you never get a chance to care about them. That hands-off style works fine in something like Elden Ring, but here it just feels hollow. The game basically takes the worst parts of its inspirations.  the maps, while giving the impression of some openness, are super linear, but you're still forced to do really boring exploration just to keep up. Some of the side area and secret stuff is genuinely super good, but you will almost surely miss it if you aren't watching a guide.  If you skip hunting down gear upgrades, the bosses are artificially brutal. But the second you get those upgrades the combat becomes extremely easy, and you can practically stagger lock any boss.

The combat is also in a really weird spot. Basic enemies are complete fodder you can stunlock to death instantly with light attacks, but late-game bosses are the exact opposite. They just dart around (or fly) and relentlessly spam attacks with literally zero openings. I originally wanted to run a Rock Solid/counter-attack build, but it's useless because bosses just attack right through your counters and hit you anyway. Honestly, unless you're using Spear Stance for the i-frames, countering is a trap. I get that learning patterns is the point of a Soulslike, but when they never stop swinging, your only real option is spamming Immobilize just to get a turn. So instead of actual build variety, most fights just devolve into immobilize, mashing light attack 20 times, and dropping a charged heavy.  

Aside from the really good cutscenes at the end of each chapter, the game is just lacking. It misses the narrative pull of God of War and the massive, free exploration of Elden Ring. Between the unbalanced combat and tedious item hunting, it basically just boils down to a very pretty ""walk to the next boss"" simulator. 

Also, the weapon and armor that is available is a weird selection.  There aren't very many choices, and a lot are locked behind ng+.  I enjoyed using spear stance but the spear stance focused weapon got outscaled later in the game so I just had to stop using it, and it wasn't upgradeable.  The armor I liked was just bad, even when upgraded.  Odd choices,  and it really fit with the theme of the game feeling very railroaded, and like there is only one right way to play.",False,1,0,0.517045438289642334,0,True,False,False,1788059184
2358720,235073219,english,"Do you like unbalanced games that love to waste your time? Are you hankering to watch bosses attack you while you patiently wait your turn for an opportunity? Want to have your quick reflexes rewarded with a giant middle finger? Maybe you want to experience what seems like an interesting story, but you have no ♥♥♥♥♥♥♥ clue what's going on. THIS GAME IS FOR YOU!

I'll start with the cons because that's what made this game a mostly miserable experience.

[h2] CONS: [/h2]
[b] Combat [/b]
The horrible feeling of the combat is honestly what ruined this game for me. After coming off of amazing combat in games like Lies of P, Stellar Blade, and Khazan...there's so much to be desired here. You're basically going to be spamming your light attack the entire game and I might be nit picking, but the timing of the light attacks pissed me off the entire game. There is a hint of a ""parry"", which they call ""seeing through"", but it's a really ♥♥♥♥ mechanic. Essentially, you have to try and time your attack so that you can try to parry as the enemy attacks you, but the stupidest part? Your parry can just miss entirely and it happens often. Your good timing gets rewarded with nothing. As you progress in the game, enemies start to jump away from you more often, so they can also just jump away from your perfectly timed parry or, even worse, attack you a bunch and then jump away. This game is FULL of long combos from enemies and bosses. I counted 12 attacks from a boss and then when it was my turn to attack, they jumped away and then started their next combo. It's just incredibly ♥♥♥♥ boss design and pacing. And if the boss isn't annoying enough, they give them some status effects, which make the fight even more miserable. Nobody likes to watch the boss do all the cool attacks while you sit and spam dodge. Someone described this game as a dodge simulator and that's perfectly put. Towards the end of your game, your strongest spells and attacks just get negated. The bosses can literally side step your most powerful attack and break out of spells that you've dumped skill points into.

[b] Navigation [/b]
Some of these maps are so confusing and exhausting to trek through that I almost stopped playing, especially in Chapter 3. I'm obsessed with checking every nook and cranny and having no map isn't always a big deal, but so much ♥♥♥♥ looks exactly the same in this game. You don't remember where you've been or where to go next. A path splits into 3 directions. You choose one and it splits into 3 more directions. It's not fun to always be wondering which way is the way the game wants you to go to progress and which way may just have cool side quests or items to discover. And you CAN permanently miss some items if you don't explore enough before moving on. Sometimes you're running in emptiness for WAY too long and your character does NOT move at a fast pace.

[b] Story [/b]
It seemed cool, but I have no ♥♥♥♥♥♥♥ clue what was going on. I think if you knew more about Chinese myth it would have been more interesting.

[b] Music [/b]
WHAT MUSIC. You will run around in silence most of the time.

[h2] PROS: [/h2]
Beautiful environments, great English voice acting, very cool character, enemy, and boss models. The first 2 chapters are fun. That's it.

This is the epitome of edging in a video game. It could have been SO good if the combat didn't feel so ♥♥♥♥. Spammy bosses and ♥♥♥♥ mechanics completely ruined it.",False,2,0,0.51554405689239502,0,True,False,False,1789193841
2358720,233655212,english,"One of my favourite games of the past 10 years. So good I had to 100% the game played 5 full playthroughs, and wish I could grind back through it again.

Great story, brilliant graphics, and simple for how big the game is.

Playing as non verbal monkey the game feels different in the 6 acts as you go through having different voices in each, the game feels like it moves around you.",True,1,0,0.514767944812774658,0,True,False,False,1787651169
2358720,233494676,schinese,游戏很好玩但是太难了 根本不管普通玩家死活也没有设置难度调整一个boss要打好几次多的甚至要打十次 而且BOOS技能普遍无CD连喝口酒回血都做不到,False,4,0,0.514348804950714111,0,True,False,False,1787474664
2358720,234052890,schinese,"中看不中玩 实话说过誉 和国产电影一个毛病 拼死堆料堆画面 核心的体验点打磨却非常粗糙 
一个从头打到尾的游戏 动作系统做得一塌糊涂 逻辑完全不自洽 衔接非常的僵硬 轻击连击有大量无用动作 硬直条是隐藏的根本判断不了什么时候出 只能硬背 蓄力判定极其靠后 提前压键蓄力无法识别 打完直接站着发呆
地图编排说实话烂中烂 根本没法区分哪些地方是能走的哪些地方不能走 不得不通过空气墙硬卡你 敌人动作也是和法环一个毛病 上蹿下跳强霸体 
播片不让跳 老是无缝切动画和实操 动不动就被阴一个大的 稍微负载高点还容易出动画音画不同步的问题
绝大部分的优点都是用来看的而不是玩的 比如极度优秀的章末动画 但是章末动画可以说和游戏本身就没有什么必然关联 单独把动画拿出来放依然是极度优秀的动画 而游戏把章末动画抛掉可以说立刻褪色不少
说实话发售了不等于作品做完了 很多地方该打磨该优化的地方已经被游科放弃了
打完前两章目前好感度骤降 如果后面有改善再改好评
---------------------------------------------------------------
锁定和镜头调度是真不行 拉得太近跟随太慢还一直晃 还不让调视距 稍微打体积大点的boss用不了几下方向歪完 锁定状态战斗全程敌人能保持在视野中心的比例不到50% 手拉镜头还得主动解锁 不解锁吧半天方向回不正 仿佛tm的设计负责人是个斜眼 不歪着眼睛就看不到人一样
---------------------------------------------------------------
加载逻辑极其粗暴 全是一整个大地图而且没有分块 每次跨地图传送都要把一整张巨大无比的地图全部加载一遍 拿到葫芦叶子丹药之类的永久强化物品基本不可能立刻就用出去 跑一趟来回加载大半天 真是无语
---------------------------------------------------------------
支线和隐藏做得巨tm的沙口，如此垃圾、如此辨识度低、如此空气墙泛滥的地图，在tm正常人永远不会注意到的空气墙夹缝、各种蟑螂窝老鼠洞里塞隐藏，从来就没有一个游戏的地图能让我玩得如此身心俱疲
不会做地图tm的直接画直线画曲线交叉线会不会？？？tm的到处都是毫无地标的开阔地图 转来转去转来转去想找个东西绕tm半年找不到位置
---------------------------------------------------------------
交互实在是太tm烂了 被吹上天的胡先锋寅虎小黄龙就这 全是抽帧快慢刀 寅虎常态无敌这种无限瞬移出招抽帧的纯垃圾也在这吹 纯训狗 哎 不准打 不准连招 打出硬直等于控自己 小黄龙更是tm的给老子打笑了 太tm的蠢 远了要么不动要么固定冲刺 近身玩家不出招就站那啥也不干 一旦玩家开始攻击就tm的利用故意设置好的帧数陷阱恶心你 每一刀都带延迟判定 连招帧数给你卡在非完美翻滚之后一刀都不能砍的尺度 蹭一下就要彻底被tm的控死不等着这垃圾到自由态就一刀都不能出 更绝的是这垃圾玩意还有连击保护 挨打挨久了直接0帧瞬移反击 要么直接抽帧起手撩刀 连tm个爆气震开的动作都没有 强制进入攻击态0帧起手划你一刀然后直接进长连段 逆天中的逆天
---------------------------------------------------------------
第四章仍然上不了台面的地图设计在整个游戏之中竟然算得上最好的一章 至少探索逻辑是统一的 然而就这个样还是把盘丝洞这种螺旋下降的地图搞成不到boss节点就无法交汇联通的结构 真的是无语 探个图来来回回绕来来回回转 就为了找那些不知道有没有的b隐藏 我是真受不了
--------------------------------------------------------------
第五章游戏流程节奏和游戏性终于到了及格线 结果流程最短而且剧情开始散发恶臭 逆天得吓人 tm的改编你能不能把自己的世界观和人物想明白了再往游戏里防 tm的红孩儿的b设计和b台词听得我浑身难受 全程在那b叫当狗当狗 什么勾巴东西 连勾子文学都写不明白
--------------------------------------------------------------
那b杨戬做的什么勾巴 强制锁血 快慢刀抽帧神经刀比例到达了100% 演都不演了 盾条在身上有霸体我就不说什么 算你特殊机制 tm的打半天打空盾条了你tm加个强制连击保护 绝对霸体无视一切硬直 他奶奶的 一套完整的轻击连击都打不完就出连击保护了 你演勾巴呢 还有那b剑枪连击 起手到砍出第一刀竟然是无敌 绝了
变身一半直接锁了不让用 只要杨戬变鸟就不可能躲过 必定强制回归常态 剩下一半杨戬变老虎的都带属性攻击 而只要杨戬被上了异常立马强制附魔属性暴增
三阶段开始更是演都不演了 无视动作前摇后摇衔接合理性随意组合全部模组 还tm有真连击 蹭到就被秒 真nm的顶级中的顶级
又臭又长纯训狗
--------------------------------------------------------------
第六章做的真有你的游科 这么无聊这么空旷这么垃圾的地图还能出现穿模秒杀的bug 无敌了
--------------------------------------------------------------
大圣残躯做得真是彻底无语了 最重要最核心的一场战斗还是只会堆演出 动作和判定做得狗屎一样 整个战斗舞台巴掌点大的地方还tm有空气墙卡位 都到tm的结束了还乱放空气墙你tm到底想干嘛？？？？
都什么时候了连大圣残躯都还有ai罚站和强行切动作的bug 你tm做这一整部垃圾不就为了最后打大圣这一碟醋吗？？？？？！！！！！
我tm的连醋都是馊的是吧？？？
还有那b老猴子在那瞎几把扯什么蛋 你一整个游戏对成佛之前的事情有塑造吗就搁那唧唧歪歪？？？
更多的剧情槽点我实在是不想细说了 实在太tm烂 全勾巴是悟空传斗战神西游日记那一套烂到发霉生虫的东西
没点b数多看点好的行不行？？？ 你们眼里大话西游核心就是和白骨精谈了场恋爱？？？？
86版电视剧 后来的西游记后传 99版动画 后来的央视版美猴王 2010版西游记动画 哪一个剧本能写成你们这个b样的？？？
不用上价值连tm点基本的逻辑和起承转合都没有 真是无敌了
--------------------------------------------------------------
终于结束了 释怀了 滚出我的电脑吧
打大圣残驱前八戒问我我配吗
我现在原封不动的把这话还给游戏科学 你tm配吗？？？ 啊？？？  
好东西全tm糟蹋完了
从今以后游科的产品永远不会再碰",False,9,4,0.513513505458831787,0,True,False,False,1788070256
2358720,233639773,english,Someone needs to teach the devs how to design bosses to make them actually fun while also being challenging instead of just so stupidly overpowered that it makes you want to quit,False,8,3,0.513169288635253906,1,True,False,False,1787627658
2358720,234971438,english,"Cant recommend, of any souls like game this has by far the worst combat.

The problem is the weapon and its animation, often pressing the attack ONCE will start multi second animation of the monkey spinning his staff in fancy ways around himself, stabbing it in ground and literally pole dancing around it or just spinning it in hand in circles or doing to show off and do nothing to the enemy where you are stuck and open to attacks and cant stop it. Not even the slowest attacking weapons in From games lock you into 5 second long animations with every attack, worse is that heavy attacks can have 5-10 second windup and take another 5 to do the attack, entire fight may pass before you do it so you will stop using any attacks outside of basic ""fast"" one, making for the most shallow and most repetitive combat experience.

Would be fine if bosses didnt hit you for 50% of hp with every attack, often its possible to be stuck so long in an animation that the boss runs across the arena and back before your single button press attack ends.

Just too clunky, turns the great spectacle into a frustrating experience where you are just fighting the controls instead of the enemies.
Just play wuchang, dark souls, ai limit, khazan, elden rings or a milion other simillar games, they all come with better gameplay.",False,7,8,0.512282252311706543,2,True,False,False,1789086176
2358720,233804658,schinese,是游戏变难了还是我老了，一年前用室友电脑，几个小时就打到第三章了，甚至第二章的黄风怪我都没拿那个特工道具硬是顶着机制磨死的，现在重新来玩，七个小时了还在第二章挣扎......唉，年纪大了干什么都心酸。,True,1,0,0.512195110321044922,0,True,False,False,1787818819
2358720,234603754,schinese,满地图空气墙，感觉就是个半成品游戏，花果山那一章更是粗制滥造，越玩越难受。,False,1,0,0.511111080646514893,0,True,False,False,1788685474
2358720,233516019,schinese,作为国内少有的高质量的3A大作，整体还是很不错的，工期紧了点，有些地方欠打磨，期待下一部作品,True,1,0,0.509153306484222412,0,True,False,False,1787495681
271590,233762053,english,"Having to install anti cheat to launch the SINGLE PLAYER game is a joke, i've agreed to several EULAs in the past -to play the SINGLE PLAYER version - and every time I want to play, there is a new EULA to sign and some new bloatware they want to shove in with it.",False,38,3,0.694377362728118896,5,True,False,False,1787767502
271590,233718669,russian,"Гта 5 такая же легендарная как в детстве,сейчас прохожу сюжет игры,и главное сюжет проработан до мелких деталей,Рокстар делал годные игры как Юбисофт,но надо юзать их лаунчер,это не проблема играть в гта 5,10 Франклинов из 10",True,12,1,0.623260319232940674,4,True,False,False,1787718386
271590,234120018,english,"Can't play a game I bought because my Steam account is associated with en email I no longer have access to and dealing with Rockstar customer service is about as delightful an experience as living in Palestine. Can't get a refund either because having the launcher opened trying to figure out a solution counts as time played

Can't wait to pirate GTA VI",False,17,5,0.615704596042633057,0,True,False,False,1788129075
271590,234373327,english,"I have been playing this game for 6 years across two different accounts, and i have +2000 Hours Time Play Of This Legend. even after all this time, I still haven't found a game better than GTA V.
Grand Theft Auto V is still one of the best open-world games I have ever played.
The Story Mode has an amazing story, memorable characters, and a huge world to explore.
Franklin, Michael, and Trevor each bring something different to the experience.
The missions are fun and the world feels alive even when you're not doing a mission.
Los Santos is incredibly detailed, and there are always new things to discover.
GTA Online makes the game even better with tons of activities and content.
Playing with friends makes the experience much more fun and entertaining.
There are many vehicles, businesses, races, missions, and different ways to play.
I also really like how GTA Online has continued to receive new content over the years.
The driving, graphics, sound, and overall atmosphere are still impressive.
Even after many hours, the game doesn't feel completely repetitive.
You can play it casually or spend hundreds of hours building your own progress.
GTA V is definitely a game I would recommend to anyone who enjoys open-world games.
Overall, it's an incredible combination of Story Mode and Online that is still worth playing.",True,7,0,0.607819259166717529,0,True,False,False,1788440892
271590,233936070,english,"⭐⭐⭐⭐⭐

Grand Theft Auto V Legacy — A Thesis on Chaos

> “Man is born free, yet everywhere he is surrounded by loading screens.”



After completing GTA V Enhanced, I decided to return to Legacy.

At first, I thought I was simply playing an older version of the same game.

I was wrong.

I had encountered the Legacy experience.

Enhanced represents technological progress: better lighting, more detailed environments, more demanding graphics. But Legacy asks a deeper question:

Does technological progress necessarily produce a better existence?

I answered:

No.

And suddenly, Schopenhauer made sense.


---

The Ontology of 720p

I play at 720p on Low settings.

Some may see this as a limitation.

I see it as freedom.

1080p asks:

> “Why do you not demand more?”



720p asks:

> “What is enough?”



This is not merely a graphics setting.

It is a philosophical position.


---

The Will to Chaos

Then I discovered Chaos Mod.

Every few moments, reality itself becomes uncertain.

Cars appear where they should not.

NPCs lose their understanding of causality.

Physics becomes a suggestion rather than a law.

At this point, Nietzsche's philosophy becomes unavoidable.

The player must overcome the ordinary boundaries of gameplay and become something greater:

The Über-Gamer.

And then comes the inevitable question:

What if I spawn 30 Boeing 747s on the highway?

Kant cannot answer this.

Hegel would probably call it a dialectic.

Marx would describe it as a class struggle between highway infrastructure and aviation.

Newton would simply resign.


---

The LSPD Problem

Eventually, the Los Santos Police Department arrives.

I run.

They chase me.

Traffic collapses.

The highway becomes an airport.

Thirty 747s exist where cars were supposed to be.

Chaos Mod continues operating.

I begin questioning my own existence.

The planes fall off from the sky.

Yet the game continues.

And here we discover the fundamental truth of Legacy:

> Performance may decline, but the will to chaos persists.




---

Legacy vs Enhanced

Enhanced gave me technological progress.

Legacy gave me freedom.

Enhanced asks:

“How realistic can Los Santos become?”

Legacy asks:

“How many aircraft can the highway philosophically contain?”

I know which question matters more.


---

Final Verdict

GTA V Legacy is not simply an older version of GTA V.

It is a philosophical experiment disguised as an open-world game.

It is about freedom.

It is about limitation.

It is about technology.

It is about chaos.

It is about the eternal human desire to put completely inappropriate vehicles on roads.

Thesis: Modem.
Antithesis: Excavation crew.
Synthesis: No internet.

Final synthesis: GTA V Legacy with 30 Boeing 747s on the highway.

Veni, vidi, Legacy.

⭐⭐⭐⭐⭐

Recommended. Even Kant would probably buy it. 💀🗿✈️",True,5,2,0.598540186882019043,0,True,False,False,1787952600
271590,234591041,schinese,神游，小时候看同学拿手机玩侠盗猎车手真的惊为天人，那时候回家之后怎么找都找不到，甚至我以为自己当时记错了，根本没有那么自由的游戏，直到我有了电脑，刷到了gta5，我又找到了童年时期的惊鸿一瞥，这个让我朝思暮想的身影，我小时候曾与圣地亚哥擦身而过，长大之后终于在洛圣都找回了遗憾,True,6,0,0.589131057262420654,0,True,False,False,1788670608
271590,233515412,russian,"Я очень доволен этой игрок. Я в первый раз начал играть в гта 5 когда мне было лет 8 или 9 и начал играть на xbox360 тогда она меня просто поражала самая продуманная игра , прошло несколько лет и досих пор играю в одиночный режим или онлайн и вспоминаю как я раньше в неё играл..",True,4,0,0.583333313465118408,0,True,False,False,1787495224
271590,235141678,english,"It's kinda like [url=https://store.steampowered.com/app/3240220/Grand_Theft_Auto_V_Enhanced]GTA V Enhanced[/url], but instead of Enhanced, it's Legacy.
It's also kinda like GTA VI, but instead of VI, it's V.
It's also kinda like a decent game, but instead of decent, it's good.

[spoiler]I liked stealing cop cars and driving along the west coast.[/spoiler]",True,4,4,0.575055181980133057,4,True,False,False,1789255220
271590,234208582,english,"Grand Theft Auto V – Timeless Open-World Classic
Despite releasing over a decade ago, GTA V still stands as one of the best open-world games available on Steam in 2026. It perfectly blends a cinematic single-player campaign, a living, interactive open world, and endless multiplayer fun, offering incredible replay value that most modern AAA titles simply cannot match.
Single-Player Experience
The offline story is the game’s greatest strength, featuring a unique three-protagonist system that remains revolutionary to this day. Switching between Michael, Franklin, and Trevor brings constant variety to missions, ranging from thrilling heists and high-speed chases to dark comedic story moments and sharp social satire. The characters are well-written and memorable, with a compelling plot and tons of high-quality side content, easter eggs, and exploration opportunities. The entire campaign is polished, engaging, and well worth the price alone.
Incredibly Immersive Open World
Los Santos and Blaine County create one of the most detailed, alive game maps ever made. With a dynamic day-night cycle, realistic weather, lifelike NPC and traffic behavior, and diverse environments including cities, suburbs, mountains, deserts, and oceans, the world always feels active and authentic. Every corner hides secrets and unique details, making free-roaming exploration endlessly enjoyable. The enhanced PC update adds ray tracing, improved textures, and modern upscaling support, keeping the game visually competitive even today.
GTA Online: Endless Gameplay With Noticeable Flaws
GTA Online is why the game has stayed popular for over ten years. It delivers massive amounts of multiplayer content, including heists, races, stunts, businesses, and full character/vehicle customization. Regular free updates keep the game fresh, offering thousands of hours of fun especially when playing with friends.
However, the online mode has clear downsides. The in-game economy forces heavy repetitive grinding for new players, and Shark Card microtransactions feel predatory and outdated. Public lobbies still suffer from hackers, lag spikes, and occasional crashes. Solo players will find progression slow and tedious, while private lobbies with friends offer a far better experience.
PC Performance & Optimization
The Steam PC version is the definitive way to play GTA V. It features excellent optimization, running smoothly on both low-end and high-end hardware with support for high resolutions and high refresh rates. Load times are greatly improved, and full controller support, customizable settings, and a massive modding community further extend the game’s lifespan infinitely.
Final Verdict
GTA V is a genre-defining classic that ages like fine wine. Its phenomenal single-player, unmatched open-world design, and unlimited replayability easily outweigh its online monetization and hacking flaws. Whether you prefer solo storytelling or chaotic multiplayer fun with friends, it is an essential staple for every Steam library.
Rating: 9/10 — A timeless open-world masterpiece with minor modern drawbacks.",True,3,1,0.551724135875701904,0,True,False,False,1788232223
271590,235072408,schinese,"好吧，目前纯玩，游戏时长最长的一个游戏了，400多小时的萌新。整体来说，对我而言，可能失望更多些。

从线下模式开始谈，故事模式才是这游戏吸引我的根本所在，但是，实际体验下来，对于整部剧情我没觉得有多么出彩，但也不至于说不好。而且感觉很多剧情的设计，让我觉得它不是为了讲好故事，而是为了把它的玩法展示出来，让你去体验他的一些玩法设计。而且，三人角色切换的这种设计确实很不错，但从我的体验来讲，它形成了一种割裂，让故事的沉浸感反而变弱了，没办法把自己代入到故事中去。   其次，NPC互动上，如果要求不高的情况下没问题，但是和大表哥2比起来，我觉得差的不是一星半点了。当然毕竟年份在那摆着，有时代局限性很正常。

接下来是线上模式，这也是我最不喜欢的一部分，我不敢说它这个东西好不好，起码对于“独狼、全成就”的我来说，这玩意是一点都不适合我，所以也提醒各位，如果有跟我是同一种类型的玩家，还是别碰它了。首先，单人玩能不能玩？肯定是能的，但是可玩性就没多少了，能单人刷的就那么几个，反反复复的就为了刷点钱，搞资产确实有收益，但是那收益还真就不如刷刷德瑞合约来的快，独狼玩家满仓出货想也别想，送不完。 还有公开战局，疯狗遍地，见人就打，想正常玩游戏那就只能自己开战局，公开送货的加成，别想！    从成就来看，联机成就难不难？难，也不难！如果你有三个固定的搭子（时间充足，不吵架），那这个游戏全成就不难，你们只需要一起玩，一起培养角色，一起磨合就可以了。如果你这个三个固定搭子，恰好是三个大神，那你对来说，全成就可太简单了，毫无难度，一路躺着完成。但如果你跟我一样是，独狼玩家，那你就等着遭罪吧，大多数成就要求4人以上，遍地求人，四处找人带，好话说尽，偶尔碰到素质不好的，作为新人还得忍着挨骂几句，我玩个游戏图的就是开心，怎么感觉越玩越卑微，任务过了，生一肚子气，图什么。最难的成就“罪神”实在忍不了了，刷出来的，当初也是和朋友一起，尝试几次罪神2，打了几天，没过去，心态炸了。其实没多难，多打几次掌握了打法还是挺简单的，但是学习成本太大了吧！！谁也不是24小时打游戏，一天也就能玩个2-3小时，，一旦失败一次，就要从头打，前边的任务就要打上几天，才能又打到上次死的地方。，，这种死亡学习成本，从中体会不到过关的快乐，只有一次次的无奈和想砸键盘。好像一共29个任务吧。每个任务都得20分钟左右，2人过一遍，3人过一遍，4人过一遍，这种安排是实在没啥任务可做了吗？还是故意拖延玩家的游戏时长？

总的来说，这个游戏只能说真的不适合我吧，ps4时代玩的大表哥2，那时候还没出线上模式，当时着实把我震惊，成功把我吸粉。无论是画质还是NPC互动，以及剧情的深度，都戳在了我的喜好上。所以这次听说GTA6的发售，还是非常兴奋的，所以打算把5拿出来感受一下，只是没想到这次感受这么糟糕，尤其是这些年r星的策略还是主推线上模式，所以GTA6大概率我是不会入了，遭一次罪就长记性了。当然，除非GTA6能改变策略，故事模式和线上模式独立分成两个互不相干的两个游戏，成就互不打扰，如果真能这样，那故事模式我是必入的。但，，这就是幻想，，没啥可能！",False,5,0,0.545535564422607422,0,True,False,False,1789192814
271590,235222535,german,"GTA V ist für mich einfach eines dieser Spiele, die man immer wieder spielen kann. Mittlerweile 1.800 Stunden in dem Spiel und ich hatte über die Jahre einfach unglaublich viel Spaß damit.

Die Grafik sieht auch heute noch richtig gut aus, die Story ist stark und vor allem der Online-Modus bietet extrem viele Möglichkeiten. Ob alleine oder mit Freunden – es gibt eigentlich immer irgendetwas zu machen.

Auch GTA RP hat mir sehr viel Spaß gemacht. Gerade durch die verschiedenen Server, Charaktere und Geschichten entstehen teilweise richtig gute und lustige Momente. Allerdings muss man ehrlich sagen: RP kann extrem zeitfressend sein. 😅 Wenn man einmal richtig drin ist, gehen die Stunden einfach vorbei.

Jetzt bin ich natürlich umso gespannter auf GTA 6. Besonders geil: Der Release am 19. November fällt genau auf meinen Geburtstag. 😂🎂 Ein besseres Geburtstagsgeschenk kann man sich als GTA-Fan eigentlich kaum wünschen.

Insgesamt für mich ein absolutes Kultspiel, das mich über viele Jahre begleitet hat. Fast 1.000 Stunden sprechen wohl für sich – klare Empfehlung und jetzt heißt es warten auf GTA 6! 🔥",True,3,0,0.545454561710357666,1,True,False,False,1789335367
271590,234710375,brazilian,"Jogabilidade muito boa, gráficos bons, o problema são os jogadores mesmo que são meio tóxicos mas tirando isso, é uma maravilha. Sentiremos saudades, adeus GTA V, bem vindo, GTA VI.",True,2,0,0.545454561710357666,0,True,False,False,1788800548
271590,234086737,schinese,"21世纪最伟大的作品之一，童年时期最纯真的梦想，陪伴一代又一代的玩家成长。
传承版早就是广大玩家心中对gta5最深刻的印象点，在我更换设备前，它就是我为数不多能畅玩的游戏了。
致Rockstar的创作精神，致我儿时的梦想，
致本部伟大神作！",True,4,1,0.545454561710357666,1,True,False,False,1788102954
271590,233504914,koreana,"아메리칸드림의 허상을 통렬하게 발라내는 서사적 냉소와, 살아 숨 쉬는 로스 산토스라는 가상 도시를 축조해 낸 기술적 야심이 가장 완벽한 균형을 이루는 21세기 오픈월드의 절대적 이정표.",True,2,1,0.545454561710357666,0,True,False,False,1787485751
271590,234815239,brazilian,"Recomendo pela campanha. Alternar entre três protagonistas no meio de um assalto é uma sacada que funciona muito bem, e a direção dos golpes, com fase de preparação e escolha de abordagem, dá peso a cada missão. Los Santos tem densidade de detalhe que poucos mundos abertos alcançam e a direção de veículos é gostosa sem virar simulador. O online é outro jogo e não é o que me prendeu. Pela história sozinha já paga as horas.",True,3,0,0.545316100120544434,0,True,False,False,1788922270
271590,234708974,english,"Very fun, A classic if your bored or just want a fantastic story game. Highly recommend for its freedom, extremely large map and main storyline. Great game.",True,2,0,0.54356849193572998,0,True,False,False,1788799432
271590,234359696,russian,"За первую тыщу часов про меня написали песню, остальные часы мне ее включали на задержаниях. Советую всем сыграть и послушать этот шедевр - Алина Растафари.",True,1,1,0.525547444820404053,0,True,False,False,1788421937
271590,235354126,brazilian,"jogo muito bom, visitei a casa do meu amigo e joguei bastante, ta eu miguel e a yasmim aqui vendo esse jogo magnifico nesse lindo pc gamer do guilhermizinho, obrigado guilherme por deixar eu jogar esse jogo, beijos, te amo.",True,1,0,0.523809552192687988,0,True,False,False,1789503597
271590,235168420,english,played on B-hood server the best server until now i will try out on fiveM and see how it goes i cant stop playing,True,1,0,0.523809552192687988,0,True,True,False,1789287711
271590,235089934,turkish,"500 Saatin Özeti:Los Santos'ta geçirdiğim süre boyunca muhtemelen milyarlarca dolarlık hasara sebep oldum.Trevor ile çölün ortasında elbise giymiş şekilde uyanmaktan bıktım.Oppressor MK2 kullanan veletlerden kaçmak için harcadığım eforu gerçek hayatta harcasam olimpiyat sporcusu olurdum.Heist yaparken tam sonda oyundan çıkan o ""Rastgele Oyuncu"" (Random), eğer bunu okuyorsan sana hala kırgınım.Şaka bir yana, 500 saattir her saniyesinden keyif aldığım, arkadaşlarınızla girince asla sıkılmayacağınız bir başyapıt. Eğer bu inceleme size bir şeyleri hatırlattıysa veya yüzünüzü güldürdüyse bir ödülünüzü alırım dostlar, puan dükkanında gözüm var!",True,1,0,0.523809552192687988,0,True,False,False,1789212538
271590,234924510,russian,"Легендарная игра, топовый сюжет и возможность играть в мультиплеере. Берите не пожалеете",True,1,0,0.523809552192687988,0,True,False,False,1789058810
271590,234700668,brazilian,"Esse jogo é muito bom, recomendo para qualquer pessoa que gosta de bagunça😁",True,1,0,0.523809552192687988,0,True,False,False,1788792384
271590,234674749,koreana,이게임은 전직은행강도와 흑인갱스터와 보약 파는 아제가 주인공이며 오토바이 비스무리한게 날아다니며 미사일을 쏘고 베트카 같이 생신차가 제트엔진을 달고 부스터를 쓰며 시민들은 택시를 타면 팁으로 130만원을 주는게 상식인 게임임,True,1,0,0.523809552192687988,0,True,False,False,1788756722
271590,234614740,polish,"jedna z lepszych gier rockstara, fabuła topka, mozna sie fajnie pobawić po przejsciu na 100% ale online po ostatnich aktualizacjach sie skurwił",True,1,0,0.523809552192687988,0,True,False,False,1788696854
271590,234485382,spanish,"a mi amigo tigre y ami nos gusto, nos cambio la vida al ir al tacon, vivimos algo que nunca pensamos vivir alguna vez",True,1,0,0.523809552192687988,0,True,False,False,1788561448
271590,234441286,ukrainian,"Попередньо маю сказати, що я граю в ігри, по перше, заради сюжету і вже по-друге заради геймплею

Сюжет дуже кривий і місцями зовсім незрозумілий. Створюється враження, наче його робили в процесі створення гри. Наприклад я не розібрався б у ньому без ютубу. На моменті появи Тревора, а точніше їх зустрічі із Майклом, я повністю втратив сенс всього, що я роблю. Якщо в інших іграх все відбувалося логічно й згідно канону, то тут я на початку постійно ставив собі запитання: ""Для чого ми це робимо?"", ""Яка у нас мета?"", ""Як це пов'язано із сюжетом?"". Згодом я просто забив на це і почав кайфувати від геймплею гри, який і вивіз для мене усю гру

Головну лінію сюжету гра не розповідає, її потрібно самому продумувати в голові. Всю гру тобі доводиться виконувати різноманітні місії, які розкривають персонажів, але не основний сюжет. Тобі про щось натякнуть в інтро-місії, що потрібно буде розтлумачувати самому, і потім повернуться до цього аж у кінці. Це і є весь сюжет гри ;) 

Отже гра про розкриття характерів персонажів, після якого кожна людина сама обере кінцівку, яку вважає правильною для себе. Спеціально не буду спойлерити кінцівки для тих, хто проходить або проходитиме гру.

На мою думку жодна з кінцівок не є канонічною, бо жодна з них не є досконало логічною. Багато хто вважає другу кінцівку найбільш логічною з усього, що є (хоча прихильників третьої ще більше :D). Але проходячи паралельно побічні місії, у мене з'явилося багато запитань щодо її канонічності. Окрім того Rockstar ніколи публічно не заявляли яка з кінцівок є канонічною, що підтверджує мою тезу

А от щодо геймплею і самих місій - це найкраща гра, в яку я коли-небудь грав. Навіть мій улюблений кіберпанк не дотягує до такого крутезного геймплею і настільки офігезних місій (так, до самих місій у мене питань немає, а от до сюжету є :D). Тут розробники постарались і зробили те, за що, я думаю, цю гру і полюбили

Хоча у мене є багато питань до керування різноманітним транспортом, я вважаю цю гру геніальною і брав би щоб просто насолодитися нею, не думаючи ні про що. Очевидно я буду повертатися до неї допроходити побічні місії і звичайно ж у онлайн. Гра зайде тим, хто любить криміналістику. Але раджу її пройти усім, хто збирається її проходити",True,1,0,0.523809552192687988,0,True,False,False,1788521731
271590,233995864,brazilian,"GTA Legacy é uma experiência muito divertida para quem gosta da franquia. O jogo mantém a essência de GTA, com bastante liberdade para explorar, dirigir, fazer missões e simplesmente sair causando pelo mapa. A ambientação é muito boa e a variedade de atividades faz com que o jogo não fique enjoativo tão rápido.

A jogabilidade é bem agradável e, mesmo tendo alguns pontos que poderiam ser melhorados, no geral a experiência é bastante positiva. É aquele tipo de jogo que você pode abrir sem ter um objetivo específico e acabar passando horas jogando.

Para quem gosta de GTA e procura uma experiência para se divertir e explorar, vale bastante a pena. Com alguns ajustes e melhorias, poderia ficar ainda melhor, mas no geral é um ótimo jogo e uma experiência que recomendo.
",True,1,0,0.523809552192687988,0,True,False,False,1788016491
271590,233942229,portuguese,"Sou muito fã da franquia e esse é facilmente um dos meus favoritos. A história é excelente, os personagens são muito marcantes e Los Santos é um mundo aberto absurdo, cheio de coisas para fazer. Já perdi muitas horas nesse jogo e provavelmente vou continuar perdendo 😂. É daqueles jogos que sempre dá vontade de voltar. Recomendo demais!",True,1,0,0.523809552192687988,0,True,False,False,1787958611
271590,233722294,english,"Story mode is good. It might be boring after a while but much fast-paced than rdr2.

GTA Online is pure fun too. Heists, businesses, races, PvP, co-op with friends, and public lobbies are just pure warzone. It can be grindy, so play accordingly to your own risk.

Overall 9/10 game :)",True,1,0,0.523809552192687988,0,True,False,False,1787724273
271590,233528247,turkish,Oyunun hikayesi güzel ama online da biraz sıkıntılar var bir mağazaya girince siyah ekran veriyor mecbur alt f4 çekmek zorunda kalıyoruz ama öneririm 10 numara bir oyun başyapıttır kendisi...,True,1,0,0.523809552192687988,0,True,False,False,1787504977
271590,233519995,brazilian,"É muito divertido, principalmente para jogar com amigos. Tem bastante coisa para fazer, missões, carros e atividades diferentes. Recomendo para quem gosta de mundo aberto e multiplayer.",True,1,0,0.523809552192687988,0,True,False,False,1787498586
271590,233390499,german,"GTA V ist und bleibt Story technisch, sowie von der Atmosphäre und vielem anderen nicht das beste, aber ein verdammt gutes GTA das absolut spielenswert ist.
10/10

GTA Online hat unfassbar viel zu bieten und ist auch alleine extrem lustig und gut.
11/10",True,1,0,0.523809552192687988,0,True,False,False,1787365970
271590,233379603,latam,"Juego muy divertido, lo jugue en varios lados, y ternerlo devuelta para poder jugarlo con amigos",True,1,0,0.523809552192687988,0,True,False,False,1787353201
271590,233327974,russian,"Игра хорошая прикольная особо онлайн проекты
Но бывает ошибки что Rockstar Launcher не видит стим м версию и как это фиксить я не знаю",True,1,0,0.523809552192687988,0,True,False,False,1787302698
271590,233206135,koreana,"핵쟁이만 아니면 더 극찬했을 작품.
이만한 게임이 없음.



● 게임성 ★★★★★

● 조작감 ★★★☆☆

● 그래픽 ★★★★☆

● 스토리 ★★★★★

● 편의성 ★★★☆☆

● 가성비 ★★★★☆


★★★★★",True,1,0,0.523809552192687988,0,True,False,False,1787156878
271590,234358809,german,"Es ist ein sehr liebliches und fröhiches spiel, es kann euch helfen den Kindern das Autofahren beizubringen :)",True,1,2,0.52173912525177002,0,True,False,False,1788420284
271590,233888898,russian,"лучшее во что я играл, сюжетка прекрасна, онлайн веселый и интересный, рпшеры ♥♥♥♥♥♥♥♥",True,1,0,0.52173912525177002,0,True,False,False,1787908840
271590,233199795,spanish,"Grand Theft Auto V, conocido como GTA V, es uno de los videojuegos más populares de la saga Grand Theft Auto y uno de los títulos de mundo abierto más reconocidos de los últimos años. Desarrollado por Rockstar Games, el juego combina acción, conducción, exploración y una historia llena de situaciones inesperadas.

Uno de los aspectos que más destaca es su historia, protagonizada por Michael, Franklin y Trevor, tres personajes muy diferentes que terminan trabajando juntos en distintos golpes y negocios ilegales. Cada uno tiene su propia personalidad, problemas y objetivos, lo que hace que la historia sea variada y entretenida. Además, poder cambiar entre los tres personajes durante determinadas partes del juego hace que las misiones sean mucho más dinámicas.

Otro punto fuerte es el mundo abierto. Los jugadores pueden recorrer libremente la ciudad de Los Santos y sus alrededores, utilizando autos, motos, aviones, barcos y otros vehículos. También existen muchas actividades secundarias, como carreras, deportes, compras, exploración y diferentes desafíos, por lo que no es necesario limitarse solamente a las misiones principales.

Los gráficos y la ambientación también son destacables. A pesar de que el juego fue lanzado originalmente en 2013, Rockstar consiguió crear un mundo bastante detallado, con diferentes zonas, personajes y situaciones que hacen que la ciudad parezca estar viva. La banda sonora y las emisoras de radio también aportan mucho a la experiencia.

Por otro lado, GTA V tiene algunos aspectos negativos. Algunas misiones pueden resultar repetitivas después de varias horas y ciertas actividades secundarias no tienen tanta profundidad como otras. Además, el contenido del juego está dirigido a un público adulto debido a su violencia, lenguaje y temáticas.

En conclusión, GTA V es un juego muy completo y entretenido, especialmente para quienes disfrutan de los mundos abiertos y de tener libertad para explorar. Su historia, sus personajes y la gran cantidad de actividades disponibles hacen que siga siendo un juego muy interesante incluso muchos años después de su lanzamiento. Aunque tiene algunos aspectos mejorables, es fácil entender por qué se convirtió en uno de los videojuegos más conocidos y exitosos de la historia",True,2,0,0.52173912525177002,0,True,False,False,1787150873
271590,234082249,latam,Mi principal juego favorito que he disfrutado hasta ahora con mi hermano... ahora a esperar que se salga el GTA Vl para poder jugarlo con mi hermano en la pc se que va a demora pero no importa la espera valdrá la pena gracias Rockstar por hacer feliz a sus fans!!,True,1,0,0.518518567085266113,0,True,False,False,1788099596
271590,235503766,spanish,"El papu gta con papu mod llamado papu los santos red esta bien papu fantastico.

1000+ papupoints",True,1,1,0.516129076480865479,0,True,False,False,1789693835
271590,235340711,russian,"Игра очень классная скучно мочти никогда не станет после прохождения сюжетки можно попробовать пройти игру на 100%
",True,1,0,0.512195110321044922,0,True,False,False,1789490541
271590,233524669,english,"[h3] A Rockstar Classic [/h3]

Honestly, GTA V is still such a fun game even after all these years. I stopped playing the Story Mode once the Enhanced Edition came out, but I still regularly come back to the Legacy version mainly because of FiveM.
There’s just so much you can do on FiveM, and it’s probably the main reason I still have Legacy installed. The graphics definitely still look alright too. Obviously they’re not going to look amazing compared to newer games, but you really can’t complain when the game originally came out in 2015.
Still holds up really well, and I’ve had way too many good memories on this game. Definitely recommend it if you’re into FiveM.

[b]My Honest Rating:[/b] 10/10 nothing could go wrong this game is just everything and for someone that played this since 2014 i would say this is the best story mode i have played non stop for many years it is just very well made, lets hope the new gta 6 will be as good as this game.",True,2,0,0.506896555423736572,0,True,False,False,1787502108
271590,234281170,english,Played it it was fun but I linked the wrong account when i first got it lost that email a while ago but it stayed logged in now I have a new pc and I cant unlink account sent support tickets through rockstar support and called multiple times still wont unlink the account waste of 60$,False,2,0,0.506626427173614502,0,True,False,False,1788321132
271590,234046964,english,"the controls in this game are trash, swimming trash, driving trash, movement trash, online players trash, npc  trash, interactions trash. dont think ive ever gotten this annoyed playing a video game before",False,2,0,0.506626427173614502,0,True,False,False,1788063212
271590,235100804,english,"It's good. However the amount of bugs still remaining in this game that legit breaks saves, and progress in missions is completely unacceptable for a game that is still being updated so many years later. Like honestly, how? Too often characters get stuck during missions and you must restart. This game could've been considered great but is held back due to neglect by the devs. 7/10",False,1,0,0.501895368099212646,0,True,False,False,1789222349
271590,235532486,schinese,作为开放大世界都市游戏，无论是自由度，可玩度，剧情，现实感等都是非常顶尖的，我非常推荐,True,0,0,0.5,0,True,False,False,1789737633
271590,235526696,italian,In questi 13anni che gioco a gta5 l ho finito perlomeno una ventina di volte e iniziero un altra partita per dargli l addio per poi iniziare gta6,True,0,0,0.5,0,True,False,False,1789730693
271590,235523696,brazilian,"yes, because the game contains realism,entertainment,etc . it only takes time to complete the installation",True,0,0,0.5,0,True,False,False,1789726451
271590,235516324,english,"the highest grossing piece of media sucks. really makes you think !

the list of sins includes the following, though i might not even be aware of all the issues (lol).
like most rockstar games, the game wasn't made for pc so you will immediatly be confronted with a myriad of problems, like needing to lock the fps bc the engine craps itself if your fps gets too high and poor controls. after 30 hrs, the aiming still feels bad (because it was designed for autoaim, like u get on console) which makes anything that isn't driving pretty unfun and driving itself tends to be frustrating given the npcs are somehow worse at driving than i am

this game forces u to download a launcher you don't actually need for anything (bloatware) which likely sucks u dry for telemetry as well and in order for me to actually be able to close the game, i need to manually kill the processes associated with both the game and the launcher because otherwise the game keeps using resources despite me having exited to desktop in game. Wonderful!

i found the progression not that fun either, by the time u really get to buy any of the business properties u dont need the money they make anymore, and even then they don't really give you that much. it falls flat on its face, especially given most of the missions to do with them are kinda generic (drive here in x time, and so on). consistent ways of grinding money (taxi driving, arms dealing and so on) are repetetive and tend to not be worth your time as opposed to just progressing the story (so why do they exist other than to be padding/filler)

im glad i at least tried it, given its financial reputation, but i don't recommend it at all to anyone (and i don't understand how it got there) on pc. i picked it up cheaply at least, there is at least that lol",False,0,0,0.5,0,True,False,False,1789714083
271590,235514806,english,"mechanically incoherent in every way and unplayable on any public server unless you love being called slurs and exploding every second. barely a game. fun is possible, yet somehow not in any way intended by the developers. i hate it.",False,0,0,0.5,0,True,False,False,1789711398
271590,235513582,schinese,非常不错，低配也能畅玩剧情，打折入手一点不亏。,True,0,0,0.5,0,True,False,False,1789709138
271590,235480774,spanish,"El juego perfecto, pase demasiadas horas en todos los modos, tanto en la campaña como en el online, pero donde mas jugue fueron en servers de rol, la verdad la pase de 10 en todos, juego mas que recomendado y encima no se necesita una pc de la nada para poder disfrutarlo.",True,0,0,0.5,0,True,False,False,1789667647
271590,235474940,english,"Regular Updates, Challenging Missions is what I like About this Game, Can't Wait for GTA VI to Launch",True,0,0,0.5,0,True,False,False,1789662249
271590,235469099,english,its a fun game but the cars are nothayt fast but best game,True,0,0,0.5,0,True,False,False,1789656922
271590,235460453,schinese,r星nb，gta6都要发了，gta5依然经久不衰，剧情玩法，还有ol，全世界找不出另一款游戏，神优化，使我的洋垃圾都能70帧线上,True,0,0,0.5,0,True,False,False,1789647771
271590,235456959,english,It's very well made. I enjoy the graphics even in the basic version. The story is well constructed and executed. For me it's also very sentimental as I'm coming back to it after many years and feel like a kid again. Have a good one.,True,0,0,0.5,0,True,False,False,1789642981
271590,235443349,koreana,"오래됐지만, 명작은 명작이다. 보통 이상의 기대치를 그대로 충족",True,0,0,0.5,0,True,False,False,1789619659
271590,235436600,english,"The single-player campaign is still one of the best-told open-world stories out there. Bouncing between Michael, Franklin and Trevor gives Rockstar three completely different tones to play with, and the production values (soundtrack, radio stations, mission set-pieces) haven't really been matched since.

Where it gets messy is GTA Online, which is the same brilliant sandbox buried under a decade-plus of Shark Card monetization creep. At this point buying a Shark Card feels less like a purchase and more like paying a toll booth operator who also happens to own the road, the gas station, and your car. Heist payouts from years ago look laughable next to newer content, and every update leans a little harder on nudging you toward the shop instead of the grind.

Still genuinely fun with friends — ten years later and Trevor remains the only coworker I'd actually invite to a barbecue. Recommended for the campaign alone; approach Online with your wallet closed and your expectations calibrated.",True,0,0,0.5,0,True,False,False,1789609510
271590,235428038,schinese,我把这款游戏称之为自由度极高的犯罪，抢劫，赛车，生活，剧情，解压游戏。最喜欢的干的事就是路边抢劫漂亮的车子，然后开上它听着音乐行驶在美丽的天空下,True,0,0,0.5,0,True,False,False,1789597769
271590,235421135,english,"GTA V delivers great gameplay, a huge open world, an okay story, good graphics, great sound design, and a reasonable amount of replayability options.

The gameplay is one of the strongest parts of GTA V. It is the largest GTA game I’ve played, with a massive world and plenty of things to do. There is a decent number of side activities, although some of them can feel surprisingly small compared to the size of the world. I also like that you can play as three different characters, with Michael, Franklin, and Trevor each having their own unique abilities and playstyles. The shooting is better than San Andreas, although I personally prefer the shooting in GTA IV. Driving motorcycles is also much better than in GTA IV, while the game allows you to fly much larger planes. There are lots of different weapons to use, and the game has some amazing missions, although there are also a few boring ones. One thing I wish GTA V allowed was entering more restaurants and other buildings.

The story is okay. Having three protagonists makes the story more interesting, and there are plenty of memorable moments throughout the campaign. However, I found some parts less interesting than other GTA games, and the story doesn't reach the same level for me as GTA IV.

The graphics are good, especially considering the size of the open world. Los Santos and Blaine County have plenty of detail, and the game still looks pretty good today, although the visuals are becoming somewhat outdated.

The sound design is great. The weapon sounds, vehicles, environmental audio, character dialogue, and radio stations all help make the world feel alive. The soundtrack is also enjoyable, even if I don't find it as memorable as some previous GTA games.

For replayability, GTA V has a reasonable amount of options. There are side activities, collectibles, different missions, character switching, and GTA Online. However, some of the activities feel smaller than I expected from such a massive game, which limits how much I want to return to the game.

Overall, GTA V is a great game with great gameplay, an okay story, good graphics, great sound design, and a reasonable amount of replayability. It has some excellent missions and a massive world to explore, but certain activities feel small, some missions are boring, and I prefer GTA IV's shooting and story.

Gameplay & Mechanics: 4.5/5.5
Story/Narrative: 1.2/2
Graphics/Visuals: 0.8/1
Sound Design/Audio: 0.9/1
Replayability/Longevity: 0.3/0.5

Final Score: 7.7/10",True,0,0,0.5,0,True,False,False,1789589899
271590,235419381,english,Great game loads of fun playing it and get mods if you can,True,0,0,0.5,0,True,False,False,1789588148
271590,235417692,spanish,me gusta mucho este juego es  uy bueno se los recomiendo puedes aser lo que quieras lo que pienses hay todo tipo de armas y roles en online,True,0,0,0.5,0,True,False,False,1789586434
271590,235405918,latam,ES un juego con temática criminal Pero creo que es divertido vivir normalmente en él,True,0,0,0.5,0,True,False,False,1789575349
271590,235381653,brazilian,"jogo sensacional, apenas comprem, o jogo é sensacional quanto na historia quanto no online",True,0,0,0.5,0,True,False,False,1789544769
271590,235374555,schinese,"Online modes is the worst,so do not play it .If you spend a lot of time on it r statrs will increse the difficulty of you task.This ruined the game.",False,0,0,0.5,0,True,False,False,1789532547
271590,235355300,english,"This is THE GTA 5 you can decide yourself if it good but id say its Really fun,then again you dont need me telling you that this is one of the most popular games of the last 2 decades",True,0,0,0.5,0,True,False,False,1789504870
271590,235341044,schinese,在游戏里可以提高自己的道德水平，提高对法律的认知，做一个拥有高尚品德的良好市民，非常喜欢这个游戏,True,0,0,0.5,0,True,False,False,1789490869
271590,235340743,english,"absolutely stunning gameplay before GTA VI Comes out, enjoying online heists and more.",True,0,0,0.5,0,True,False,False,1789490576
271590,235336208,danish,legendary game i installed it then i went terrorising the city killing people exploding cars very nice then i started playing it 10/10 would do it again,True,0,0,0.5,0,True,False,False,1789485769
271590,235335570,english,"Grand Theft Auto V is one of the best open-world games ever made. The story is amazing, the characters are memorable, and the huge open world gives you tons of things to do. GTA Online makes it even better with cars, businesses, missions, heists, and multiplayer activities. The graphics and gameplay still hold up really well, even after all these years. Definitely a game worth playing..! Worth to buy this game",True,0,0,0.5,0,True,False,False,1789485176
271590,235334536,brazilian,boa jogabilidade e imerção so deixo a desejar na ajuda ao cliente pq perdi minha conta na social club e perdi meu jogo por 3 vezes e nao tive ajuda de ningem.,True,0,0,0.5,0,True,False,False,1789484179
271590,235333459,english,A really great and classic game.,True,0,0,0.5,0,True,False,False,1789483083
271590,235333134,italian,"consigliato per bambini dai 7 ai 9 anni, gioco tranquillo e pacifico con utenti molto rispettosi e gameplay totalmente privo di violenza o azioni dannose per il comportamento dei piu piccoli",True,0,0,0.5,0,True,False,False,1789482772
271590,235323826,english,Still one of the best open-world games ever made Great story unforgettable character tons of things to do and Los Santos is still an amazing world to explore After 82 hours I can confidently recommend it,True,0,0,0.5,0,True,False,False,1789472082
271590,235309050,brazilian,"melhor jogo de todos, voce joga em todo momento na tristeza no tedio na felicidade e so te tira risada e faz vc ficar feliz pois aquele vazio que vc sente dentro de voce some logo apos vc jogar gta v e ele n ira te abandonar que nem ela fez com voce :D",True,0,0,0.5,0,True,False,False,1789445647
271590,235295420,english,"Runs very smothly with low-normal graphics with around 45-60 fps but there are some noticable dips every now and then highly recomend the game, super fun and has a great story and online is amazing but a little stressfull!",True,0,0,0.5,0,True,False,False,1789425154
271590,235291761,english,"So the reason I only have 5 hrs is cuz that was me playin chaos mod. I beat the game on ps5. Just wanted to make dat clear:D

While the highs are VERY high (liteltrally) the game is quite repetive and a lot of the missons are just drive from point A to point B",False,0,0,0.5,0,True,False,False,1789420617
271590,235270464,italian,bello da ogni punto di vista e lo dico da utente che fino a ieri giocava con una intel uhd quindi.... bellissimo semplicemete con e senza mod,True,0,0,0.5,0,True,False,False,1789399581
271590,235264827,english,"i ♥♥♥♥♥♥♥ love this game i downloaded a mod where trevor, michael, and franklin can have a threesome with eachother. (made me nut)
",True,0,0,0.5,0,True,False,False,1789394108
271590,235254032,english,"Grand Theft Auto V (GTAV) game is quite good and is still suitable to be played in 2026 and I like this game, we can be as free as possible in this game, I rate this game 100/10",True,0,0,0.5,0,True,True,False,1789380054
271590,235246267,english,best graphics game which allowed enless modding,True,0,0,0.5,0,True,False,False,1789368004
271590,235242415,english,10/10. GTA V is going to be really hard game to top but I'm excited to see what Rockstar will bring with GTA VI!,True,0,0,0.5,0,True,False,False,1789360955
271590,235227363,russian,"13 лет прошло, но игра все равно ощущается свежо. Прекрасная игра с таким же прекрасным сюжетом, никогда не пожалею о потраченном времени на сюжет этой игры (45 часов чисто на сюжет потратил)",True,0,0,0.5,0,True,False,False,1789340615
271590,235222412,spanish,es perfecto cuando vas a la playa y empezas a chocar con el auto a decenas de personas en primera persona,True,0,0,0.5,0,True,False,False,1789335224
271590,235217536,english,"Znaci ovak, jo bom zatokel ovoga dilera v casino jer je nema ni malo pameti se peneze mi je pokral na roleplayu tak da ne preporucam ovu igricu nikome najte igrat jer bute zgubili zivce i ponoreli v zivoto...
Rajs igrajte robloxa.",False,0,0,0.5,0,True,False,False,1789330598
271590,235199183,french,"🚗💥 Grand Theft Auto V

GTA V est clairement l'un des jeux qui a marqué une génération.

Entre le mode histoire, GTA Online, les braquages, les voitures, les activités et tout ce qu'on peut faire dans Los Santos, il y a toujours quelque chose à faire.

Ce qui me plaît surtout, c'est cette liberté. Tu peux lancer le jeu avec une idée précise et finir une heure plus tard complètement ailleurs. 😂

Même après autant d'années, GTA V reste impressionnant par sa longévité et par la quantité de contenu disponible.

Évidemment, GTA Online a connu ses hauts et ses bas, mais difficile de nier l'impact que GTA V a eu sur le gaming.

Un classique qui refuse tout simplement de disparaître. 🔥

⭐ Note : 9.5/10
----------------------------------------------------------------------------------------------------------------
🚗💥 Grand Theft Auto V

GTA V is definitely one of the games that defined a generation.

Between Story Mode, GTA Online, heists, cars and everything you can do in Los Santos, there is always something to do.

The freedom is what makes it special. You can start the game with one plan and somehow end up doing something completely different an hour later. 😂

Even after all these years, GTA V remains impressive because of its longevity and huge amount of content.

A classic that simply refuses to disappear. 🔥

⭐ 9.5/10",True,0,0,0.5,0,True,False,False,1789315781
271590,235183503,koreana,이 게임은 핵과 고인물들이 지배 해서 게임 하기가 너무 더럽습니다 뉴비들이 살아남기가 너무 어려워요 하지만 순순 ㄴ노가다 게임으로는 재밌습니다~,True,0,0,0.5,0,True,False,False,1789303437
271590,235181495,english,"I don't know what it is, but the music, the scripting of the characters, it all feels very real. From something made in 2013, even in 2026, it just feels like a roller coaster of emotion.

Would recommend even 13 years since release (sept 17)",True,0,0,0.5,0,True,False,False,1789301577
271590,235177841,russian,"Супер игра) Сюжетка, каблучок, свободное перемещение по городу все это очень круто!) В нее весело играть в онлайн, где больше возможностей чем в сюжетке) Для игры 2013 года, это просто бомба)",True,0,0,0.5,0,True,False,False,1789297976
271590,235169236,english,"you should play GTA 5 its super fun and open world based on LA so get in your GTA 5 and play
",True,0,0,0.5,0,True,False,False,1789288650
271590,235154262,english,"Flying aircrafts was torture, other then that it was really fun",True,0,0,0.5,0,True,False,False,1789270073
271590,235145765,spanish,"El GTA menos innovador aún así es sorprendentemente bueno en crear un mundo realista, buenos personajes y buena historia. Personalmente no creo que se hayan superado con su predecesor GTA IV +2 DLC de historia y su sistema de físicas.",True,0,0,0.5,0,True,False,False,1789260017
271590,235126220,english,"bruce bruce aka bruce buce is playing with my body be sure to ask 
this is out of control free rworld order choas gamges with in games follow order die hasrd have fun and keep moving
",True,0,0,0.5,0,True,False,False,1789241106
271590,235120694,russian,"Игра предназначена только для маджестике, за 1800 часов+ не проходил сюжетку вообще, и не вижу в этом потребности а вообще маджестик я очень люблююю
",True,0,0,0.5,0,True,False,False,1789237471
271590,235110053,english,"Gta online is too fun, the heists are great... I don't know what to say really the game is just fun.",True,0,0,0.5,0,True,False,False,1789229341
271590,235083175,english,it has good online played for long time but i have to open gta 5 from files bc when i open it from rockstar games it shows an eroor and it just doesnt launch now bc of this stupid error. reinstalling the game,False,0,0,0.5,0,True,False,False,1789205460
271590,235079600,english,"spent 2 days playing heist in gta online just to realize that everyone is hacking and have modded accounts, great game.",True,0,0,0.5,0,True,False,False,1789201427
271590,235072744,spanish,"Un clásico de clásicos, jamás se hace viejo. Jugabilidad 10/10, gráficos 10/10 y la interacción cooperativa es una joya.",True,0,0,0.5,0,True,False,False,1789193234
271590,235070576,english,Really enjoying the game right now and definitely would recommend. Amazing story I liked it and it felt like a cinematic experience with such a cohesive story. I loved the ending it was a very long mission but still 2 or 3 more cutscenes and additional missions towards end could make ending much better because it felt slightly rushed but not that much that it would not make you enjoy it,True,0,0,0.5,0,True,False,False,1789190485
271590,235068242,latam,"Me lleve una decepcion por que queria comprarle unos tacones a mi personaje femenino, y la unica tienda abierta era un tacon. de demas un juegaso",True,0,0,0.5,1,True,False,False,1789187549
550,233227934,spanish,"c char, c smok, c sputter, c boom, c pulga, c hunt, c quinceañera, c witch, c elias, c nero, c nera y c nickelodeon",True,48,8,0.839787662029266357,0,True,False,False,1787179084
550,233585368,schinese,"玩了上千小时的《求生之路 2》（以前的STEAM丢了），为啥十几年依旧天天想拉朋友开黑
入坑快八年，断断续续累计一千五百多小时，从大学宿舍和室友通宵闯关，到现在有空就喊好友上线打两把，算得上实打实老玩家了。不谈媒体打分，就聊聊普通人最真实的游玩感受。
先说最戳我的：这游戏本质不是打僵尸，是和朋友一起折腾的快乐
游戏内容特别简单：四个幸存者，一路穿过美国南部破败小镇、沼泽、游乐场，躲开丧尸和各种变异怪物，冲进一个个安全屋，最终逃离疫区。没有复杂剧情、没有天赋加点、不用刷装备攒材料，从头到尾就一件事：抱团活下去。
最经典的名场面估计所有玩家都经历过：
队友手欠开枪惊扰了女巫，原本安静啜泣的女鬼瞬间扑过来秒人；有人乱跑落单，被 smoker 拖进角落，全队慌忙冲过去救人；好不容易打到安全屋门口，身后尸潮和坦克追着屁股撵，一边嘶吼一边挤进门，最怕损友顺手把门关上把你锁在外边等死。
全程充斥着此起彼伏的 “救我！”“身后有 hunter！”“别乱开枪啊！”，就算频繁翻车通关失败，四个人笑得停不下来，压力瞬间全释放，解压效果一绝。
游戏里的 AI 导演是它的灵魂，也是百玩不腻的关键。系统会盯着我们全队血量、弹药存量、走到哪段路，随时调整僵尸数量、特感刷新位置。哪怕反复刷同一张官方地图，每一局遭遇全都不一样：有时候一路顺风顺水尸潮很少，有时候刚出门就被连刷好几个特殊感染者围殴，永远猜不到下一秒会发生什么，完全不会打几遍就腻。
近战武器绝对是二代对比一代最大的惊喜。斧头、砍刀、武士刀、电锯，甚至平底锅、棒球棒全都能用。狭窄楼道被僵尸围住时，挥刀劈砍的打击感超舒服，拿平底锅挨个敲僵尸脑袋，搞笑又解压，是我休闲局最爱玩的玩法。
几种特殊感染者设计放到现在依旧堪称教科书：跳脸扑人的猎人、拖人舌头烟鬼、冲撞壮汉、自爆胆汁胖子、一碰就秒杀的女巫、终极 boss 坦克，每种怪应对方式完全不同。慢慢摸索出配合技巧之后，通关成就感特别足。
能坚挺十几年不倒，最大功臣：创意工坊海量 MOD 自由改造
原版本体内容其实不算多，5 个官方战役打完新鲜感就会下滑，但创意工坊直接把游戏可玩性拉到无限大，也是我一直舍不得弃坑的核心原因：
角色替换：原版四个人玩腻了，随便打个 MOD 就能换成原神、星穹铁道、动漫、影视人物，自己组建专属小队；
武器全覆盖：现代枪械、科幻光剑、二次元模型应有尽有，想玩什么枪都能装；
上万张自制地图：国风小镇、恐怖解谜地图、其他游戏移植关卡、欢乐整活图，内容量远超官方几十倍；
玩法随心改：无限子弹、丧尸变种、休闲爽玩难度、硬核炼狱模式，自己就能搭建专属规则。
我平时没事就翻翻工坊装新模组，每次打开游戏都有全新体验，永远不会玩到头。
门槛极低，任何人都能上手
配置要求友好到离谱，十几年前的老旧笔记本、办公电脑都能流畅跑 60 帧，低配党福音。
价格更是性价比天花板，Steam 常年打折史低只要 4 块钱，一瓶矿泉水的价钱，换来上千小时联机时光，找不到第二款这么划算的合作游戏。
没空约朋友的时候，单人开黑也没问题，AI 队友很靠谱，会主动给你药、拉倒地的你、帮忙清理僵尸，独自慢慢闯关也不会枯燥。
实话实说缺点，不盲目吹
原生画质年代太久远
毕竟是 2009 年的老游戏，原版建模、光影粗糙，画面放到现在完全比不上新 3A 大作。好在打高清材质、光影 MOD 之后，画面质感能提升一大截，可以完美弥补这个短板。
对抗 PVP 模式环境很差，千万别随便碰路人房
8 人对战，4 人人类 4 人操控特感伏击的模式，创意挺好，但公共服务器开挂、骂人、新手犯错就被踢的人特别多，戾气很重。想玩 PVP 只建议和熟人自建房间游玩TapTap。
V 社早就停止官方更新了
这么多年没有新战役、新怪物、新角色推出，所有新鲜内容全都依靠玩家自制模组，不喜欢折腾 MOD 的话，本体很快就会玩腻。
新手打专家难度极易受挫
简单、普通难度随便玩玩很轻松，但高级、专家难度容错率极低，僵尸伤害巨高，乱走一步就全队团灭，纯新手直接挑战高难度很容易心态炸裂。
到底谁适合买，谁没必要入手
✅ 强烈推荐：
经常和室友、好友想找联机游戏打发闲暇时间；
喜欢丧尸题材、射击生存，偏爱轻松欢乐的合作氛围；
电脑配置一般，想找不吃性能的耐玩大作；
喜欢折腾模组、自定义游戏内容；
怀旧经典 FPS，看重扎实舒服的射击手感。
❌ 不太适合：
极致画面党，只追求顶级画质、3A 视觉体验；
基本独自游玩，完全不需要联机社交；
胆子很小，受不了突然惊吓、惊悚氛围。
最后总结
求生之路 2 从来不是画面顶尖、玩法复杂的大作，但它把四人合作开黑的乐趣、末日生存的紧张感、自由改造的可玩性做到了极致。这么多年陆续出了无数丧尸合作游戏，却始终没能替代它的位置。
只要你有能凑在一起打游戏的朋友，四块钱买下它绝对稳赚不亏，一局局并肩逃生、互相整活的回忆，远比通关本身更珍贵。",True,27,0,0.761959731578826904,0,True,False,False,1787571273
550,234137892,spanish,"el juego mas nostalgico, como olvidar jugar esto en pantalla dividida con el compa en la sala y ahora en la PC con la Soey encuerada",True,20,11,0.742489278316497803,0,True,False,False,1788151010
550,233301580,english,"juego muy divertido y muy inclusivo, todos los compañeros que me tocan son retrasados",True,18,10,0.678355515003204346,0,True,False,False,1787265812
550,233591278,polish,"Left 4 Dead 2 to absolutny klasyk kooperacyjnych shooterów i jedna z tych gier, które mimo upływu lat nadal dają ogromną frajdę. Przedzieranie się przez hordy zarażonych, ratowanie członków drużyny i ciągła walka o dotarcie do kolejnego bezpiecznego miejsca praktycznie się nie starzeją.

Największą siłą jest co-op. Ze znajomymi nawet dobrze znane kampanie potrafią zamienić się w kompletny chaos, szczególnie kiedy w najgorszym możliwym momencie pojawi się Tank albo Witch.

Do tego masa map, świetny system specjalnych zarażonych i ogromna społeczność modderska. Kawał historii gamingu i nadal jeden z najlepszych co-opów z zombie. Zdecydowanie polecam.",True,11,0,0.677419364452362061,0,True,False,False,1787577719
550,234913130,latam,"Es un juego muy inclusivo, los jugadores con los que me empareja son todos especiales",True,12,5,0.665217399597167969,4,True,False,False,1789049106
550,233531406,english,If only Valve knew how to count to three.. but this will go under the greatest gaming classics no doubt.,True,14,7,0.656499505043029785,0,True,False,False,1787507469
550,233248126,spanish,"juego muy malo, no tiene funciones para tener sexo y orgias sexuales con los infectados.",False,67,71,0.655769586563110352,9,True,False,False,1787208453
550,233432380,brazilian,"Um clássico que nunca envelhece. 🧟‍♂️🔥

Left 4 Dead é simplesmente um dos melhores jogos cooperativos já feitos. A ação é intensa, os zumbis não dão descanso e jogar com amigos deixa tudo ainda mais divertido.

O sistema que muda os inimigos e eventos de cada partida faz com que cada campanha seja diferente. Mesmo sendo um jogo antigo, continua extremamente divertido e viciante.

10/10 — clássico obrigatório para quem gosta de FPS e jogos cooperativos. Recomendo demais! 🎮🧟‍♂️
",True,11,0,0.654088079929351807,3,True,False,False,1787412182
550,233186254,russian,"Игра, развивающая командную работу и ускоряющая распад этой самой команды.",True,13,6,0.639394044876098633,0,True,False,False,1787135899
550,233985022,russian,игра неплохая но мешает играть постоянное желание осеменить жокея,True,11,13,0.635985970497131348,0,True,False,False,1788007706
550,233486432,schinese,我有时候在想，如果自己朋友够多就好了，可能我能玩更久，但是很可惜我没有那么好的条件，好在有mod可以增强ai队友，这让我也能玩的很舒服，说真的如果它不是打丧尸的游戏就更好了。,True,13,1,0.631284892559051514,0,True,False,False,1787464413
550,234036217,russian,"A great game for low‑end PCs, it’s practically a childhood legend
<3",True,5,0,0.598540186882019043,0,True,False,False,1788050742
550,233293915,french,j'ai réussi à terminer une campagne en difficulté expert avec le mode réalisme d'activé et mon cul s'en souvient encore... 10/10,True,4,0,0.583333313465118408,0,True,False,False,1787257967
550,234867885,english,Old game but always fun. Back 4 blood would be a good followup.,True,3,0,0.565217375755310059,0,True,False,False,1788985009
550,234134082,turkish,Oyun iyi ama amk rochellesi ♥♥♥ cirkin şu kadına ya bişi yapın yada değiştirin 3 erkek bununlamı savaşıcaz olm insanın fight icinde morali bozulur aq,True,3,2,0.565217375755310059,0,True,False,False,1788145512
550,233758429,spanish,Este juego es muy divertido para pasarla con amigos o puedes jugar solo y los jugadores que juegan tratan bien a los principiantes o por lo menos a mi me trataron asi,True,4,0,0.565217375755310059,0,True,False,False,1787764241
550,233225412,brazilian,"Cara jogo muito bom muito bacana pena q meus amigos n jogam comigo, é uma analise, bom, Henryque entrou.",True,4,0,0.565217375755310059,0,True,False,False,1787176166
550,234715868,english,"One of my favourite games of all time, workshop is goated, being able to kill Nazi zombies and Witchler while Shrek chases you, an anime girl tries pinning you down and Snoop Dogg wrapping his tongue around you 10/10 game",True,6,2,0.562841534614562988,0,True,False,False,1788805135
550,233235585,schinese,"好玩,玩不腻,这就是经典
好玩好玩好玩,经典经典经典",True,8,0,0.56011730432510376,1,True,False,False,1787189019
550,235452396,spanish,"Una auténtica obra de arte. Si el Left 4 Dead de por sí ya era bueno cuando salió, brindándonos un montón de horas de diversión entre colegas, este es justo todo lo del uno pero mejorado, acompañado de nuevas historias y compatibilidad con Workshop que nos da una variedad infinita de horas de disfrute y aventuras creadas por otros jugadores.",True,2,0,0.548872172832489014,1,True,False,False,1789635656
550,235239332,spanish,"De culto, ya paso mucho tiempo desde su lanzamiento y tiene una comunidad muy vigente",True,2,0,0.545454561710357666,0,True,False,False,1789355897
550,234890075,brazilian,"Muito bom, servidores funcionando e comunidade ativa, muitos itens na oficina",True,2,0,0.545454561710357666,1,True,False,False,1789013941
550,234568733,spanish,Es un juegazo es mucho mejor si lo juegas con amigos pero en solitario es muy entretenido la verdad conseguir todos los graficos no es pesado lo puedes correr en casi cualquier equipo. 10/10,True,2,0,0.545454561710357666,0,True,False,False,1788644672
550,233589629,schinese,作为我小时候玩的第一款丧尸射击类游戏，当时真是给我刷新三观了，各个方面在我心中都是绝对的top1以前那个老爷电脑都能畅玩，是个电脑就能玩这块，创意工坊更不用说，为这个游戏注入了无限的新鲜血液，史低价4.2绝对性价比，17年前的游戏却一点都不感觉过时，太豪玩啦，总之我愿称它为丧尸合作游戏最高的山最长的河,True,4,0,0.545454561710357666,0,True,False,False,1787576046
550,233163718,german,"**Left 4 Dead 2 – Rezension**

Mein erster Eindruck von Left 4 Dead 2 war sehr positiv. Das Spielprinzip ist zwar simpel, aber sehr gut umgesetzt und macht auch heute noch viel Spaß. Besonders im Einzelspielermodus sorgen die botgesteuerten Teammitglieder dafür, dass sich das Spiel nicht leer oder langweilig anfühlt.

Vom Spielgefühl her erinnert es mich teilweise an Dead Island. Trotz seines Alters ist Left 4 Dead 2 auch heute noch gut spielbar und vermittelt gleichzeitig diesen typischen Charme älterer Spielsysteme.
",True,2,0,0.545454561710357666,0,True,False,False,1787101507
550,234178124,english,"To no one's surprise this is clearly the most revolutionary coop zombie game of its time, yea its showing its age but in general still functions better than whatever trash is getting into the steam shop nowadays. The default game has very big flaws scattered around its mechanics but modding just enough to fix most of them is not absurdly hard by any means, you certainly heard somewhere that this game is very easy to mod, its not easy but has lots of options so if you wanna get into heavy modding like me download something to edit vpks and take a look at ems files if they happen to appear so you can get the bs out of most mod's default configs and edit the game to your liking. And please beware that while searching the workshop you'll see mostly just pointless mods, porn and low effort skin and models so search thoroughly, after that feel free to enjoy an perfect zombie game by yourself or with friends.",True,6,0,0.544962048530578613,2,True,False,False,1788198596
550,235288462,english,No need to mention how great this game is I just want to talk about the mods the game currently has it is completely insane and 100% worth buying just for the mods,True,2,0,0.54356849193572998,0,True,False,False,1789417040
550,235151606,brazilian,Um jogo onde você é um Pai/Mãe e precisa cuidar de 3 crianças estupidas,True,2,1,0.54356849193572998,0,True,False,False,1789266848
550,235037832,english,"Left 4 Dead 2 is undoubtedly the greatest coop shooter of all time. it has infinite replay value that has allowed it to be my most played game on Steam and the multiplayer has lead to me meet some amazing people. 

This infinite replay value is due to the genius RNG, workshop content/mods and the way-ahead-of-its-time ""Director"" mechanic as well as Valve's attention to detail especially in the writing of the characters and the world you play in. 

Competitors in recent years have attempted to replicate Left 4 Dead 2's formula and made some decent games but they still fall flat on their faces in comparison with Left 4 Dead 2 despite it's almost two decade old age. 

it also runs on basically any computer these days making it extremely accessible. Getting it full price is a fair deal but when it goes on sale for as little as €3 it is one of the biggest ""bang for your buck"" purchases on Steam.",True,7,0,0.59205019474029541,0,True,False,False,1789156419
550,233901600,spanish,"es un juego magnifico no solo por la historia, tambien por la comunidad que puede hacer mapas xd",True,2,0,0.538461565971374512,0,True,False,False,1787922958
550,234311726,schinese,最好玩最经典的僵尸游戏！游戏出了十来年还经久不衰，社区内容支持很多很耐玩,True,5,0,0.53482586145401001,0,True,False,False,1788363816
550,235477529,spanish,"Le pongo un 10/10 sin dudarlo. Llevo jugando a esta joya desde hace unos años  y de verdad que no importa cuántos años pasen, nunca pasa de moda.",True,1,0,0.523809552192687988,0,True,False,False,1789664628
550,235441727,english,"Left 4 Dead 2 is a game about teamwork, survival, and discovering exactly how quickly four people can completely abandon the concept of teamwork.

The premise is simple.

You're trapped in the middle of a zombie apocalypse.

There are thousands of infected.

You have guns.

Your objective is to get from point A to point B without becoming zombie food.

Easy.

Until you play with friends.

The game starts off fairly calm. You grab a weapon, pick up some supplies, and start walking through whatever horrible place the survivors have been thrown into this time.

Then someone shoots a car.

Everyone looks at them.

“Why did you shoot the car?”

“I didn't know it would make noise.”

The alarm starts.

Hundreds of zombies appear.

Everyone starts screaming.

Welcome to Left 4 Dead 2.

The special infected are what make the game so much fun. Regular zombies are bad enough, but then you hear a noise and realize something much worse is coming.

Smoker?

Someone's getting dragged away.

Hunter?

Someone's getting tackled.

Boomer?

Congratulations, you're covered in vomit.

Charger?

There goes your teammate.

Jockey?

Someone is being ridden into a wall.

Tank?

RUN.

The Tank is the game's way of asking whether your team has actually been paying attention.

Usually, the answer is no.

You hear the music.

Everyone freezes.

“Tank.”

Someone says it quietly.

You all immediately start running in different directions.

One person gets separated.

Someone falls off a ledge.

Another person forgets to heal.

The Tank punches someone through a wall.

Now you're down a player.

Great teamwork.

The campaign design is also fantastic. Every level feels like a journey rather than just a collection of rooms, and you're constantly moving toward some kind of safe room while trying to survive whatever the Director decides to throw at you.

And that's one of the best parts of the game.

The game seems to know exactly when you're getting comfortable.

You haven't seen anything dangerous for a while.

Your health is good.

You have plenty of ammunition.

You start thinking:

“This is going pretty well.”

Then the Director decides that you're having too much fun.

A horde appears.

A Witch is nearby.

A Tank spawns.

The lights go out.

Someone screams.

Your entire team collapses.

You make it to the safe room with 12 HP and absolutely no supplies.

Perfect.

The AI Director keeps every game feeling slightly different, which is a huge reason L4D2 has remained so replayable.

You can play the same campaign multiple times and still have completely different experiences.

Maybe you get an easy run.

Maybe you get attacked by three special infected simultaneously.

Maybe your friend gets dragged into a hole and you have to rescue them.

Maybe someone accidentally triggers the alarm and turns the entire level into a zombie festival.

You never really know.

And then there's versus mode.

This is where friendships go to die.

Playing as the survivors is one thing.

Playing as the infected is something completely different.

You get to become the exact creatures that have been ruining everyone's day.

You hide around a corner.

You wait.

You see a survivor walk past.

You spawn.

You attack.

You get killed immediately.

You respawn.

You try again.

Eventually you manage to pull someone off a roof as a Smoker and feel like a tactical genius.

Then a shotgun deletes you.

Back to the respawn screen.

The game is also ridiculously fun with friends because the chaos creates stories you'll remember long after the match ends.

You don't remember every normal round.

You remember the time your friend got launched off a bridge.

You remember someone accidentally shooting the Witch.

You remember hiding in a closet while a Tank destroyed everything outside.

You remember the guy who refused to heal because he was “saving the medkit.”

You remember him dying thirty seconds later.

And somehow, despite all the chaos, the game still rewards actual teamwork.

Stick together.

Share supplies.

Cover each other.

Revive your teammates.

Watch for special infected.

Don't wander off.

It's incredibly simple advice.

Nobody follows it.

Someone always runs ahead.

Someone always gets grabbed.

Someone always says, “I got this.”

They do not have this.

Left 4 Dead 2 is one of those games that feels timeless because it doesn't need complicated progression systems or endless grinding to stay fun.

You pick a campaign.

You grab a gun.

You shoot zombies.

You survive.

You die.

You laugh.

You restart.

And somehow you're still playing hours later.

It's chaotic, funny, tense, and one of the best examples of co-op gaming at its absolute best.

10/10.

I've survived the zombie apocalypse countless times, but I've never survived playing with my friends.",True,1,0,0.523809552192687988,0,True,False,False,1789617072
550,235439011,spanish,"Uno de esos juegos que siguen siendo divertidos incluso muchos años después de su lanzamiento. Su combinación de acción, cooperación y zombis hace que jugarlo con amigos sea especialmente entretenido. Aunque también se puede jugar offline, recomendaría encarecidamente jugarlo con amigos ya que es una experiencia inolvidable.

El juego no solo trae nueva campaña sino que también trae la de la entrega anterior por lo que en esencia estas comprando un 2x1. Además, sus distintos modos de juego como el versus o la gasolina son super divertidos, sobre todo cuando juegas como zombie. Destaco el modo contrarreloj y oleadas, los cuales ofrecen retos de mayor dificultad para los más experimentados.

Uno de sus mayores puntos fuertes es la gran cantidad de contenido disponible gracias a la comunidad. El juego permite añadir mods, texturas, personajes, armas, sonidos y mapas creados por otros jugadores, lo que amplía muchísimo la experiencia. Gracias a esto, es posible encontrar campañas completamente nuevas y modificaciones que cambian la forma de jugar, haciendo que el juego tenga una enorme rejugabilidad.

Lo peor del juego a mi punto de vista es que se le notan los años, las texturas se ven anticuadas, los diseños de personajes son pobres y se vuelve repetitivo a las pocas misiones. Por eso mismo recomiendo meterle mods para que no se haga tan pesado, ya que la campaña aunque no lo parezca es bastante extensa. 

Mi nota final es un 7,5/10. Quitando los mods y demás añadidos del workshop el juego base es un muy buen juego, ojala los de Valve hagan una secuela o remake de esta saga porque se lo merece.",True,1,0,0.523809552192687988,0,True,False,False,1789613076
550,235429299,turkish,"agaaa koşun Tankı Thanos yapın atölyeden, taşları sizden almaya geliyor.....(Heisenberg)

Ha bir de online girerken 2 kere düşünün bazı pijler her haltı biliyor. Valve bilmiyodur bu kadar trick.",True,1,0,0.523809552192687988,0,True,False,False,1789599385
550,235349215,spanish,"Buen juego, en especial para los que tienen algún tipo de condición porque me une a puro tim de especiales cefefefe",True,1,0,0.523809552192687988,0,True,False,False,1789498647
550,235277608,english,A good game to play with friends and have a good experience. It has many interesting maps and you can play not only as a survivor but also as an infected.,True,1,0,0.523809552192687988,0,True,False,False,1789406413
550,235217362,english,One of the best games of all time. Probably my most played game on the whole xbox platform and feels even better on pc.,True,1,0,0.523809552192687988,0,True,False,False,1789330426
550,235158903,spanish,"un juegazo en todo el sentido de la palabra, tiene una jugabilidad 10/10 una ambientación excelente 
y si lo juegas con amigos la experiencia mejora muchísimo, aparte de unos modos de juegos entretenidísimos
una gran experiencia que todos deberían probar recomendado 10/10
",True,1,0,0.523809552192687988,0,True,False,False,1789275903
550,235093294,russian,"Сколько бы я ни играл в Left 4 Dead 2, а за плечами уже больше ста часов, она всё равно каждый раз ощущается как в первый. Эта игра не способна надоесть, потому что каждый забег уникален благодаря ИИ режисёру, который постоянно меняет расстановку врагов, оружия и аптечек, а кооператив с живыми людьми или ботами всегда дарит новые эмоции, будь то весёлый хаос с друзьями или напряжённые моменты в выживании, и даже несмотря на свой почтенный возраст, онлайн в ней не падает, а наоборот, остаётся стабильно высоким, так что ты никогда не останешься без напарников, и это лишний раз доказывает, что Valve создала вечную классику, в которую можно возвращаться бесконечно)",True,1,0,0.523809552192687988,1,True,False,False,1789215802
550,235077083,spanish,"el juego es lo mejor que e probado. lo único malo de mi experiencia es mi compa que su ayuda es equivalente a el contenido del rollo del dragón en kung fu panda.

11/10, necesito mas amigos",True,1,0,0.523809552192687988,1,True,False,False,1789198603
550,235046577,english,"Crazy gameplay depth.
Characters are great but a lot of voicelines are cut due to unknown reasons.
Awesome world details, leaves you questioning a lot.
Music is fantastic and fitting.
So much work and thought put into this...

Definitely Valve's greatest sin to abandon such a franchise. Leaving it to rot with all the bugs, outdated systems, degenerates, and cheaters.
...Yet, the community stands strong.",True,1,0,0.523809552192687988,2,True,False,False,1789163975
550,234981246,latam,"Pues si, el juego esta lleno de peruanos, pero es un juegazo, maldita Valve, siempre haciendo obras maestras",True,1,0,0.523809552192687988,1,True,False,False,1789097907
550,234946043,spanish,el mejor juego que pude a ver comprado no tiene nada de mal es un 10/10 y god los mods las comunidad activa,True,1,0,0.523809552192687988,0,True,False,False,1789068078
550,234844131,brazilian,"A classic great to play w/ friends.
Um classico otimo pra jogar com amigos.



remove tanks from the game btw",True,1,0,0.523809552192687988,0,True,False,False,1788964892
550,234824256,latam,"muy buen juego lastima su gente muy toxica de las 70 horas que llevo jugadas siendo nuevo la mitad de las horas son gente puteandote por no saber hacer una ista o por no saber tirar un vomito de boomer, lo bueno que el juego es disfrutable lastima la gente que juega es muy toxica",True,1,0,0.523809552192687988,0,True,False,False,1788938019
550,234816849,spanish,La mejor parte de mi experiencia ah sido cuando me la paso 15 horas en la workshop y otras 16 intentando hacer funcionar el script para usar las ADS (mirilla de hierro) 10/10 mejoren los graficos,True,1,0,0.523809552192687988,0,True,False,False,1788924711
550,234778022,spanish,Es un buen juego que después de 17 años sigue siendo entretenido manteniendo el estilo cooperativo muy bien desarrollado y junto al apoyo de su comunidad con la creación de mods el juego sique siendo fresco y los servidores siguen activos pero una cosa q me decepciona es el nivel de inteligencia en los bots pero se soluciona con la instalación de mods.,True,1,0,0.523809552192687988,0,True,False,False,1788880845
550,234742362,spanish,"Left 4 Dead 2 parece a simple vista un juego sobre matar infectados y llegar al siguiente refugio, pero después de jugarlo uno puede darse cuenta de que quizás nunca se trató realmente de eso. El mundo ya terminó, no existen grandes héroes ni una promesa de que todo volverá a ser como antes, solo quedan cuatro personas caminando entre ciudades vacías, carreteras destruidas y lugares que alguna vez estuvieron llenos de vida, y aun así siguen avanzando. Cada partida comienza de la misma manera: correr, disparar, ayudar al que quedó atrás y buscar un lugar seguro, pero siempre hay algo que se repite; alguien cae, alguien vuelve por él y, aunque a veces sobrevivimos y otras veces no, siempre queda esa necesidad de continuar. Quizás eso sea lo que hace especial a Left 4 Dead 2: en un mundo donde aparentemente ya no queda nada por salvar, los personajes todavía eligen salvarse entre ellos. No importa cuántos infectados aparezcan ni cuánto caos haya alrededor, cuando un compañero queda atrás todo lo demás deja de importar, porque sobrevivir no significa simplemente llegar al final, sino no dejar de caminar incluso cuando no sabés qué hay al otro lado. Tal vez por eso, cuando termina una campaña, queda una sensación extraña: no ganaste una guerra ni arreglaste el mundo, simplemente llegaste un poco más lejos que antes, pero cuando todo se derrumba, quizás eso sea suficiente.

10/10.  4 supervivientes, 3 botiquines y un gordo que claramente no piensa compartir.",True,1,0,0.523809552192687988,0,True,False,False,1788829911
550,234667452,english,"Good for casual gamers that just wanna chill, connect and slay some zombies!!!",True,3,0,0.523809552192687988,0,True,False,False,1788746487
550,234657058,brazilian,"Não tenho nem o que dizer... Jogo que marcou minha infância...
Comprei uma vez um DVD num mercadinho perto de casa, não sabia nem instalar direito skksks...
Depois tinha no xbox 360...
O jogo é muito bom, jogo com vários mods e me divirto, é um jogo legal que por mais que seja repetitivo, não me canso de jogar, depois do trabalho é relaxante e divertido testar mods...",True,1,0,0.523809552192687988,1,True,False,False,1788733284
550,234556866,spanish,muy buen juego nomas que no se le puede quitar la ropa a los personajes estaria god si se pudiera,True,1,2,0.523809552192687988,0,True,False,False,1788634519
550,234506119,brazilian,"Abro o jogo.
Jogo comum de zumbi.
Jogo de horda.
Pego uma motosserra.
Homem feliz.
 :)",True,1,0,0.523809552192687988,0,True,False,False,1788586305
550,234331455,russian,"Even after all these years,it's still just as fun to hop into the game and hack up some zombies.",True,1,0,0.523809552192687988,0,True,False,False,1788383599
550,234260229,brazilian,"Com mais de 2000h jogadas, foi nesse game que fiz grande parte das minha amizades das quais algumas carrego até hoje após decadas.
Left 4 Dead é aquele típico jogo da Valve onde as possibilidades são infinitas e as horas jogadas não diminui em nada nossa vontade de o continuar jogando.",True,1,0,0.523809552192687988,0,True,False,False,1788294612
550,234243258,brazilian,"legal e divertido pra caramba, fora que roda e pc fraco e da pra virar a noite e resenhar com os amigos as 1:20 da manha",True,1,0,0.523809552192687988,0,True,False,False,1788278907
550,233799563,latam,"Soy un peruno que jueg lef todos los dias y en mi casa siempre quieren que busque chamba, yo con mis 25 añitos no pueden enteder que el LEF esa mas que un solo juego es un estilo de vida... Quisiera agradecer al creador del juego por darnos tantas tardes magicas en este hermoso juego. 
atte. un peruano caucasico de los altos de SJL. ANORRIS",True,1,2,0.523809552192687988,0,True,False,False,1787811290
550,233165172,spanish,"Juegazo ,no se cuantas veces lo jugué antes en los tiempos en los que se estreno. Y tiene buenos mods hechos por gente que le guarda mucho cariño al juego.",True,1,1,0.523809552192687988,0,True,False,False,1787103419
550,233164463,latam,"es una obra de arte, y cuando le agregas mods la experiencia es inigualable, muy recomendado",True,1,0,0.523809552192687988,0,True,False,False,1787102502
550,234143320,english,"Peak coop zombie game.
unrivalred, undefeated, permanent.
And Valve constantly puts it on sale! 
Be sure to buy at least one copy of it, why not 4 for ur friends.",True,1,0,0.522058844566345215,0,True,False,False,1788159905
550,234713233,turkish,Sevgilimle genelde oynamayı çok sevdiğimiz ve genelde kavga etmediğimiz tek oyun. Modlanması vs oyunu çok güzel yapıyor.,True,1,0,0.52173912525177002,0,True,False,False,1788802920
550,233438453,spanish,juego kuliao bakan solo que la maraca de la witch y el tank me cagaron artas partidas chupalo jonh lenon,True,2,0,0.52173912525177002,0,True,False,False,1787417008
550,233308840,spanish,"Compre este juego y no sé si es culpa del juego pero al tercer día metieron preso a mi tío en la cárcel de Catamarca por trafico de enanos, pero en cuestión el juego esta bueno.",True,1,1,0.52173912525177002,0,True,False,False,1787274973
550,233179669,spanish,"Deberían de considerar que este juego es una total perdida de tiempo, si van a comprarlo mejor jueguen campaña con amigos porque el versus les terminara provocando alopecia.",False,2,0,0.519685029983520508,0,True,False,False,1787126045
550,233656584,english,"♥♥♥♥♥♥♥ garbage full of modded servers overtaking officials and no actual normal servers, including just Chinese and ♥♥♥♥♥♥♥ modded servers full of desensitized players which got used to modded servers, came back recently and the game is still ran by Chinese and kids running servers with their mothers credit cards",False,6,0,0.516983747482299805,0,True,False,False,1787652957
550,234917276,english,fix your game it says i need to own the game and to login to the correct steam account news flash ive owned this ♥♥♥♥ for over 5 years,False,1,3,0.516129016876220703,0,True,False,False,1789052927
550,233229329,english,"doesn't crash at all, bugs on menu but only for a max of 5 seconds, amazing gameplay, easy to mod, super fun, came back to playing this because I used to play it as a kid, great mode selection, still an amazing game in 2026",True,1,0,0.5158272385597229,0,True,False,False,1787180833
550,233382116,english,"The game has a serious problem these days, when you que for a game there is a very high chance you end up on a modded chinese server with 16 players, infinite ammo, rpg level up mechanics, and a million special infected around every corner. In addition to that your ping is low but feels extremely high, I'm guessing it's because the server is a lot farther away than it pretends to be. You can no longer reliably get a regular vanilla Left 4 Dead 2 game with a few other random people. Even if you use the server browser via console command, the vast majority are still those same modded chinese servers, and the ones that aren't are empty/ping's too high. I've even tried hosting my own games for randoms to join using local or official servers but nobody ever joins, most likely because they are getting thrown in those modded servers first. It's a damn shame really, as there isn't exactly an abundance of similar games you could play instead and the ones that DO exist are poor imitations or have high hardware requirements (looking at you Darktide). Unless you coordinate with some friends to play regularly, it's not really worth buying/playing anymore unfortunately.",False,5,2,0.515247523784637451,3,True,False,False,1787356064
550,234920048,schinese,发售至今，仍未有相同定位的游戏能超越它的高度,True,3,0,0.514285683631896973,0,True,False,False,1789055463
550,233395488,spanish,"pedazo de juego la mejor parte es meterse a versus y ver como hacen puras burradas y cagarse de risa, lo recomiendo totalmente, el unico problema es que el tank no tiene tiempo de vals como musica al aparecer",True,1,0,0.507692337036132812,0,True,False,False,1787372006
550,233302535,russian,"Надо подумать, если честно вторая часть прям шик... Первая конечно покруче будет благодаря минимализму, но вот вторая можно пройти и то и сё...",True,1,0,0.505928874015808105,0,True,False,False,1787266939
550,234353802,english,"I've never seen a game so horrendously ruined by it's own player base.
Don't get me wrong, this game can be fun if you get a proper group together that understands and plays the game with the intent that was put behind it, but the players that still actively partake in this game are so unforgivably tarnished by their own hubris it borders on villainous intent. Any one mistake on a player's part isn't something to be worked with in the interest of success, it's to be corrected by kicking them from the game and then talking ♥♥♥♥ on the rest of the players for not picking up the irreplaceable slack of even a NEW player.
Your experience with randoms on this game will make you wonder who could have possibly ♥♥♥♥♥♥ their wives to muster such avid racism and vitriol. 
Playing this game with friends will be your only option to really enjoy it how it should be played - otherwise, you are playing an unfavorable gamble that you may think is hiding a treasure but is actually just pain and misery telling you 'it's worth it bro, trust'.",False,2,0,0.505343496799468994,0,True,False,False,1788411574
550,235297312,english,I just got this game and I'm refunding this ♥♥♥♥ and going back to L4D: GOTY. THE FIRST THING I SEE WHEN I JOIN A SERVER IS CHINESE BOOBS. THE GRAPHICS SUCK. ITS NOT SCARY. THIS ♥♥♥♥♥♥♥ SUCKS! Don't get this unless you want to see chinese boobs.,False,1,0,0.504864513874053955,0,True,False,False,1789427625
550,233732970,english,"Now for game alone this is one the best shooters, especially the best zombie shooter, this game has kept me company for over 2 decades now but....

I think L4D2 is finally coming to it's end. Couldn't find a game for the first time yet. Even opened the server browser and there was nothing.",False,1,0,0.504864513874053955,1,True,False,False,1787739807
550,235116590,russian,"Пришел пострелять, а люди тут живут.

Left 4 Dead 2 - одна из тех игр, к которым можно возвращаться спустя годы, и она всё ещё нормально играется.

В первую очередь нравится сам геймплей: стрельба ощущается приятно, оружия достаточно, заражённые разнообразные, а особые заражённые заставляют постоянно следить за ситуацией. Благодаря Director'у прохождения не ощущаются полностью одинаковыми - игра умеет подкинуть проблем именно тогда, когда их совсем не ждёшь.

Кампаний много, и каждая по-своему запоминается. При этом кроме обычного прохождения есть Versus, Survival, Mutations и другие режимы, так что после нескольких кампаний игра не заканчивается.

Отдельный плюс - огромное количество пользовательских модификаций и карт. Даже спустя столько лет в игре всё ещё есть чем заняться.

Да, игра уже далеко не новая, но это тот случай, когда возраст практически не мешает. Геймплей до сих пор работает отлично, а кооператив с друзьями вообще остаётся одним из главных достоинств игры.

Хороший кооперативный шутер, который вполне заслуживает того, чтобы его периодически запускать снова.",True,2,0,0.503787875175476074,0,True,False,False,1789234335
550,233319387,russian,"Игра вышла в 2009 году и графически хорошо состарилась и имеет отличный онлайн. Веселый кооперативный геймплей в котором может произойти множество забавных ситуаций. Все строиться на взаимопомощи и защите друг друга! Комьюнити старых игроков очень токсичное!!! Кик и пулеметная очередь мата за любое случайное глупое действие гарантирован! А новые игроки совершают максимально глупые ошибки, а покупка LD1 бессмысленна ведь LD2 имеет все компании предыдущей части и там попросту мертвый онлайн! 

Режим выживание мой любимый, собираете лут, находите отличную позицию и отстреливаете зомбаков пока не продержитесь с тимой на голду либо на большее время. Сбор мега крутой режим где заправляете геник против особенных зараженных за которых играют рл игроки (Оч токсично!) К сражениям я всегда был равнодушным. Также интересно проходить карты с различными мутациями или же с режимом реализма. Новые компании очень сильно запоминаются и отличаются друг от друга атмосферой. У первой части был вайб серьезного фильма про зомби апокалипсис, а тут прям Добро пожаловать в Зомбиленд! Финальный деф на рок сцене в компании Мрачный карнавал, самый яркий момент в игре для меня!

Отличная игра которая еще долга будет жить! Шедевр валвов! Всем рекомендую ознакомиться <3!
",True,1,0,0.503225803375244141,0,True,False,False,1787289721
550,235537713,schinese,游戏本身的内容还是很可以的，主要是能加mod让这个游戏的能动性更足,True,0,0,0.5,0,True,False,False,1789742762
550,235535126,english,"This game is a timeless classic, still gets updated with new mods and maps, GET IT IF YOU HAVEN'T 10/10 GAME.",True,0,0,0.5,0,True,False,False,1789740353
550,235532884,russian,"very cool game about zombies and mods that i could download are funny
i really recommend the game",True,0,0,0.5,0,True,False,False,1789738058
550,235531457,english,"
Recommended
3,479.8 hrs on record (3,468.2 hrs at review time)
POSTED: AUGUST 24
You buy the game, install it, and play. No battle pass. No daily grind. No “earn 4,000 points to unlock the thing you actually wanted.” 😂
You grab a weapon, somebody startles a Witch, everything goes completely sideways, and five minutes later everybody’s laughing.
The people become part of the game. After enough hours, you remember the ridiculous moments more than you remember the campaigns. Somebody accidentally shoots the gas cans. A Tank sends your buddy flying off a roof. Someone yells “RUN!” while doing the exact opposite.
L4D2 was released in 2009 and is still bringing people together 17 years later. That’s a pretty remarkable accomplishment.
I’m sure a lot of people would agree: It’s 2026, so make L4D3!
I know I wouldn’t be the only person to buy it in a heartbeat.",False,0,0,0.5,0,True,False,False,1789736580
550,235531328,koreana,친구들이랑 할 겜 없을 때 하기 좋음. 가격도 나쁘지 않은데 할인하면 미친듯이 싸고 분량도 많음. 가장 중요한 점은... 창작마당있다...!,True,0,0,0.5,0,True,False,False,1789736416
550,235527932,brazilian,"Definition of good game & good mods. I genuinely like how customizable everything is, it's my game after all. It's fun!",True,0,0,0.5,0,True,False,False,1789732474
550,235515451,schinese,"好玩,玩不腻,这就是经典,玩这个游戏的人懂得都懂
麻烦给我点一下赞，拿点数换一些SB头像",True,0,0,0.5,0,True,False,False,1789712574
550,235511332,spanish,"hago esta reseña despues de 69 horas porque iba a hacerlo a las 67 pero se me pasaron 

esta bueno el juego lo recomiendo",True,0,0,0.5,0,True,False,False,1789705155
550,235507674,spanish,"Crecí con este juego. Recuerdo el dia en que mi hermana alquiló una consola xbox 360 con la amiga por allá en 2013 y lo jugaron, quedé fascinado con los gráficos y situaciones en las que se desenvolvían los personajes. Fue una sorpresa para mi cuando supe que se podía jugar en computador. Estoy feliz con él, lástima algunas personas que son groseras",True,0,0,0.5,0,True,False,False,1789699536
550,235506106,schinese,"when playing multiplayer, I frequently can’t join my friends’ rooms. It keeps trying to connect 10 times and then fails. Disabling the integrity check doesn’t help either, and I have no idea which subscribed mod is causing the conflict....

It’s such a great game, but this issue has been left unresolved for so long that it’s honestly incredibly frustrating. What was supposed to be a game I could have a great time playing with my friends has basically turned into a single-player game

can the developers please fix this issue already?? It’s seriously so disappointing and frustrating!! FFS
",False,0,0,0.5,0,True,False,False,1789697282
550,235506095,spanish,"me gusta por que puedo secuestrar un gnomo y me dio intoxicacion visual al ver a la spitter, bueno. al final me bese con el tank en la safe room.
",True,0,0,0.5,0,True,False,False,1789697270
550,235505473,english,Im so sick of Valve not making a Left4Dead 3. Stop making all this substitute garbage and give the fans what we want. Such a great game yet they give us shat games like back4blood. Bring these characters back with a new set and new infected same format. Tired of games being successful just for them to move to new projects like we're going to go with that ♥♥♥♥. Still have yet to see them release anything worth talking about.,True,0,0,0.5,0,True,False,False,1789696322
550,235505407,latam,"el left es mi vida, gracias por tanto amo su juego, sus personajes, la gente random que me empareja, es lo mejor que me paso en la vida, gracias por todo perdon por tan poco leftsito.
att: ibiñij :)
",True,0,0,0.5,0,True,False,False,1789696233
550,235494909,english,"jogasso para pc fraco e cooperativo com os amigo, recomendo pela resenha 
",True,0,0,0.5,0,True,False,False,1789681746
550,235491563,english,"The formula is simple, 4 survivors (including yourself) gotta make it from point A to point B while surviving against zombies and special infected, picking up arsenal among the way 
It can be fairly casual, repetitive but it's very fun to play even solo - it's got multiplayer and tons of mod support on top of it, one of the best zombie games.",True,0,0,0.5,0,True,False,False,1789678072
550,235478312,english,"still playing in 2026, a great multiplayer game, where even basic laptop works, any friend can just download and enjoy the game",True,0,0,0.5,0,True,False,False,1789665362
550,235448827,spanish,"que buen juego, lo malo es que no hay mods de bill vestido de mujer


ruggued ponme en tu video porfa",True,0,0,0.5,0,True,False,False,1789629396
550,235448280,english,"cant do versus, my bots on survivors just get far away. As infected i get maybe 1 or 2 to support but they all just try to melee instead of their main attack. I go against someone and survivors are glued together or infected work in perfect sync. Never seen so many hunter + spitter combos on a single level each level.",False,0,0,0.5,0,True,False,False,1789628275
550,235443060,spanish,"buen juego obra maestra que jugaría sin parrar que se puede jugar en cualquier pc o laptop buena jugabilidad, esta muy bueno las partidas en linea buen juego si quieres pasar tiempo con amigos.",True,0,0,0.5,0,True,False,False,1789619183
550,235442708,spanish,"esta buenisimo menos cuando jugas con jonas y la puta madre que mala experiencia . no la recomiendo , pero si es sin el , si totalmente recomendado!!",True,0,0,0.5,0,True,False,False,1789618657
550,235439465,english,"I have loved this game for YEARS; well over a decade, at this point. I've only recently picked it back up to play again, and it has aged incredibly well. Its simple, frenetic gameplay is perfect for a close group of friends to have an easygoing time, OR for people looking for a more intense and nuanced PvP experience. There are a ton of mods available, if desired, including locations such as Helm's Deep from Lord of the Rings, and even the Titanic. It may not be perfect, but there is a good reason why game companies have been trying to replicate the formula repeatedly over the years. As far as I'm concerned, there has yet to be a better pick-up-and-play multiplayer game than this.",True,0,0,0.5,0,True,False,False,1789613714
550,235438336,latam,"buen juego,todo es bueno,merecidas reseñas y muy buen precio para lo que ofrece",True,0,0,0.5,0,True,False,False,1789612044
550,235437371,english,"Its pretty fun, campaign gets old fast, scavenge is cool and niche, wouldnt play it regularly, versus though, thats where its at. Hundreds of hours of content right there",True,0,0,0.5,0,True,False,False,1789610599
